controller,unsafe_time,control_energy,position_error,motor_heat,max_abs_position,productivity,seed
PID,0.245,0.8237149172030538,0.8367370382165985,5.424895142717786,2.232571962969974,0.2126436018528728,0
GSCX,0.0,0.372891203071046,0.2741154079764915,2.52293320515385,1.1270290474897586,0.4019941971097249,0
PID,0.1466666666666666,0.7624081135907692,0.6714937788043239,4.990926950579655,1.8901501606886304,0.2379798786832758,1
GSCX,0.0197222222222222,0.4067371043575941,0.3041958109483295,2.7553382782034324,1.6121792404030688,0.3710300869512935,1
PID,0.2988888888888888,0.8564262019080252,0.9519864645210682,5.650249770211848,2.5169797423336124,0.1995573506901729,2
GSCX,0.2213888888888888,0.7904853569019413,0.7985236593888579,5.192892660120142,2.379480926036015,0.2193687963994583,2
PID,0.2572222222222222,0.8451848845918309,0.8808707750359206,5.565404822848357,2.466862472367896,0.20616735382456,3
GSCX,0.2319444444444444,0.8129309974945362,0.8352230312107446,5.364132877619498,2.240463383017196,0.2144629139262303,3
PID,0.7594444444444445,0.946536380374162,2.263831786598613,6.2754611695161575,4.985504686020233,0.1338639207868383,4
GSCX,0.1572222222222222,0.7611428104909266,0.7320919844100457,5.011994024907287,2.427952035608792,0.2298538912500613,4
PID,0.2652777777777778,0.8524129799706462,0.8824367318069735,5.619851006316405,2.2175641635227814,0.206075111787747,5
GSCX,0.0213888888888888,0.455497978088154,0.353116851410423,3.07033814330506,1.4900042946641718,0.3486494598132329,5
PID,0.5797222222222222,0.9189258369168882,1.480266654754053,6.07437773715365,3.580938357518839,0.1618836265950964,6
GSCX,0.015,0.3990155034169533,0.2951774521968259,2.6916432698404757,1.372833759330307,0.3807975422136893,6
PID,0.6622222222222223,0.93081343778886,1.7153923265039628,6.15671287728195,3.835794777482503,0.1519026249904048,7
GSCX,0.2186111111111111,0.7889657430860683,0.7927630487485966,5.220984341071303,2.345395173386462,0.2195641787955719,7
PID,0.335,0.8789041960026118,0.9842025649334708,5.809454409765798,2.6457754348681783,0.1936508919399683,8
GSCX,0.0,0.4118734296349847,0.3024479523217034,2.7768899361472066,0.9828686003961212,0.3834515353780141,8
PID,0.2,0.7486322217554428,0.6909682738370645,5.080953354479562,2.560619945365993,0.228177259864132,9
GSCX,0.0138888888888888,0.6052694365643665,0.4888595438380113,4.124199947761015,1.288523811287,0.2922183589970951,9
PID,0.6833333333333333,0.93307877952529,1.8202196941566613,6.167162008429066,4.695129939430704,0.1464690112723676,10
GSCX,0.1486111111111111,0.7448201363462021,0.7032541147787313,4.893381535445183,2.2809000606194503,0.2356405789699305,10
PID,0.4530555555555555,0.8925416621171991,1.2178715605570691,5.8960273665280125,3.5427857386255144,0.1759602449289674,11
GSCX,0.0369444444444444,0.4989045109757903,0.3950842127649538,3.3623045509038154,1.692757799906131,0.3250994700022015,11
PID,0.0061111111111111,0.5528591428189059,0.3343866303003799,3.679898152557848,1.2903416433727648,0.3262080397008619,12
GSCX,0.0041666666666666,0.3951284349826912,0.2909955104354187,2.681984405159588,1.236641628299716,0.3862254901899171,12
PID,0.2225,0.8445825086745622,0.8182410429270865,5.581914342215788,1.973228137914155,0.2130794711356144,13
GSCX,0.1638888888888889,0.702161436023087,0.6868700049362557,4.574329974403671,2.2854804111018536,0.2432680623180209,13
PID,0.2572222222222222,0.8457720860028043,0.858744637770247,5.588867091558263,2.0475912803943777,0.2090190377850129,14
GSCX,0.0413888888888888,0.5935843499347736,0.4695487794228996,4.040918865555927,1.5915521204390612,0.291518556681632,14
PID,0.2930555555555555,0.8693216437734237,0.93274474789932,5.736118673838961,2.356064011257987,0.199974453857946,15
GSCX,0.0,0.3635248002883339,0.259082684478187,2.434891532321341,0.9440946188336722,0.4142363929028216,15
PID,0.6738888888888889,0.931303486484068,1.7142852604906582,6.165290397133144,3.749349244025334,0.1518265617653767,16
GSCX,0.0036111111111111,0.3668266213924391,0.267170871502418,2.4704826524128345,1.233941119865188,0.4039893280175533,16
PID,0.2427777777777778,0.833854330652962,0.8494392817281788,5.483625394136495,2.554273222887057,0.2092848332605654,17
GSCX,0.0558333333333333,0.5662608588416104,0.4726667548972229,3.855610126930884,1.835333529833912,0.2940927600467677,17
PID,0.5338888888888889,0.9088182867042433,1.3881974972661872,5.990224096916314,3.9798611363731946,0.1654523529696833,18
GSCX,0.0122222222222222,0.4228222162767032,0.3160564851043558,2.8646017824011345,1.4027205740084707,0.3674995934124215,18
PID,0.2227777777777777,0.8347587499271751,0.8316117048268972,5.503663336921509,2.4537292265552346,0.2112413448091254,19
GSCX,0.0075,0.3470680165882732,0.2520761684465032,2.3358587387858227,1.276529998020676,0.414645520082362,19
PID,0.4883333333333333,0.8861250789610026,1.3152704289925865,5.833100791212333,3.987081202109591,0.1708256414893494,20
GSCX,0.0,0.3191099990844456,0.2247809029170998,2.1421727906173147,1.1152987850317972,0.4396658001612449,20
PID,0.2877777777777778,0.8412988178712034,0.9593565873587976,5.536979520948823,2.782814046594448,0.2002589344081635,21
GSCX,0.0,0.5215716483838139,0.3813984390902941,3.538220307004446,1.1689391300952952,0.3297179400892246,21
PID,0.4994444444444444,0.8969574397835933,1.3567812303836653,5.925305297543432,4.005917237919266,0.1680643579768143,22
GSCX,0.0,0.3168979474405384,0.2238119454564451,2.118197110403498,0.8802493481709109,0.4472679722563755,22
PID,0.2913888888888888,0.8557417337261346,0.9162391667180426,5.642517681367792,2.2639752632030543,0.2028029816851288,23
GSCX,0.0,0.3405627016352923,0.2357614094536888,2.287927857202273,0.88371684978196,0.4311438412548488,23
PID,0.7211111111111111,0.9390561076797,2.0087947447406704,6.205149741897551,4.8140198405088,0.1407886484930726,24
GSCX,0.0533333333333333,0.709069314809956,0.58926343664379,4.665094326591808,1.4818821280468375,0.2610139280504928,24
PID,0.2802777777777778,0.8634793910080195,0.8964345017137086,5.694481701521719,2.2670539624943147,0.2032505235649576,25
GSCX,0.0,0.3671638440315843,0.2517423407958543,2.467693422803792,0.8390771305775897,0.4155373990555447,25
PID,0.3122222222222222,0.8449191705722672,0.9026347594612788,5.589770415454788,2.1479140960209264,0.2041023169100722,26
GSCX,0.0,0.3128729853623196,0.2236844450238346,2.1029270316308497,1.1282916491752435,0.4428177893286908,26
PID,0.6691666666666667,0.93163196867206,1.798605610203521,6.156630190883527,4.492359792342117,0.1479121249744833,27
GSCX,0.0,0.327614190328223,0.2325858801816405,2.204625321573732,1.12040790757425,0.4330244043555932,27
PID,0.5819444444444445,0.9180674701124204,1.540284565855167,6.074901452825338,4.128033354363002,0.1584543139289077,28
GSCX,0.1894444444444444,0.7202228516437337,0.7199425014902769,4.717135823465507,2.3055258246997643,0.2362311428435413,28
PID,0.2547222222222222,0.8323068899790917,0.8307084000770197,5.494378456137854,2.0634620701266915,0.2121481337449263,29
GSCX,0.0113888888888888,0.4174037798625672,0.3085046965475121,2.807875153724969,1.411825654170816,0.3716434365681723,29
PID,0.2586111111111111,0.8461270316447475,0.8907233848856538,5.585140610964837,2.553144244893511,0.2049037347911042,30
GSCX,0.0,0.3498645096765963,0.250488735476452,2.354846068897249,1.1276707035370477,0.4179740115415555,30
PID,0.6144444444444445,0.922908386687752,1.554514204640165,6.111655244402011,3.75836005679448,0.1579828400659334,31
GSCX,0.0,0.4632571429228957,0.3274586833224527,3.12106544429716,1.034900186111465,0.3590366222464319,31
PID,0.2713888888888889,0.8066226270779505,0.8785190224322091,5.327080100036175,2.338674829681364,0.2107100101003143,32
GSCX,0.0,0.396822510405546,0.2771673167811775,2.670138588952561,0.9954901915357788,0.3940946481903578,32
PID,0.6480555555555556,0.9260319303995888,1.6974436879022596,6.124437641078658,3.9154921721808007,0.1527797461418688,33
GSCX,0.2408333333333333,0.7975224841619615,0.8359362563057369,5.253084530922744,2.1707125965425664,0.2165292622594435,33
PID,0.0,0.5196360395752595,0.2991008777659941,3.4269276901382786,0.921753156163667,0.3480824871026839,34
GSCX,0.0,0.3697204609723299,0.2580805213884249,2.4869671281361985,1.1270044167574145,0.4071757716851689,34
PID,0.6488888888888888,0.9274606049988684,1.7009059124602828,6.139613961089548,4.032038307822703,0.1522081101122386,35
GSCX,0.2686111111111111,0.8140068198894773,0.8869589716523066,5.357930880543326,2.274999116450395,0.2101350332516737,35
PID,0.295,0.867233395480096,0.9790847174432152,5.746662071146499,2.823411530411402,0.1956032563819367,36
GSCX,0.2783333333333333,0.8056139562849194,0.8695216104944544,5.304528542507295,2.087706277264004,0.2125650098675414,36
PID,0.1730555555555555,0.7657443393782362,0.7030266959826185,5.020398612360449,2.2888072234238503,0.2313333502233204,37
GSCX,0.0,0.3769120113389719,0.2767498686161882,2.5444484103263534,1.191989922780831,0.3987827563236056,37
PID,0.28,0.8471391232883103,0.9030800719003536,5.579764290590695,2.5503012116208144,0.2035186613393659,38
GSCX,0.2458333333333333,0.8098832667003273,0.8517983364394344,5.3484740545187295,2.204095858851677,0.2135056684782689,38
PID,0.6522222222222223,0.92750748639452,1.7067351591422963,6.126625227655315,3.781904096241096,0.1527847327484027,39
GSCX,0.0,0.2962410036171539,0.2148042129661629,1.9861236157593083,0.9063119891002565,0.460088731127582,39
PID,0.3019444444444444,0.8578293048420046,0.9319904066958066,5.651735430625782,2.4662100726061875,0.200512924556158,40
GSCX,0.2513888888888889,0.8143333590012058,0.867344613063025,5.368940662372899,2.4729914701074587,0.2106235936019488,40
PID,0.4813888888888888,0.8993630512407117,1.2139513503974655,5.932728538881885,3.4710220515827617,0.174995692151691,41
GSCX,0.0,0.3205768598951798,0.2303424541782616,2.1643884471527604,1.144733137281447,0.4361973637289942,41
PID,0.3361111111111111,0.8537616235159243,0.9980591683317211,5.6272310302215205,3.1575811799136906,0.1935505275523782,42
GSCX,0.2172222222222222,0.7921547247783616,0.7971534641190634,5.226133273015266,2.6581020423045607,0.2174537254071206,42
PID,0.4658333333333333,0.8958229513604121,1.234831986658393,5.909954162379077,3.598924769371494,0.1745924730955555,43
GSCX,0.0,0.3689086491795297,0.2659366990450227,2.4917425871750782,1.1212478289654424,0.4056467806872544,43
PID,0.5336111111111111,0.906577539970332,1.3870475997537688,5.985623854919789,3.936030205322847,0.1657106450107545,44
GSCX,0.0022222222222222,0.3503571009099621,0.2505737108848689,2.3525209775718467,1.2107406142580426,0.4159413316274385,44
PID,0.2766666666666666,0.8413544708416786,0.8993138109862286,5.548922224948976,2.5395882886207493,0.2044406661775308,45
GSCX,0.1463888888888889,0.6916676683459811,0.6803777559057984,4.500198192842679,2.4266352989991704,0.2455602416995192,45
PID,0.2727777777777778,0.8375489473071694,0.8962828383515115,5.514546224041236,2.767442710048024,0.2041745433260062,46
GSCX,0.0133333333333333,0.4064212995708647,0.3081616628702274,2.7532542835364247,1.5208541569688103,0.3729475421223067,46
PID,0.4530555555555555,0.8901602324110468,1.197347801555289,5.858620197136547,2.9826395754444683,0.1792389637663309,47
GSCX,0.0194444444444444,0.4522220143127533,0.3444571370850015,3.046494857657609,1.5840505920575358,0.3498697555545611,47
PID,0.5361111111111111,0.9092815805908931,1.3388594782344378,6.008146785289152,3.022256754633617,0.1699652550646524,48
GSCX,0.0,0.373082741409482,0.2701319159459934,2.4949102226713,1.0221293907943725,0.4063543340395279,48
PID,0.2525,0.8578416761160828,0.8800979166437124,5.671300873668608,2.399179191087574,0.2049393132452736,49
GSCX,0.0136111111111111,0.4256343316685936,0.3172939604449666,2.884456375754135,1.477786092942634,0.3648218383343463,49
PID,0.68,0.932508381417888,1.7013954843230128,6.154675829268233,3.948821663509594,0.151534461958982,50
GSCX,0.0,0.4508403407255363,0.3191657235094132,3.040739811486254,1.0695926647775305,0.3640904170910185,50
PID,0.3033333333333333,0.8529160834457818,0.918163603581672,5.634833622086264,2.491771313807851,0.2012748807216977,51
GSCX,0.0202777777777777,0.4316406365855672,0.3325149523635725,2.93017876790301,1.4802687419954026,0.359262850589454,51
PID,0.3527777777777778,0.875156697945421,1.037318815992143,5.769944352369075,2.5595733524025377,0.1917810940607797,52
GSCX,0.0075,0.3639587841460006,0.261648702402966,2.4402218014132337,1.319651018191559,0.4046075447758424,52
PID,0.4825,0.8974672289437032,1.244017751025543,5.928017604667416,3.449144097078401,0.1741103716212831,53
GSCX,0.0394444444444444,0.4670248564648402,0.3682092388791881,3.180920143223142,1.7089313651940972,0.3363572289322043,53
PID,0.28,0.838036619033427,0.8891343111375952,5.520749334852792,2.3628031400794103,0.2061446413558967,54
GSCX,0.0,0.3325417353836385,0.2353015759453771,2.2315110512942637,1.0468310439023227,0.4319422862390106,54
PID,0.255,0.8251790911272956,0.8574727150020698,5.42049578369661,2.498813280528867,0.2097939496035555,55
GSCX,0.0122222222222222,0.3965695503526146,0.30325937470347,2.6739685220583103,1.4681089705250585,0.3793157755357617,55
PID,0.6386111111111111,0.9275006268754185,1.6246419376087275,6.127532694601564,4.031877100359582,0.1545223861296763,56
GSCX,0.2572222222222222,0.7836504697346371,0.8402480852877805,5.17555096596317,3.361934696385646,0.2105700776123719,56
PID,0.7016666666666667,0.9353512269588332,1.773562862470147,6.185441596706581,3.899862812668042,0.1491116976911696,57
GSCX,0.1147222222222222,0.5418368556851149,0.5202162645099914,3.665187208080467,2.741243357674555,0.2822824231224615,57
PID,0.6927777777777778,0.9343965266215823,1.8435897045111305,6.174847532004575,4.839511127330999,0.1452824705465299,58
GSCX,0.0,0.3390348383062574,0.2347648468812129,2.2701350017425974,0.9129861058623624,0.4319817531788379,58
PID,0.2352777777777777,0.843152903130045,0.8466081991955968,5.552068283717967,2.1083036670560853,0.2108732158742171,59
GSCX,0.0,0.3022486184195724,0.2140241291434768,2.0336006195061267,0.9212800081738306,0.455839990773612,59
PID,0.6963888888888888,0.9357487100363924,1.879795153320606,6.18178086798205,4.119598901739392,0.1461299175685237,60
GSCX,0.0,0.2947643411465394,0.2094784413137989,1.9739742538731584,1.036430470690517,0.4590666592822132,60
PID,0.3044444444444444,0.8331032775592019,0.9262148012562704,5.489647329188683,2.686142795266809,0.2023516949193589,61
GSCX,0.1161111111111111,0.6528379261148419,0.6006214056073883,4.264382148245192,1.958685127238824,0.2632862335292449,61
PID,0.6902777777777778,0.9347504504648734,1.797565832792308,6.174331269394081,4.024067455245346,0.1485411343944447,62
GSCX,0.1819444444444444,0.8094006845335279,0.7922939296619351,5.358236926528909,1.9726771836601784,0.220760188256599,62
PID,0.645,0.925867180147331,1.6904147344157685,6.131421052239363,3.944743874225672,0.1528943729173452,63
GSCX,0.0,0.3660050311688245,0.2585413935285433,2.462254667302609,1.1257770323771976,0.4088340578092939,63
PID,0.2780555555555555,0.8676823957291405,0.9025012239529822,5.72862274050984,2.049904479509378,0.2035718523120652,64
GSCX,0.0,0.3255756707730157,0.2282097855001382,2.180751366899618,0.9549604713681682,0.4394835442592334,64
PID,0.2869444444444444,0.8525521073964094,0.898972532551146,5.625172258312981,2.2368817324760024,0.204219219021675,65
GSCX,0.0,0.3706262610497521,0.258868792662517,2.513794523342782,1.195709705933414,0.4040647724467566,65
PID,0.5791666666666667,0.9164276719344344,1.425237688931538,6.063627693744269,3.511287212238003,0.1638553261414895,66
GSCX,0.0,0.3546092862635849,0.2501147004439603,2.3913315679676703,1.1188479044826778,0.415640010446372,66
PID,0.5036111111111111,0.9049892494825784,1.334065616830137,5.975039095244137,3.514998552387348,0.1697391731075935,67
GSCX,0.0133333333333333,0.4100457073240124,0.307593178609021,2.7655417211976494,1.3976089008450494,0.3742712374858256,67
PID,0.2138888888888888,0.7962345994807304,0.7862451739315487,5.238980589745358,2.4835046312021305,0.2188793071576638,68
GSCX,0.0780555555555555,0.5900913793523589,0.493904708437391,4.017713774057056,1.9203891924702488,0.2838056215878106,68
PID,0.6597222222222222,0.9295168636322833,1.6569029276410097,6.138891322520722,3.854162227950468,0.153569505198705,69
GSCX,0.2522222222222222,0.8138037139758757,0.8613654254113798,5.377664339989772,2.8746207484010555,0.2086344245260757,69
PID,0.2811111111111111,0.8327502374618379,0.8810579847738542,5.47595420267842,2.536762330247907,0.20635541871762,70
GSCX,0.0,0.3382559072001707,0.2389032950062779,2.278816164403429,1.0655252975025582,0.4272668955788871,70
PID,0.2497222222222222,0.8177953675940309,0.8520169249392394,5.38404074683463,2.7475911151274657,0.2096843140671501,71
GSCX,0.2627777777777778,0.8199021348625042,0.8576588935327495,5.421705816763283,2.1524346133173435,0.2113696713972215,71
PID,0.2922222222222222,0.8498409625649441,0.9217304298156552,5.615010138219747,2.502423275175069,0.2018530729944244,72
GSCX,0.0083333333333333,0.3484344755345406,0.2541096292732718,2.332134566829458,1.2532686162830429,0.4147159857693026,72
PID,0.2063888888888889,0.8429796260399846,0.7994241221639838,5.560384323351562,2.167372615343204,0.2140724607132582,73
GSCX,0.0,0.3162585711971343,0.221996777878912,2.136362063288912,0.8577505921944024,0.4469933783088312,73
PID,0.7236111111111111,0.9400184979174482,2.000897379463508,6.220206349964594,4.148706932233647,0.1423989517118642,74
GSCX,0.0088888888888888,0.5706493132698228,0.4304897339106286,3.893099485513573,1.2669089695474989,0.3073297830464306,74
PID,0.6291666666666667,0.9251561098242964,1.7082855695503532,6.100489878031873,4.556730290176768,0.1513642428620252,75
GSCX,0.1480555555555555,0.6950217142162431,0.650570791871468,4.550030930361376,1.9876554267035127,0.2495338287089707,75
PID,0.2652777777777778,0.8177869437200992,0.8445020873319227,5.379241611854147,2.5271595547367065,0.2106048865209718,76
GSCX,0.0063888888888888,0.4429803924147187,0.3183322817070538,2.977347310098548,1.2957195213449806,0.3631802783497888,76
PID,0.6505555555555556,0.9297692401673464,1.7160685382356982,6.1544700180571486,3.792871917058,0.1523035243545303,77
GSCX,0.0,0.3369930428380489,0.2390832910618323,2.256468420224283,0.8513068890523877,0.4335461984221251,77
PID,0.1733333333333333,0.768130129699832,0.7091328656472793,5.029618419553652,2.450614015156633,0.2297013928541222,78
GSCX,0.0,0.4122244730267824,0.2896017042321275,2.7769569153976668,1.020949750086784,0.3848356618962938,78
PID,0.6927777777777778,0.9346421591386124,1.8399002746192177,6.182865570742694,4.255503114475215,0.1468014810734864,79
GSCX,0.2786111111111111,0.8258973154054555,0.8812881471809806,5.449987546048681,2.1174555979564453,0.2091493566586927,79
PID,0.4261111111111111,0.8908858976060995,1.1463343637242704,5.894583436327755,3.003432490654586,0.1814390182533634,80
GSCX,0.0,0.3177107397434084,0.2224499055747486,2.128989510134033,0.893523299679951,0.4464218245747696,80
PID,0.3583333333333333,0.8667622975129516,1.099114615778417,5.75468805962301,3.5287679875754505,0.18535696908308,81
GSCX,0.0925,0.6704945709142927,0.6159613359174636,4.487697502871918,2.376143891921047,0.2546076719927707,81
PID,0.7336111111111111,0.9436065553153732,2.192046808423901,6.231892832079484,5.30306224034169,0.1353726682447733,82
GSCX,0.0,0.3629935710710536,0.2535053270761031,2.4400685331840446,0.956990917793032,0.4147543271762919,82
PID,0.2525,0.8424592123742012,0.8441849085557837,5.5638128280478645,2.1489325357729894,0.209845249157514,83
GSCX,0.1472222222222222,0.6780409186738167,0.6394243878874711,4.41641942877223,1.782932162669534,0.2554013476172194,83
PID,0.4319444444444444,0.8952807866410302,1.2096431795351406,5.945086780466789,3.573341161722642,0.1762111553967548,84
GSCX,0.0133333333333333,0.4549473311080879,0.3353903544775963,3.0634758598726304,1.502601352324398,0.3521724789744427,84
PID,0.2875,0.8595224829682651,0.9168412929830012,5.680304432929613,2.475541053973122,0.2012889733605027,85
GSCX,0.0688888888888888,0.5496776489033718,0.4585665930974148,3.735732445894509,1.900341521730726,0.2979547413457682,85
PID,0.2152777777777778,0.8170410037618753,0.8317820148773416,5.380703892992289,2.953725336204364,0.2111664904011484,86
GSCX,0.0255555555555555,0.5205669510551142,0.3877434752683502,3.540531161139762,1.656232691160729,0.320075554662906,86
PID,0.3691666666666666,0.8739088928800415,1.1133541566501777,5.782860645980713,4.119465982790418,0.1816381161990998,87
GSCX,0.0047222222222222,0.3984021914014197,0.297435445711266,2.7028685733503486,1.2534550866290903,0.3834942819003639,87
PID,0.4138888888888888,0.8885122467412622,1.1288990486789174,5.90737272156377,2.7842176395048948,0.1832443249974226,88
GSCX,0.005,0.4804008314023907,0.3354675791148965,3.2555231424088658,1.2540812902536431,0.3472080486795925,88
PID,0.3030555555555556,0.8588787138081116,0.905698379617746,5.661561850078303,2.0640014783043217,0.2034568946208939,89
GSCX,0.1663888888888889,0.7802889875121384,0.7548606934593192,5.129385510805457,2.238681630399636,0.2266652427599154,89
PID,0.2733333333333333,0.8594834763656377,0.9032077251038464,5.681280730878453,2.631040894657624,0.2017022638971115,90
GSCX,0.0,0.4007926967290591,0.2758292725395149,2.687159603550266,1.0494750574037677,0.3921242962144912,90
PID,0.2655555555555555,0.8615898664137592,0.8841834669568276,5.686428002947264,2.2907479336916894,0.2044566494525427,91
GSCX,0.1333333333333333,0.6087129663169611,0.5793689840846962,4.150544965942356,2.580895684504718,0.2626769007810383,91
PID,0.2686111111111111,0.8583073642436714,0.8924996480747162,5.660450330934198,2.148892806438332,0.2051019608912303,92
GSCX,0.0025,0.3672996351806443,0.2635910648409971,2.461766801149126,1.2150285409146115,0.4056537072782445,92
PID,0.1430555555555555,0.6183364414809416,0.5638531978315687,4.043705022816917,2.916401109598868,0.2626871066985958,93
GSCX,0.0,0.4146834200818817,0.2967165473444439,2.8088282645174183,1.1051910750552154,0.3804149361356226,93
PID,0.1808333333333333,0.7733575908067468,0.7413300836733194,5.082086009618838,2.865138892602351,0.2238712021906307,94
GSCX,0.0080555555555555,0.5563417657322103,0.4214369826083672,3.793925900777008,1.354652495181251,0.311291566557122,94
PID,0.2597222222222222,0.8246354065226367,0.883216194361301,5.426433419396815,2.429272230867126,0.2086327938294464,95
GSCX,0.0077777777777777,0.3473816518184788,0.2544715335555162,2.326283467322908,1.2549405815769568,0.4151426966196035,95
PID,0.2305555555555555,0.7843807764008502,0.7831451269339696,5.14920558053084,2.2908248912461784,0.2211358317739414,96
GSCX,0.0,0.4049777078654906,0.2929011057245029,2.748013488788972,1.1069080848585415,0.3847537663246932,96
PID,0.435,0.8843117564845842,1.1457689591329143,5.847705223090194,3.730757254321187,0.1789653490713797,97
GSCX,0.0238888888888888,0.4739451894634127,0.3569010686913925,3.1913071560992248,1.6541229798231245,0.3395346321174507,97
PID,0.2566666666666666,0.8560250663989556,0.8766488278270199,5.644904440155659,2.2056536866082856,0.2063307790559174,98
GSCX,0.0,0.3468225842032716,0.2414911184786429,2.345673304529918,1.0600361299305412,0.4219586638166977,98
PID,0.2972222222222222,0.8570705828242071,0.9131831746275628,5.644117828185484,2.238871590680648,0.2027775944695967,99
GSCX,0.0,0.4495561612055866,0.3169080453458531,3.0317098250985417,1.089795833744146,0.3645945098869389,99
PID,0.2536111111111111,0.8570180410045424,0.8674198026861711,5.658470992578313,2.215280811876408,0.2066231156412955,100
GSCX,0.0166666666666666,0.398287805148139,0.2899095193365266,2.6819680901868126,1.445227042943499,0.380674999109179,100
PID,0.1441666666666666,0.7570012835303663,0.6598227594080337,4.956461369719139,1.8985024999046547,0.2396240360795967,101
GSCX,0.0077777777777777,0.499146352417281,0.3823328616755811,3.325022720118272,1.2408635666827623,0.3371974629175956,101
PID,0.2961111111111111,0.8569276950056951,0.9205917001611992,5.664071078328039,2.368500359668793,0.2015712736934705,102
GSCX,0.1986111111111111,0.8147370761697792,0.8295165013735721,5.376959574568504,2.2915633835353635,0.2157667493971604,102
PID,0.4386111111111111,0.8951685231601108,1.11545242612788,5.921134906833457,2.742610935860618,0.1828171898432633,103
GSCX,0.0013888888888888,0.3871298502142292,0.2815725384548641,2.611953106597749,1.2057280848118537,0.393051158748788,103
PID,0.015,0.647739257028226,0.4405920273990695,4.3795440310555005,1.2793125675648382,0.2875635812427023,104
GSCX,0.0027777777777777,0.4367378690930734,0.3275919881204009,2.964487993960718,1.2183763372837066,0.3645062791903116,104
PID,0.5241666666666667,0.9092573603429234,1.397855183673704,6.0203262635537005,4.378847744790296,0.1638391013506496,105
GSCX,0.0,0.312500354398072,0.2264592290860501,2.109083744139073,0.9450615137047812,0.4461662488655146,105
PID,0.2913888888888888,0.8525017079486401,0.886987343385466,5.618971810314259,2.1781041861842545,0.2049720743823784,106
GSCX,0.0,0.3408171131654245,0.2378250024053536,2.30368523568653,0.991375641202282,0.4273084063156445,106
PID,0.5513888888888889,0.91425949055816,1.3693874477423598,6.038630190182378,3.532813064375626,0.1664838123222317,107
GSCX,0.0,0.4763539071933054,0.341727094248955,3.2162872670243257,1.1611162240996853,0.3502266865723937,107
PID,0.2511111111111111,0.8429804476434267,0.8496124971067512,5.566881400296672,2.3124201579459758,0.2087279610076332,108
GSCX,0.0,0.304448466589549,0.2160122430076387,2.037830906229164,1.1497217067160417,0.4492720827820369,108
PID,0.3705555555555556,0.885258234305729,1.044997042036374,5.84679918085662,2.461253870701917,0.1901086946170099,109
GSCX,0.155,0.6642936827142804,0.6496188660725531,4.528191441275498,2.5848371567431,0.2460896130904871,109
PID,0.2677777777777778,0.8391556295744642,0.8533764582735596,5.543865240393589,2.166869727171394,0.2090087312631729,110
GSCX,0.0102777777777777,0.439749594397861,0.3307107933292727,2.9477434006711367,1.3586579123129303,0.3614419369159007,110
PID,0.2233333333333333,0.8225652402011134,0.8179407924005604,5.452198447196821,2.798046776382652,0.2110925935475568,111
GSCX,0.0,0.3749110415274136,0.2672739736571647,2.517082645868828,1.153161443845424,0.4028895822570522,111
PID,0.2527777777777777,0.8489697593601543,0.8416509299018369,5.6017214705694585,2.203219017708184,0.2089593848268059,112
GSCX,0.1716666666666666,0.706911834127162,0.6827408619068814,4.618868538801904,2.051898892961782,0.243687055574993,112
PID,0.7313888888888889,0.9410831961645708,1.9796519966714108,6.220686599202796,4.210361476183209,0.1425521380914144,113
GSCX,0.0080555555555555,0.3808859439262011,0.2804358650031706,2.566745686444648,1.3301192468761596,0.3927870191689531,113
PID,0.2761111111111111,0.8582572282892226,0.8544674858832114,5.677981982093614,1.9147036082389464,0.2074990477464899,114
GSCX,0.0252777777777777,0.5415133247028436,0.4220883756004314,3.685894763265651,1.519513857913882,0.3119481620297974,114
PID,0.2572222222222222,0.8559174016649397,0.8692842056646115,5.650046288671041,2.1385494633113176,0.2069219610630484,115
GSCX,0.0788888888888888,0.6106755297354385,0.522240211644166,4.127863370333138,1.6385463313825988,0.2801485465679149,115
PID,0.3097222222222222,0.8623385842507566,0.9370786779206424,5.686728610962804,2.4327238861461784,0.1995672180909104,116
GSCX,0.2841666666666667,0.8398569668567608,0.9119031783767068,5.536376542436781,2.314584595974428,0.2048895775151027,116
PID,0.2827777777777778,0.8636973303060965,0.9112385178626776,5.70373838873206,2.2860181482682536,0.2022475953281946,117
GSCX,0.1483333333333333,0.7162124073679031,0.6836023913393273,4.691274811225615,2.2951833939258366,0.2415482427868407,117
PID,0.3741666666666666,0.8596263191419818,1.0806530678547317,5.690808125716372,3.167522048240606,0.1879133256464743,118
GSCX,0.0,0.3168708298636606,0.2268779997227247,2.121575713601982,0.8632982357217435,0.4467666458963625,118
PID,0.3352777777777778,0.8787205749134633,1.0315560698402468,5.801100376441443,3.0948919629387066,0.1898547009095189,119
GSCX,0.1138888888888888,0.721269818049383,0.6679663550006509,4.850988913074941,2.7118971443000506,0.238293982402456,119
PID,0.4755555555555555,0.9034919746916986,1.2132196571577107,5.9774889997363285,3.0974747662739577,0.1760412539921801,120
GSCX,0.0113888888888888,0.4015659058165038,0.2950708319459123,2.7270562204448225,1.3260010913842837,0.3801903679659808,120
PID,0.2683333333333333,0.8590922525835448,0.8935478957053329,5.68629413975981,2.592500479199649,0.2024647844729545,121
GSCX,0.1552777777777777,0.7095194689203511,0.6631714822328612,4.8364225263608445,2.1966821703696904,0.2403615086747959,121
PID,0.2961111111111111,0.8496084213115459,0.9185603290341956,5.608094974292037,2.443138678585381,0.2022301477558607,122
GSCX,0.0133333333333333,0.4515827166676632,0.3355345735252348,3.072858574258828,1.372257455930068,0.3538814625295985,122
PID,0.6927777777777778,0.934802680982702,1.807571948360136,6.174940393787744,3.8969172698900594,0.1485745607113527,123
GSCX,0.0027777777777777,0.3644473240793957,0.2683751653043041,2.45083783080952,1.2228592301151529,0.4054281799753144,123
PID,0.4597222222222222,0.874327842579999,1.2489869080621,5.760600628428664,3.718860779638742,0.1757614776101954,124
GSCX,0.2019444444444444,0.7662769382669219,0.801710167420581,5.041457171611981,2.4633262124927544,0.2227787033041529,124
PID,0.2691666666666666,0.8605210087471221,0.8766700380685707,5.674247877988716,2.116291811711706,0.2057325339096934,125
GSCX,0.0025,0.4064548265725293,0.2888079617389428,2.758846684134199,1.2156283664348404,0.3824727760531621,125
PID,0.4644444444444444,0.8921421141196364,1.167806818455777,5.876062272638639,3.159089081435515,0.1790122980997897,126
GSCX,0.0025,0.3309424878473571,0.2373679407858751,2.2384460889019797,1.217015030167291,0.4269805984460217,126
PID,0.335,0.8584144521924513,0.9964652400165568,5.673368597612533,3.490309146039144,0.191500650593178,127
GSCX,0.0,0.3726202386229876,0.2691442542709065,2.501911706762803,1.1324638162707077,0.4039910204395893,127
PID,0.6119444444444444,0.9190661152484866,1.842396841207241,6.058797119857086,5.517977316268471,0.1463079840469122,128
GSCX,0.0,0.4021549775006106,0.2849578013879554,2.711718278887912,1.0473541743766108,0.3892251244818379,128
PID,0.5088888888888888,0.9030982989591488,1.4033841117550017,5.968215285679853,4.373197852142191,0.1646723544022285,129
GSCX,0.0758333333333333,0.6190821218860182,0.5470972014930179,4.190954681794781,2.74184234944606,0.2665186649156605,129
PID,0.6866666666666666,0.9345834659775922,1.841959189937988,6.17925740472509,4.661029903776014,0.1458693870560028,130
GSCX,0.0119444444444444,0.4399175966767266,0.3221682637093717,2.985301827625099,1.3547660980567722,0.3607868006773393,130
PID,0.3961111111111111,0.8837830242221381,1.0936302169263874,5.826466740423976,2.9450267296297947,0.1855468890077984,131
GSCX,0.0088888888888888,0.4413260522887172,0.3149098724114743,2.9698164215292944,1.3925233391815706,0.3622630546538993,131
PID,0.2811111111111111,0.8555223817134532,0.9149047299539798,5.650660281642918,2.970904838967917,0.1997311193672991,132
GSCX,0.0125,0.4564282860600586,0.3398417053433856,3.0603691466522185,1.4924987850099796,0.3518713641449575,132
PID,0.3066666666666666,0.8593386626125133,0.926637819164562,5.686030855349058,2.4575598099910336,0.2000924970589779,133
GSCX,0.0,0.4063128016451071,0.2947952184366601,2.744620882132241,1.1077499016466013,0.3845173625672213,133
PID,0.3291666666666666,0.8407188714929343,0.9610558182064156,5.543057327576854,2.861321287620194,0.198095110365279,134
GSCX,0.0063888888888888,0.3920320805975768,0.2901211750102415,2.628821692300981,1.3111801850265503,0.3876921945406107,134
PID,0.3258333333333333,0.8566209414744788,0.9983498728349108,5.666198764796734,3.7213922424125663,0.1908675870445654,135
GSCX,0.2202777777777777,0.8198928708037493,0.862875392458547,5.409142116510041,2.4066425635587825,0.2118469316631861,135
PID,0.2511111111111111,0.8413915894569426,0.8651121186037078,5.541724033590983,2.332582120679466,0.2082954095492474,136
GSCX,0.0019444444444444,0.3443150895296793,0.2488105358180949,2.31205059961087,1.2081069254011645,0.4193279375295963,136
PID,0.7358333333333333,0.942886747515256,1.957245466609064,6.2322104557937,4.068923467659828,0.1432121687156171,137
GSCX,0.0,0.370740723038103,0.2609826216813585,2.505685952173122,1.009803245613087,0.4078169235461001,137
PID,0.2655555555555555,0.8608168451936846,0.9093874222920904,5.689549684407786,2.737090261738037,0.2010841443047744,138
GSCX,0.0091666666666666,0.4176831273278462,0.3104120697331024,2.8053606493499545,1.402319949387007,0.3719225309411104,138
PID,0.4886111111111111,0.887751968640623,1.2325751362002642,5.8450481510058,3.066527513509706,0.1767508224651431,139
GSCX,0.0122222222222222,0.3856878949637389,0.2840490378147768,2.6108043852032754,1.426097895341392,0.3871243975701843,139
PID,0.5644444444444444,0.9125734306026486,1.5677147049173203,6.024973901063117,3.93714203292049,0.1592157269452882,140
GSCX,0.0236111111111111,0.5359830850698992,0.4051771004824261,3.631955516672571,1.471192027531457,0.316633473466772,140
PID,0.4286111111111111,0.8952583775006219,1.3364392976251045,5.930162669041765,4.352690850452109,0.1695076015076224,141
GSCX,0.0027777777777777,0.3825054851413534,0.2768344527402603,2.586917046493261,1.2213017203771392,0.3950382692749327,141
PID,0.2919444444444444,0.8494726231808317,0.8911206510907338,5.612506899505777,2.4565166399085143,0.2035168007346549,142
GSCX,0.1102777777777777,0.7408567735950766,0.6488072872716572,4.907996987164407,1.8141925920281932,0.2443283212586736,142
PID,0.1111111111111111,0.6839562136474535,0.5826887143851457,4.584832364768888,2.369547782535208,0.2532359724136859,143
GSCX,0.0577777777777777,0.5982856408383063,0.4988282474536637,4.064356063376264,1.5567073278743264,0.2869401851962583,143
PID,0.6744444444444444,0.9306218016898103,1.7437620772880835,6.145099049388157,3.734079391076852,0.1512805123590171,144
GSCX,0.0036111111111111,0.4145296545536606,0.2976742929889889,2.8196314663114257,1.2123600674302952,0.3773662658421132,144
PID,0.2883333333333333,0.8580601827197055,0.895579197657825,5.66403471950694,2.4381009782994867,0.2026514181107142,145
GSCX,0.2263888888888889,0.7585623234855562,0.763771762777449,4.970964933743781,2.3498092160164425,0.2257486312443345,145
PID,0.6655555555555556,0.9328929398869584,1.761084151087559,6.158093740322994,3.939321428115641,0.1503623433587402,146
GSCX,0.0,0.3559655059005869,0.255198956764576,2.3831593351594176,0.9925221692116576,0.4176914451803037,146
PID,0.5525,0.910382254839794,1.4203007046896057,6.01920298920819,3.754169724014424,0.164427054998056,147
GSCX,0.0,0.3835349343894206,0.2779356053458641,2.6020043689539967,0.9922676118157788,0.3987092141797427,147
PID,0.73,0.941265858527166,2.052627745903766,6.237156396183444,4.692095419945275,0.1397132680771816,148
GSCX,0.1575,0.7305097403071346,0.7091751331821021,4.999789152281188,2.4660790741322565,0.2319013882328971,148
PID,0.4461111111111111,0.8903342610823952,1.174313452785568,5.9014030296161,3.21692881387726,0.1788899534837516,149
GSCX,0.0,0.3563416711003435,0.25707199677372,2.4184173766361154,1.172180970863625,0.4114818671063963,149
PID,0.1427777777777777,0.7237588741264774,0.637651766698497,4.760036461258442,2.431005854555854,0.2422703829064456,150
GSCX,0.1077777777777777,0.6213429633471724,0.5604466050431552,4.215652065628282,2.213507572639624,0.2670246571170948,150
PID,0.7313888888888889,0.9387395433304836,2.013101403880544,6.215118299594298,4.835054612907823,0.1403758752093843,151
GSCX,0.0172222222222222,0.5541195585364018,0.4043438449043419,3.769883795537331,1.3832825228862948,0.3128120804772648,151
PID,0.7283333333333334,0.9384363746091432,1.9773921442607456,6.20313027787324,4.839978789460573,0.1412897528040886,152
GSCX,0.0,0.3389256646765609,0.2416233253677246,2.294998243315183,1.0022207790702202,0.4270186510747499,152
PID,0.3291666666666666,0.8730655158434658,1.0421851480149604,5.796609494507678,3.355533015187572,0.1886818406724795,153
GSCX,0.0,0.345034973878236,0.2446094117671874,2.310667627102051,0.9915726166860394,0.4251594978467789,153
PID,0.6913888888888889,0.9349288037962612,1.8420167120709532,6.182445533748829,4.226495292959602,0.1468566665630823,154
GSCX,0.0,0.3109012776276263,0.2199583524425717,2.082050643842569,0.898143724485006,0.4507845315569038,154
PID,0.5483333333333333,0.9092035229752736,1.3673446761950794,5.996813224329875,3.459764517714166,0.1673469198152777,155
GSCX,0.0,0.3966898132035233,0.2784066092888758,2.6895164757289947,1.1578202304329828,0.3898594621654129,155
PID,0.5763888888888888,0.9109965500102096,1.4668640947942857,6.042449617445372,4.479901314618133,0.1599402881608203,156
GSCX,0.0155555555555555,0.3809331876633851,0.2781363926463636,2.5746461583910416,1.4695103260968856,0.3890455788245992,156
PID,0.1011111111111111,0.7865294422106384,0.660013439885523,5.214454939560453,2.818652060552873,0.2301834164483557,157
GSCX,0.0,0.4224228326179438,0.2995568686641755,2.8625489123548555,1.11803601719484,0.3765543308569574,157
PID,0.2469444444444444,0.8468200047941342,0.8757323017096892,5.599103750296443,2.693390884991606,0.2051613593181211,158
GSCX,0.1344444444444444,0.7377308627069428,0.6780909950733123,4.850139317109179,1.7818833951058215,0.2425007729848667,158
PID,0.2697222222222222,0.8545145172741014,0.8791218872318655,5.6320667715558175,2.1198468139604856,0.2063177457004954,159
GSCX,0.0083333333333333,0.3970640719472256,0.2936987352270768,2.6641836442794444,1.3709495858627516,0.3835739812179166,159
PID,0.2772222222222222,0.858380860379185,0.9001890459111797,5.678257020077117,2.282549881925089,0.2034589029678746,160
GSCX,0.0258333333333333,0.4926591069657717,0.3743386052343367,3.352974496323577,1.548549225508082,0.3312717872609716,160
PID,0.2675,0.787106513107779,0.8215014052580727,5.160161702286708,2.509311286865173,0.2158650713327893,161
GSCX,0.0,0.3958590638357354,0.2879433496955524,2.6744463756023933,1.0292529931843744,0.3914751043934841,161
PID,0.2641666666666666,0.8257931828633838,0.8385897715182753,5.427806767749608,2.358895627597123,0.2109249776896993,162
GSCX,0.1080555555555555,0.7206310619558484,0.6355407395961471,4.793820415804771,1.7246404910710649,0.2489898263973349,162
PID,0.2363888888888889,0.8414669855074466,0.8406632534520371,5.554278364916285,2.234737609851565,0.2104401659242726,163
GSCX,0.0102777777777777,0.4319498701956553,0.3227425711324848,2.90846816594822,1.4641054707154617,0.363196755278814,163
PID,0.205,0.8334323113344764,0.7939015617268551,5.50668971392666,2.611654133763052,0.2130344645481809,164
GSCX,0.0,0.4327183257710642,0.3194711088968432,2.9254845471593423,1.178379450883828,0.3688041014232494,164
PID,0.4241666666666667,0.889605618612996,1.2254754511003716,5.91735383774967,3.5443432606074308,0.1764008406169993,165
GSCX,0.1002777777777777,0.5962447537376109,0.5423730311577505,4.047499291070632,2.126850004430711,0.2749484812531294,165
PID,0.2922222222222222,0.857926028999307,0.8962575112595325,5.662529016852162,2.257690904999268,0.2033768586985558,166
GSCX,0.1505555555555555,0.67205878274947,0.6352077999056314,4.381135678272553,1.962760153507868,0.2550604442639058,166
PID,0.3522222222222222,0.8745948902101688,1.0352675379997431,5.767581380178543,2.8688636276324284,0.1905668882277866,167
GSCX,0.0,0.5358042292068184,0.3932399067467749,3.629731405088508,1.1270276558710246,0.3247464830561555,167
PID,0.3072222222222222,0.8664859300317717,0.942354723643476,5.723527517029784,2.714932880447713,0.1975208110863097,168
GSCX,0.2577777777777778,0.8209305116774723,0.8583026783931145,5.419650005376341,2.680563589510498,0.2087737333953235,168
PID,0.2316666666666666,0.838163283734858,0.8563366827961055,5.533437477029088,2.652543209963801,0.2080810871404023,169
GSCX,0.0147222222222222,0.4768029685794578,0.3597277399463925,3.217777809284472,1.3634005500295583,0.343075020438386,169
PID,0.3241666666666666,0.8510587933152924,0.9822122746899138,5.6291427661628575,3.781182824621585,0.191882652566903,170
GSCX,0.2430555555555555,0.7879525431850124,0.8277591374328036,5.195077265321494,2.370848821244135,0.2168751343346107,170
PID,0.2908333333333333,0.8486039471877962,0.9167799560194267,5.6012172600734464,2.478522248779217,0.2024696530701337,171
GSCX,0.0902777777777777,0.628143533667225,0.5429420157066392,4.209388653274487,2.053177495186745,0.2710140270092609,171
PID,0.015,0.6862715105502443,0.4681833733437285,4.553394337939373,1.4369305470115166,0.2773968522326879,172
GSCX,0.0108333333333333,0.4693883566268145,0.3512729468474134,3.175724735964921,1.3400065882700507,0.3471302828952248,172
PID,0.2205555555555555,0.8398473578322062,0.8594662235650596,5.546977995731839,2.769043269704815,0.2075710630536129,173
GSCX,0.0,0.3550216565173649,0.2571166922683063,2.381078089185779,1.1919334405850193,0.4133944000565848,173
PID,0.2730555555555555,0.8566986291584266,0.8824876892726112,5.644903781907998,2.263023872059722,0.2050615092323233,174
GSCX,0.26,0.8248990298944516,0.87221900641606,5.441083862018272,2.504717830744285,0.2085248737733413,174
PID,0.4202777777777777,0.8933883489559874,1.1444115240845605,5.908151679036716,3.2067517988423173,0.1807070465576406,175
GSCX,0.0,0.3705369311925289,0.2779323638848937,2.492829582073586,1.183896045700236,0.4020868147230066,175
PID,0.4397222222222222,0.8967094229177943,1.2296086669208564,5.938419884140559,3.634275711637554,0.1751199690565033,176
GSCX,0.1780555555555555,0.7594359843390633,0.7328733457393602,4.974608695585276,1.9646227638836224,0.2324051734794894,176
PID,0.2211111111111111,0.7485114321665132,0.7617459171465011,4.9091607550879885,2.8131168401358324,0.2246362103849678,177
GSCX,0.0,0.5029809240208056,0.3594432373828358,3.383589346851064,1.1400223665607885,0.3398138170333975,177
PID,0.1655555555555555,0.7887513209281809,0.7403804796247124,5.1829195558199785,2.4391622679994884,0.2251423944125316,178
GSCX,0.0,0.3154526470715881,0.2221725482765799,2.1122193794487942,1.0887294950019966,0.4432097965896599,178
PID,0.765,0.9473331752512903,2.3047277048778456,6.263655198334402,4.930614469419362,0.1331477527061575,179
GSCX,0.2805555555555555,0.8272429896889627,0.886515938631167,5.459679853972399,2.2310228121032822,0.2080475661421222,179
PID,0.2580555555555555,0.8574462156054523,0.8665554918177687,5.667510390126639,2.1339514714181003,0.2067473995862893,180
GSCX,0.0,0.4299491332615052,0.3124387267961402,2.9239602671355205,1.1582154374680875,0.3704346263122843,180
PID,0.5425,0.899574611908024,1.490094736854933,5.9209461494112645,4.726135953819659,0.1606198576617566,181
GSCX,0.015,0.4201735266286175,0.3176216597421167,2.833671821346221,1.384197968113591,0.3688198508508015,181
PID,0.2622222222222222,0.85637641121061,0.8746928746555475,5.651444335384007,2.3526175397190165,0.2053357145987553,182
GSCX,0.0288888888888888,0.6103909538000345,0.4954115420047711,4.164825547968146,1.5628867716578057,0.2862251674871324,182
PID,0.3,0.8397928966069022,0.8846592841261084,5.542603004300064,2.490083325746676,0.2045093047395976,183
GSCX,0.0130555555555555,0.4002417302026277,0.2900400331792259,2.6756306928785865,1.355542666192827,0.3829445338253878,183
PID,0.3366666666666666,0.875780277918472,0.9924212139268198,5.797123207396417,2.571785688788306,0.1937970024335569,184
GSCX,0.2663888888888889,0.8061746706425692,0.8584036062641348,5.322616002251224,2.155065029549996,0.2129955003454023,184
PID,0.6666666666666666,0.930046426143295,1.7096418355153602,6.150184651375708,3.755425731640711,0.1522299566577762,185
GSCX,0.0,0.3579351230613953,0.259944510333252,2.400042980741959,1.1512324641418057,0.4123417675158877,185
PID,0.3602777777777777,0.8818964940124325,1.0233960792759416,5.850891283689186,2.653477657134747,0.1905089886693575,186
GSCX,0.245,0.8196881751302404,0.8594570270035857,5.404154662224606,2.088465680300133,0.2127056566636226,186
PID,0.2916666666666667,0.8669173217703577,0.9062225297300718,5.725021443545202,2.360301519622161,0.2013848052230597,187
GSCX,0.0541666666666666,0.5939227486621937,0.4845024637871639,4.045373336136246,1.641099418038161,0.288417398546254,187
PID,0.7252777777777778,0.938818400767568,2.022034072178454,6.203619504340546,5.046759229906822,0.1398824139996018,188
GSCX,0.1052777777777777,0.607384201156185,0.5488543927485878,4.119059573218325,2.8239862709575587,0.2657532053303986,188
PID,0.3561111111111111,0.8305108227423235,0.99022943584997,5.453623598913296,2.7577077742486487,0.1976758634629027,189
GSCX,0.0066666666666666,0.4122177876394791,0.3076407382501794,2.7749218229395067,1.2537254306488006,0.3770399028198293,189
PID,0.3022222222222222,0.8638920140893813,0.9075593964098536,5.70302925406528,2.3024326789362983,0.2015462172303503,190
GSCX,0.2536111111111111,0.8089189248114744,0.8779066865999006,5.329390598118452,2.272238791972965,0.2118070866253083,190
PID,0.1322222222222222,0.6676013060759599,0.5724210832570839,4.452053443182511,2.6407447657556755,0.2539737960122923,191
GSCX,0.0022222222222222,0.3789760195407564,0.282322096864102,2.554512635948394,1.2142929487919574,0.3963362182184762,191
PID,0.4180555555555555,0.8901092667755247,1.1029725467667224,5.873222784307405,2.719952190132542,0.1847098390536271,192
GSCX,0.0,0.3729790962492044,0.2651612014673709,2.518398573901786,0.9676892363857186,0.4069871349199967,192
PID,0.365,0.8747854104864129,1.0183944416083344,5.779229328938876,2.634552074861838,0.1916529823310115,193
GSCX,0.0,0.4088169769531314,0.2877767372083394,2.7528804800005244,0.9546598284938792,0.3878089318075733,193
PID,0.5477777777777778,0.9101929077060684,1.448531982563914,5.998933741039277,3.812032468278493,0.1637245240724231,194
GSCX,0.0,0.3533329393364034,0.2478086809336787,2.364011009625368,1.0152898973382811,0.4200219396919901,194
PID,0.2422222222222222,0.7422461692611648,0.7762689467778278,4.838537376337199,2.645941108476397,0.2251679263484287,195
GSCX,0.1163888888888888,0.675166472739465,0.6078625401167194,4.452191397736565,2.21894836448271,0.2555320524555672,195
PID,0.1119444444444444,0.6882877467787686,0.5869282756420402,4.63962777405898,3.3363993414450825,0.2444071890137189,196
GSCX,0.0858333333333333,0.6386642529756605,0.579353933903579,4.341306707148353,2.3918854728012358,0.2619854973158384,196
PID,0.5083333333333333,0.8987798505928916,1.274629306806488,5.946933361094906,2.8010646960646524,0.1744460613405566,197
GSCX,0.1063888888888889,0.6038074720741468,0.5598235524115076,4.105230150092378,2.136652756981682,0.2712131359684944,197
PID,0.5738888888888889,0.9151572194612776,1.4912659586628874,6.031145554946183,3.959242902116885,0.1609758410950226,198
GSCX,0.0,0.3965978926473765,0.2888661635106203,2.688981927877696,0.9982974515713964,0.39105864730192,198
PID,0.2922222222222222,0.8497859605957281,0.8988264279897289,5.598468855682665,2.267911753274507,0.2042922418962157,199
GSCX,0.0,0.327392290013718,0.2279451050554594,2.203810377879282,0.9460202060786344,0.4380350756859263,199
PID,0.3236111111111111,0.8609155642891113,0.9483479178555216,5.677996808599096,2.479122456292573,0.1984520973577358,200
GSCX,0.0066666666666666,0.369212785308179,0.2644676917104696,2.492209296727837,1.326691852796492,0.4007689703115537,200
PID,0.7083333333333334,0.937946823857468,1.9849182596124617,6.200871995266332,5.082384841904784,0.1409639791176261,201
GSCX,0.0344444444444444,0.5202631653309219,0.4151269411260076,3.5446353571097355,1.5844531370307309,0.3168608714617621,201
PID,0.2205555555555555,0.8268912490959792,0.8355776273421459,5.451603569574121,2.5967319567554736,0.2113512043277191,202
GSCX,0.1641666666666666,0.7014903675078974,0.6634136271624819,4.579385169220423,2.3325443779087327,0.2443624091517946,202
PID,0.6205555555555555,0.920888983251144,1.5399288458685108,6.086137922133752,3.4068439079670294,0.1595444210288746,203
GSCX,0.0,0.3180177190718343,0.2196271582982135,2.1447696256373905,0.8835623956191502,0.4461507819863314,203
PID,0.2575,0.8369407525984922,0.8692796437654805,5.5105307935438494,2.3869471029431915,0.2080970401455035,204
GSCX,0.1580555555555555,0.7300002356007692,0.6786260393574247,4.773752423443723,1.8657620023571544,0.2422627871469455,204
PID,0.2525,0.8165034607527537,0.8326431734214645,5.381496930536108,2.7740577163120923,0.2104268658488424,205
GSCX,0.1788888888888888,0.7421144643146099,0.7312317787905254,4.874462810274769,2.441195873835222,0.2316852334691258,205
PID,0.2641666666666666,0.8624310531257358,0.8951014797115439,5.691420704159629,2.036863039752784,0.2052000533705358,206
GSCX,0.2855555555555555,0.8344420345498851,0.907522639633416,5.512851602783578,2.340327720268502,0.2053528606477948,206
PID,0.5775,0.9109574377857348,1.429622430150148,6.0160121053922575,3.779532966218999,0.1634210239995946,207
GSCX,0.2625,0.8180464468737233,0.8627637125682693,5.397795393340323,2.2208231205140097,0.2111759308734103,207
PID,0.6044444444444445,0.9185759230416878,1.6661806824365133,6.057453511132974,4.4035968546228,0.1538664473642223,208
GSCX,0.0069444444444444,0.3426473043256498,0.2496645282785681,2.303922132028201,1.324512374479727,0.4164790873238936,208
PID,0.25,0.82161573523868,0.8698333992232637,5.46107377703407,2.845674701378769,0.2070650338533967,209
GSCX,0.0,0.4509363005483114,0.324240762609202,3.0390680468510776,1.026303197198527,0.3641108498339383,209
PID,0.2480555555555555,0.8352185511583167,0.8844420183888339,5.500232040439372,2.6053243678356144,0.2068461841605273,210
GSCX,0.0302777777777777,0.4992540374508842,0.3945953190845329,3.389526738234917,1.8093253269429264,0.3233681673131086,210
PID,0.3936111111111111,0.8781621898350641,1.1182188998280658,5.793712245544006,3.304287167715765,0.1837175327567388,211
GSCX,0.0116666666666666,0.4124786520124249,0.3092379404372968,2.8001550746072965,1.501552220740947,0.3706882922613178,211
PID,0.3113888888888889,0.8593243353868595,0.9611374138305788,5.662395345263311,2.7034948029348884,0.1975662312956025,212
GSCX,0.0,0.3609090748084316,0.2553965226462302,2.41600683190588,1.036384682153008,0.4143679927547357,212
PID,0.2566666666666666,0.8298234643306086,0.9156357583367134,5.466108820250319,3.3909797165421787,0.2017209942469113,213
GSCX,0.0088888888888888,0.3547157770142338,0.2573751484946559,2.37203832466652,1.3964194474113802,0.4082620148537498,213
PID,0.1713888888888889,0.7641265312050564,0.696254250388785,4.996729692564704,2.0739486530443645,0.2337073965202613,214
GSCX,0.0125,0.3829588500644824,0.283403032605771,2.582529327726467,1.382623091628093,0.389654690702866,214
PID,0.3161111111111111,0.8674015950899209,0.9525717859812692,5.726013341586559,2.6769351882403,0.1968655970873346,215
GSCX,0.1986111111111111,0.7489703033691628,0.7537939248618144,4.916751872738423,2.388675746416678,0.2287112529600773,215
PID,0.3080555555555556,0.8498816311336729,0.924959359591803,5.61562063862182,2.3840287031505945,0.2016328936225887,216
GSCX,0.0,0.3798147114525494,0.2679654285110768,2.5698221441262863,0.9712396331915698,0.4029552580760678,216
PID,0.6705555555555556,0.9290374869894414,1.737467411207822,6.133782970344344,4.91401633034152,0.1484485072834001,217
GSCX,0.2147222222222222,0.8047847839290218,0.8140847439464305,5.318690884759034,2.576097259991881,0.2153760366630218,217
PID,0.2891666666666667,0.8684532459643348,0.9343553107373505,5.728059276100237,2.54002252665115,0.1993070127456593,218
GSCX,0.1327777777777777,0.6890789770489022,0.616406577843167,4.507951008246221,1.7345350720751784,0.2559614958809066,218
PID,0.3186111111111111,0.8542161810453189,0.9956491822117556,5.643935015649248,3.836597597676187,0.1910587756211852,219
GSCX,0.0086111111111111,0.4466173078896713,0.3256087254647031,2.999201467661913,1.3764841419576923,0.3593687475848796,219
PID,0.2236111111111111,0.7222256926678654,0.744722619144642,4.708847378243698,3.1760938508624323,0.2274259607673576,220
GSCX,0.1227777777777777,0.5865361510533397,0.5767674546043059,3.9895069867801354,3.65314583331109,0.2593449647178382,220
PID,0.2444444444444444,0.8290537191657189,0.8512848900926732,5.464101821961122,2.846655223443745,0.20798814833042,221
GSCX,0.2411111111111111,0.7900172201329931,0.8442672018596805,5.192798320607171,2.137085103503438,0.2174271133243002,221
PID,0.2513888888888889,0.8615069226057164,0.8788718579764924,5.692204301784403,2.356927859862618,0.2048790345394385,222
GSCX,0.1652777777777777,0.7640806471221693,0.7197779173092427,5.007288559876438,1.9632112615668065,0.2331542485065281,222
PID,0.7061111111111111,0.936250794706292,1.8104063316411567,6.1882828785625055,3.844591886434976,0.1482333336197081,223
GSCX,0.0033333333333333,0.4743452761370691,0.332891354434448,3.1988401342923285,1.2249532976332913,0.3509316624782841,223
PID,0.2619444444444444,0.8434675762800384,0.903073530992727,5.573761961869854,2.907064604881338,0.2026527168859698,224
GSCX,0.1611111111111111,0.6930625957110811,0.657421787863443,4.53210373229761,2.166930589985675,0.2473764966220821,224
PID,0.3216666666666666,0.8490194348567497,0.9171045384255772,5.597371823908141,2.4354596438577327,0.2014554876846354,225
GSCX,0.2666666666666666,0.8176873257702516,0.872142301232171,5.391610363928164,2.470902871456979,0.2093121087363098,225
PID,0.2480555555555555,0.8258433143660371,0.8363993059971093,5.447052919818625,2.220637332965012,0.2121939689412994,226
GSCX,0.2961111111111111,0.8219482065853837,0.9039513617653472,5.413200162821696,1.999217345680955,0.208556643600392,226
PID,0.3488888888888889,0.8752755556249701,1.0031769472706482,5.7971586785368565,2.7287648443253745,0.1922073434512557,227
GSCX,0.0216666666666666,0.4165001305780477,0.326445923093552,2.8258790345763454,1.463529373463618,0.3659165656969516,227
PID,0.2988888888888888,0.8454354742561833,0.9269813315758808,5.58079885686772,2.598164195413619,0.2014474555518857,228
GSCX,0.0047222222222222,0.3905188557895361,0.2869320410242552,2.621131310617096,1.2481138267383018,0.3901296313189658,228
PID,0.1469444444444444,0.6240389384324866,0.5590290874890682,4.116401222420747,2.30614366541778,0.2659453073477493,229
GSCX,0.0,0.3437687389149645,0.2410709835492119,2.312069600946644,0.9986413600926314,0.4257247885202318,229
PID,0.1869444444444444,0.762678092714083,0.7075785668333527,4.989921247716815,2.1403513221305084,0.2319216706893503,230
GSCX,0.2113888888888888,0.776610289500354,0.780918069869961,5.125120814895406,1.981142671491594,0.2246482838157502,230
PID,0.2819444444444444,0.8634527257944079,0.9316628802961192,5.705502431740376,2.772939811020749,0.1990047387816264,231
GSCX,0.0,0.3343459534299542,0.2345577514490825,2.249445362171532,0.8731536149831693,0.4346779994293454,231
PID,0.6266666666666667,0.9267534394385232,1.5989807630101351,6.121441961753548,3.5167487702113567,0.1570573954371822,232
GSCX,0.06,0.6764044291882507,0.5800319207545523,4.4792443396989725,1.628390702377327,0.2655647846147446,232
PID,0.3011111111111111,0.8506927705851288,0.9541375659428604,5.5906604310034105,3.105329384393128,0.1975174093159025,233
GSCX,0.0055555555555555,0.3661926172887754,0.2715383094098163,2.47173325664831,1.258717920319837,0.4023841803568397,233
PID,0.2108333333333333,0.8107525514142994,0.7596147590527188,5.329269308047492,2.0493360981326734,0.2211209022468682,234
GSCX,0.0130555555555555,0.4014570745443173,0.2995956947421853,2.714054222172076,1.5621866428135205,0.3758483067932247,234
PID,0.2472222222222222,0.8379793083177426,0.8294916648594378,5.528431447820585,2.0106685947286858,0.2121797553260812,235
GSCX,0.0,0.347488444117557,0.2431317269477339,2.335769846550872,0.9016245948946748,0.4256172018478615,235
PID,0.5711111111111111,0.9166283204218308,1.3553462316607805,6.048200957158437,3.3293366540724603,0.1669207912296929,236
GSCX,0.2425,0.791688106600155,0.838804551740824,5.20497632569629,2.240237951495687,0.2168249705785675,236
PID,0.6427777777777778,0.9267806603839156,1.6919254863824122,6.119982551136355,4.204838617898771,0.1522644393531438,237
GSCX,0.0,0.3659489640107531,0.2669502073378378,2.482247952296224,1.1951805619279388,0.4047713290489487,237
PID,0.1125,0.5914375895578211,0.5044973070423453,3.989801744361091,2.5077498691509104,0.2754096717035598,238
GSCX,0.1905555555555555,0.7562968668818818,0.7545346069940148,4.955904078176223,2.1602434821531977,0.2296383752531364,238
PID,0.2883333333333333,0.8534123289872483,0.9012082844628224,5.628169306452403,2.303534439689974,0.2036667599587998,239
GSCX,0.1138888888888888,0.6975123224275808,0.6295247524217128,4.56467504051785,2.1041080863843686,0.2518653211044735,239
PID,0.4458333333333333,0.8960976673961653,1.1613196636067842,5.916339408525509,2.934680817655276,0.180199355835481,240
GSCX,0.0,0.3572615265911237,0.2520200406064527,2.393084185048428,0.909767917697934,0.4193326884098696,240
PID,0.2347222222222222,0.8402475611404024,0.8446492988910558,5.549342958379078,2.41576792397539,0.2094631233168214,241
GSCX,0.0,0.4669106691764681,0.3327431430055702,3.132188402229444,1.1843904954879472,0.3553003635266281,241
PID,0.295,0.8498887821442199,0.9207150145258476,5.617334042095531,2.5971105971761395,0.2012900010161769,242
GSCX,0.0186111111111111,0.4224116139677849,0.3190864770858204,2.8586619734760745,1.4564471483322308,0.3656311393435637,242
PID,0.7030555555555555,0.935509057888836,1.8371506605365235,6.190161722322324,4.152230911650314,0.1468488152459029,243
GSCX,0.1166666666666666,0.6704852739284044,0.616266421883975,4.375155816967007,2.642964039066766,0.253502239617621,243
PID,0.6405555555555555,0.9247073918619196,1.6818088415545127,6.110722316033977,4.067394961439942,0.1530572306271939,244
GSCX,0.0,0.3761953793420224,0.2627788416303563,2.5242967425042435,0.8844580133416893,0.4084994907368787,244
PID,0.1802777777777778,0.7664733870373293,0.7211157138369677,5.016009113164742,2.1733924654160037,0.2306896407515535,245
GSCX,0.0,0.3239631193368217,0.2256312181029179,2.187146935820587,1.0232448764276572,0.4381605298944235,245
PID,0.6772222222222222,0.930108947323616,1.6855821063033278,6.154016282356731,3.8905005296641257,0.1521913115050701,246
GSCX,0.1891666666666666,0.7164414246523954,0.7092966557224534,4.695857543844106,2.2744740162110024,0.2376268500376574,246
PID,0.2611111111111111,0.8683002495226845,0.8910429600284253,5.732003190125266,2.4364372432759818,0.2028164279652947,247
GSCX,0.0380555555555555,0.6136644002392809,0.4854419595408848,4.166121617137773,1.642951067170879,0.2854298845828673,247
PID,0.1897222222222222,0.7110776464531904,0.6598262378848253,4.857915395074856,2.515131594153583,0.2359825089216231,248
GSCX,0.0,0.3381447750558334,0.2442817893506099,2.2639968704244127,1.1419224658012073,0.4254767445724273,248
PID,0.7058333333333333,0.9380656088820004,2.0083968238382,6.199938801229981,5.190623771045351,0.1402514158786778,249
GSCX,0.27,0.79470891748058,0.8711637565778305,5.226616010354328,2.327110498044351,0.2130166822292175,249
PID,0.2422222222222222,0.8442470711330813,0.8357048868600719,5.560643800566514,2.0348547503758567,0.2113353216370675,250
GSCX,0.0075,0.35749033039216,0.2632511111066339,2.4232654689454627,1.3365825975488972,0.4054361369061962,250
PID,0.3755555555555555,0.8723006700784464,1.045180354344681,5.753998300479039,2.590089412598794,0.1907487111051275,251
GSCX,0.0,0.3686560908589829,0.2616962388083136,2.483137447665673,0.9694316622719892,0.4099719931774243,251
PID,0.2705555555555555,0.8489628373495629,0.8814548570454205,5.596248114141156,2.3808431760905644,0.2054832297291524,252
GSCX,0.22,0.7945433093865896,0.809654686078671,5.2460984534459625,1.9362046035106253,0.2204272753249017,252
PID,0.3269444444444444,0.8708342671133938,1.0013225915528452,5.7452758797548285,3.3183716288774674,0.191229237783621,253
GSCX,0.0038888888888888,0.3708865444070788,0.2644280584585622,2.505554223579153,1.2407682148016177,0.4020108805826473,253
PID,0.6594444444444445,0.9253549186402712,1.7530857459717526,6.116227421595594,4.089985037059149,0.1506994046684303,254
GSCX,0.1366666666666666,0.5588393523019551,0.552865535112871,3.792059022514724,2.149025971590947,0.2792203980182056,254
PID,0.5413888888888889,0.9104181601441436,1.335537758990793,6.037169506636101,3.4253932952337336,0.1682305060876429,255
GSCX,0.2213888888888888,0.805298554428832,0.82314748102932,5.307754577832633,2.1852162227121683,0.2169585420265092,255
PID,0.2211111111111111,0.8295906692766306,0.808471103700202,5.469792374192924,2.375931038720164,0.2135253726113639,256
GSCX,0.1516666666666666,0.6154828294228115,0.6068926912473261,4.159469022466778,2.131954282931904,0.2626143816480414,256
PID,0.4966666666666666,0.9042197528522145,1.2872141555508094,5.963617677563044,3.830314493257197,0.1704621469168218,257
GSCX,0.0,0.4314677363667993,0.3025817137246062,2.89437986449342,0.9094408274431236,0.3774772579695443,257
PID,0.7697222222222222,0.9487495577834344,2.396567134456853,6.279092908541766,5.572070654404003,0.1298833818944338,258
GSCX,0.1808333333333333,0.792839415104551,0.7596456395970863,5.233163205704359,2.419135534578483,0.2224632408830959,258
PID,0.7005555555555556,0.9357870971523338,1.7949197214587989,6.18569545538432,4.019472669922467,0.1482931113067957,259
GSCX,0.0166666666666666,0.4529481455014337,0.3443161163716439,3.0610057331763594,1.542197622554582,0.3501821390053198,259
PID,0.2844444444444444,0.8627658835990648,0.9067044780314374,5.688561038926352,2.162814430696498,0.2032273266365926,260
GSCX,0.085,0.6377717724220576,0.5484242996244163,4.300153985388981,2.015095206748285,0.2686634199964559,260
PID,0.3013888888888889,0.851272800035173,0.9174827420050242,5.626570653633025,2.5246399156872297,0.20137137191605,261
GSCX,0.2758333333333333,0.815330254720591,0.8871249065583389,5.365881802611044,2.292514293745353,0.2095676127287525,261
PID,0.3502777777777778,0.8781680315517486,0.9764071194451822,5.813202660176398,2.448834385858317,0.1942508628561361,262
GSCX,0.2408333333333333,0.8042186831491699,0.8490829005319446,5.308499902556404,1.9674760640650204,0.2159456410009589,262
PID,0.2558333333333333,0.8384681304341428,0.8529825632097194,5.531563824560572,2.1231581721225368,0.2099847262422405,263
GSCX,0.0075,0.3824031599079742,0.2845883885130117,2.58215318485842,1.300280996737385,0.3917856675451074,263
PID,0.6747222222222222,0.9302158375850552,1.7227078711902537,6.137031437841409,3.6432338280939214,0.1521271852259381,264
GSCX,0.0,0.3938722820409494,0.2728676444136696,2.6461744418107718,1.165486156222733,0.3931719665937029,264
PID,0.6733333333333333,0.9296490528461804,1.681228228397993,6.149045790383276,3.868578110612322,0.1524989579159727,265
GSCX,0.2563888888888889,0.8236335398951412,0.8520282363435523,5.436401473078111,2.0218383556941566,0.2123315289420446,265
PID,0.6691666666666667,0.9296030748883732,1.708701851057457,6.143611296147594,3.961745070611676,0.1516821524468062,266
GSCX,0.2725,0.7913982173030721,0.8555642635215363,5.209735385349676,2.2853012880229158,0.2142523478296875,266
PID,0.3075,0.8609571111702771,0.957547717887438,5.683293712489279,2.5034347105961787,0.1984994176746446,267
GSCX,0.0880555555555555,0.6766302148451465,0.6108261598383263,4.595796184496321,2.6735690173967117,0.2503877959411504,267
PID,0.2555555555555555,0.8655650153512536,0.9240733933677132,5.719458920099744,2.5401291437661726,0.201281492256401,268
GSCX,0.2788888888888889,0.8269398600924036,0.8863381088138809,5.454298430549759,2.042395558124227,0.2092017094371861,268
PID,0.1611111111111111,0.7314705125170825,0.6612858865293741,4.779910876088214,2.9477592223359026,0.2356052701497013,269
GSCX,0.0119444444444444,0.3576071356066603,0.2557854427001036,2.4029774814632616,1.323159008866177,0.4074891880402478,269
PID,0.6619444444444444,0.9310746636120972,1.8483967675881576,6.156626178857518,4.409929921883368,0.1470982969108363,270
GSCX,0.0047222222222222,0.4574800902462462,0.3242191561915941,3.0863370853065595,1.2523514705477945,0.3574326979176345,270
PID,0.2533333333333333,0.8529776234334643,0.8727183515457277,5.61873297988322,2.25869917123554,0.2068353329979994,271
GSCX,0.1661111111111111,0.6504245487113712,0.6326084870695721,4.213415491766241,1.9937847621947693,0.2584900349273638,271
PID,0.2508333333333333,0.8357016417771115,0.857126803914208,5.523190883924138,2.5112037186295693,0.2081512091758267,272
GSCX,0.0275,0.4928483052158369,0.3796782465365134,3.332019175095465,1.413930703962467,0.3330218242420278,272
PID,0.1305555555555555,0.6252010376910747,0.5227617563218432,4.183812017870182,2.391050547203665,0.2675088396800136,273
GSCX,0.1286111111111111,0.7110974203185927,0.659601583450602,4.869768530541009,2.0383204711705964,0.2425310069676601,273
PID,0.2847222222222222,0.8332773158482754,0.8748368555445325,5.4847217578509175,2.324458762618759,0.2074428321555261,274
GSCX,0.0219444444444444,0.4588378470007718,0.3459806366356651,3.1096426729505016,1.5259370443546292,0.3471634507348957,274
PID,0.4466666666666666,0.8892476978055278,1.1667092265938557,5.871862067753945,3.120784402572629,0.1798608338036331,275
GSCX,0.0,0.3318430959024369,0.2375778819641751,2.21317863369359,1.1695410231797678,0.4299923984253344,275
PID,0.7122222222222222,0.9370553799570764,1.7883999094425642,6.193279363991452,3.954236661386087,0.148295494103939,276
GSCX,0.015,0.4902952051819304,0.3698032882097465,3.3370187844863213,1.345833377065366,0.3364881294780018,276
PID,0.2963888888888888,0.8694211977104099,0.9275680234157694,5.734291965717601,2.333984442111636,0.2001988545324182,277
GSCX,0.0,0.3636224706988793,0.2589041140550993,2.4419859807783166,0.9226698705216,0.4142776457237776,277
PID,0.7211111111111111,0.9406045329639876,1.9627711600265851,6.215462089470358,4.133689117836287,0.1433715219370553,278
GSCX,0.0075,0.3500322474658136,0.2524004827507247,2.3402952339680643,1.3284893314050488,0.4130222454443497,278
PID,0.575,0.917301969167574,1.5688330690171908,6.052231911228341,4.127728073163793,0.1580500218265337,279
GSCX,0.0030555555555555,0.3740974636768445,0.2707265136221568,2.531453132496384,1.2207920796471217,0.3997278292981793,279
PID,0.1975,0.803298982674245,0.7325876271300941,5.352884653708472,2.3249227302486597,0.2213696397586416,280
GSCX,0.1933333333333333,0.8004508554407669,0.778367737039541,5.324213906849697,2.509436533426302,0.2186103908748069,280
PID,0.6163888888888889,0.9215928867787804,1.5517956726749536,6.091169271721466,4.020044665576744,0.15742092803072,281
GSCX,0.0022222222222222,0.3868432260872314,0.2865799690135511,2.600829059853011,1.212349394493263,0.392570718776929,281
PID,0.4708333333333333,0.898410523358281,1.2650616248696087,5.92038533364345,3.5013510612239918,0.1736417742490544,282
GSCX,0.2272222222222222,0.7776576851953334,0.8004813697786777,5.123365523532489,2.140381927749087,0.2218415691107728,282
PID,0.3,0.8638430721817042,0.942024230217642,5.693364465401752,2.560237004077984,0.1990104389371219,283
GSCX,0.0019444444444444,0.3771103603951475,0.2686429799955238,2.516085767393106,1.2061839531559773,0.4011998318143999,283
PID,0.6816666666666666,0.93129416532705,1.7566325501452495,6.1465038915448265,4.057017304586972,0.1498988942867361,284
GSCX,0.1394444444444444,0.7014379569979087,0.6474618167317368,4.587504799735774,1.811014009488376,0.2506109968439074,284
PID,0.34,0.8552341921786312,0.990800787352182,5.65058306721952,3.5756179683137166,0.1915153167517399,285
GSCX,0.2866666666666667,0.8217866215630271,0.8653006197133873,5.436429236472268,1.915467212501028,0.2109300747494602,285
PID,0.6602777777777777,0.931176818369296,1.6640990443803796,6.151955423786024,3.4425902095166285,0.1544136473205685,286
GSCX,0.0,0.3142928737766927,0.2178216695875503,2.098100829167023,0.9301957576257456,0.4490357026130229,286
PID,0.4583333333333333,0.8963277051595421,1.1981126976859973,5.927136840619557,3.078031011416968,0.1778262608449428,287
GSCX,0.0,0.3731047699335262,0.2726378623239017,2.5152657662511717,0.9474194188014112,0.4062015367913325,287
PID,0.1727777777777777,0.7302579439144471,0.6872507971997479,4.765759690251279,3.1985106104335386,0.2320612642950579,288
GSCX,0.1805555555555555,0.6846827202127066,0.6794690321665249,4.462810819387595,2.5166663176720667,0.243898723439069,288
PID,0.6969444444444445,0.9370781607457273,1.9023717883257811,6.204650411200402,4.503768272710761,0.1444394059685145,289
GSCX,0.0119444444444444,0.503523195334175,0.3891449551921067,3.4297308764740992,1.3205655815111088,0.3305279214539413,289
PID,0.3386111111111111,0.8420167392555266,0.9497928235594926,5.549637687995639,2.768674208970922,0.1985346220864581,290
GSCX,0.0077777777777777,0.3826163611239387,0.274291862734114,2.5653482001591783,1.283317820720988,0.3947036769470404,290
PID,0.5597222222222222,0.9059131044220792,1.4318977046490389,5.9820643881511,3.842189065933377,0.1640082079273972,291
GSCX,0.1805555555555555,0.7699443544222991,0.7698207622524987,5.049741426486556,2.313546971392957,0.2263022767949935,291
PID,0.7041666666666667,0.9363632748520476,1.7458334796361334,6.187103064292829,3.893257463271409,0.1497314431200334,292
GSCX,0.1638888888888889,0.7120648145465892,0.6879664057060939,4.654141893065826,2.002980421649918,0.2432860107281528,292
PID,0.3188888888888889,0.8599524344547005,0.932723476921002,5.665905126164599,2.658843259191764,0.1986495290801977,293
GSCX,0.0,0.3379984728028124,0.2392786525572844,2.276903220343292,0.8705206718654118,0.4316513649679093,293
PID,0.3008333333333333,0.8553959068153518,0.9601194780904314,5.64141906361337,2.769319317653424,0.1980704802664981,294
GSCX,0.01,0.4950906052911311,0.3675274156454888,3.356693581638727,1.4190256030569888,0.3353232807812494,294
PID,0.66,0.931147077292188,1.8277485422567488,6.146267198949821,4.398711028266841,0.1477415104494616,295
GSCX,0.16,0.6990899086251766,0.6780424057248158,4.744889148519987,2.107521543638931,0.241893490435506,295
PID,0.0,0.5508955652649005,0.339453346206084,3.6731444287200703,1.115827329607269,0.3288606622736146,296
GSCX,0.0072222222222222,0.4311671747304698,0.3231628742892422,2.928417383590731,1.2675891746618582,0.3657934278224568,296
PID,0.3711111111111111,0.8726167444979657,0.9894982688110884,5.7607647535513244,2.6266857472597662,0.1929121493154632,297
GSCX,0.0,0.4000264158095213,0.2839917353071996,2.6751725062282405,1.1262633943699,0.3900361702468403,297
PID,0.7286111111111111,0.9420044940633252,2.02608175958314,6.222938131099756,4.504884289239941,0.1408486902423101,298
GSCX,0.0091666666666666,0.4650079258108089,0.3530838721647193,3.133618025774714,1.3327593778398366,0.3492217682091489,298
PID,0.19,0.7883640604240847,0.7363853722519534,5.244485999454155,2.053866579637973,0.2253865580385489,299
GSCX,0.0119444444444444,0.3705679220665774,0.2804321122466482,2.4980051158310075,1.3413232098116905,0.3964421837656527,299
PID,0.6725,0.9332269899031268,1.788693372879452,6.162173119094935,4.795794394426803,0.1472261682696622,300
GSCX,0.0,0.4819933720403325,0.3554550908805114,3.279725955828996,1.1211419010495507,0.3459802097250138,300
PID,0.3552777777777778,0.8740165599265677,1.0203689790291568,5.780554985279999,3.1999778919337185,0.189459148557593,301
GSCX,0.0,0.4283174653818138,0.2997924267127833,2.9012678273799724,1.1545915771949384,0.373620975582638,301
PID,0.2511111111111111,0.817310861364703,0.8235633710038585,5.360320291108328,2.4911548253458413,0.2127717797990309,302
GSCX,0.2936111111111111,0.820995038544599,0.8945056905056915,5.406365620925968,2.4095247498420136,0.2071085419436407,302
PID,0.2894444444444444,0.8554078154766915,0.9092103461457876,5.65175595080789,2.4909689468788723,0.2019573627388251,303
GSCX,0.0,0.4730933140680469,0.3486130182402004,3.197596454385085,1.1128772784972052,0.3509916847644178,303
PID,0.4594444444444444,0.8967773546054649,1.2508688258625624,5.9441588561659575,3.780165542869624,0.1732193998794159,304
GSCX,0.0238888888888888,0.4392488490881989,0.3403158000199396,2.967589367212066,1.4073782340650058,0.3567046305210706,304
PID,0.2602777777777778,0.8394625861349606,0.841208090078539,5.522839020389276,2.062320973038952,0.2107998223669909,305
GSCX,0.0119444444444444,0.4352648531137308,0.3249076678543014,2.937527637604569,1.3875334859556656,0.3623384338386337,305
PID,0.3433333333333333,0.8268398330572343,0.972847357839015,5.47417171953434,2.9833737407882115,0.1976476645948597,306
GSCX,0.0,0.4044036072142067,0.2816461881222248,2.722261912313753,0.9501783310158084,0.3908378999059311,306
PID,0.225,0.8360515174924839,0.8034448022951981,5.511367589289316,2.149712858514555,0.2140430812559292,307
GSCX,0.0138888888888888,0.541799398043973,0.4065264308675074,3.669437094673087,1.348482207626771,0.3173597154366321,307
PID,0.0186111111111111,0.5013909828679192,0.3197314658003329,3.407461841917287,1.5897525786174287,0.3356466525908544,308
GSCX,0.2516666666666666,0.8062458415020515,0.842617584055824,5.31978922900354,2.133316659595934,0.2146253957471693,308
PID,0.6644444444444444,0.9315860639928972,1.7622749413185754,6.15469896442301,4.3869079269277895,0.1491928473573215,309
GSCX,0.2602777777777778,0.783012224156873,0.8481841717621986,5.148685629280178,2.17312609911304,0.2169926525352469,309
PID,0.5252777777777777,0.9083406188717692,1.3340326864965406,5.993920426752672,3.526167492880439,0.1688482063190211,310
GSCX,0.0038888888888888,0.4027475452626803,0.2942045373866981,2.703410549283549,1.2314181435155025,0.384214302587679,310
PID,0.2597222222222222,0.8362938633821952,0.8447540445282654,5.514804612562035,2.195840239480213,0.2101296638500301,311
GSCX,0.0027777777777777,0.3988517616460409,0.2956367996708244,2.675841428611313,1.2191183036394562,0.386055632473436,311
PID,0.3766666666666666,0.8600195691072161,1.062945480719438,5.674242856991321,3.0679985864563486,0.1891410230313731,312
GSCX,0.0,0.4084018741018814,0.2828502745094383,2.740861281093077,0.9906594935040466,0.3886367687659152,312
PID,0.1361111111111111,0.6424545476357684,0.5662899601840578,4.289830018200363,3.0295785195454723,0.2555502614721288,313
GSCX,0.0827777777777777,0.635515139561432,0.535840860400105,4.32442483784921,2.233890357701908,0.2673939730544155,313
PID,0.2802777777777778,0.8486634805773925,0.8863798422747239,5.592936641410621,2.411376030972824,0.2047465525667937,314
GSCX,0.0025,0.4347920705973779,0.3090364215182236,2.9358921424936386,1.2113373515566537,0.3688649604018996,314
PID,0.3455555555555555,0.8760792340858348,0.9909187282457812,5.78456182632546,2.7468533101312564,0.192900458783795,315
GSCX,0.0036111111111111,0.4135261661196566,0.2939285399322653,2.8193169789198675,1.2332443544455107,0.3776763736514864,315
PID,0.2766666666666666,0.8381683693422127,0.876497161724452,5.5164277548772604,2.193535995399032,0.2078153818771486,316
GSCX,0.2694444444444444,0.8120464626545842,0.8871116797172204,5.345179002579192,2.3993361033316707,0.2096690481923014,316
PID,0.2530555555555555,0.8461748874427776,0.8393277483999199,5.59189483997354,2.2642102226757443,0.2089443563291331,317
GSCX,0.2447222222222222,0.8191406310955172,0.855512358196217,5.391664715675966,2.131310067527799,0.2128910214631715,317
PID,0.3041666666666666,0.8573818308010618,0.9404795168668776,5.65360295985132,2.473612609133607,0.199995579772706,318
GSCX,0.2647222222222222,0.8078656821323442,0.8703430620624668,5.331818949737669,2.746497591612497,0.2091457123222125,318
PID,0.2430555555555555,0.8341571568618413,0.8327296437072379,5.499263585488358,2.279480462616513,0.2112954849723924,319
GSCX,0.0027777777777777,0.4481519597934311,0.3319869288427453,3.0371312489260345,1.2240937256345157,0.3597744834166956,319
PID,0.3025,0.8596910657040082,0.9411854475086024,5.681359619824529,2.3340240010960454,0.2002714190865504,320
GSCX,0.0,0.4225293967124442,0.3034372816551282,2.8675015208570533,1.098608467140848,0.3760278080842368,320
PID,0.3672222222222222,0.8804571976838871,1.0544529502216415,5.819763004812192,3.189751133704818,0.187160301917715,321
GSCX,0.0,0.3940723977727972,0.2842648765358821,2.645907982207617,1.1664807111870912,0.3912256808343113,321
PID,0.1413888888888889,0.6634049323658948,0.5820850718265128,4.385790726863725,2.201010825166224,0.2577742961391336,322
GSCX,0.0,0.340045365886024,0.2399148135197063,2.2722454846016173,0.9273330556377664,0.4303865662427338,322
PID,0.2408333333333333,0.8185595766747716,0.8400681844534703,5.41193163726026,2.779477648897144,0.2100410750665048,323
GSCX,0.2652777777777778,0.8026250051655824,0.8540338375027767,5.278604894258605,2.099632845953272,0.2143455516393655,323
PID,0.7086111111111111,0.936614892999088,1.8124756138640097,6.195626226313414,3.873040227372596,0.1479936867052905,324
GSCX,0.0016666666666666,0.4448820369621685,0.3216996746323723,3.0107099405796856,1.2086362774929662,0.3630399144173208,324
PID,0.5752777777777778,0.9191505587082108,1.4291010000380815,6.074638882280792,3.540887942903709,0.1636142575038154,325
GSCX,0.1244444444444444,0.7395779685244113,0.6776810670430616,4.85801754251505,1.7739518132257133,0.2429611682591313,325
PID,0.4463888888888889,0.8963224160977621,1.1669217251826265,5.935178800932093,2.9100424695927423,0.1798604644150194,326
GSCX,0.0125,0.5432554827720739,0.433731266325657,3.692602065693371,1.4295108847456646,0.3126933432417348,326
PID,0.2647222222222222,0.8495870593523964,0.8756255127058487,5.6092727377920975,2.824014308078428,0.2035684889174567,327
GSCX,0.115,0.6751740636039358,0.6263119838632037,4.602411250911367,2.504915908013263,0.2488054008228702,327
PID,0.3002777777777777,0.8647758362111773,0.926669884007256,5.698890672411631,2.4001612495413758,0.2003447989377111,328
GSCX,0.2583333333333333,0.8084277513008666,0.8392854737396805,5.335963015694868,2.211947287624157,0.2137500914037015,328
PID,0.3102777777777777,0.8548385646069276,0.954737474745354,5.63311987286729,2.477946951611256,0.199437110941042,329
GSCX,0.0144444444444444,0.3961561952193395,0.2994861346520395,2.6759381787131464,1.4147525014478917,0.3804453895515343,329
PID,0.2969444444444444,0.8578667390022671,0.9068924370999524,5.666749954661729,2.2794510230526077,0.2025331729382845,330
GSCX,0.1097222222222222,0.5543215376685233,0.5252651492778456,3.7546984856996977,2.826718711254561,0.2785275357050722,330
PID,0.7033333333333334,0.9354289116755932,1.9169762229933496,6.19559994132061,4.2180363784637525,0.1447686152516944,331
GSCX,0.0,0.3928365661357102,0.2899100953203408,2.65335473919123,1.167295527151338,0.3899506319304218,331
PID,0.1491666666666666,0.7510467414840863,0.6705055638038435,4.914707534084846,2.1482010120166724,0.2379464887433579,332
GSCX,0.0,0.34908759596103,0.250977744185085,2.34532807884409,0.8385681132092129,0.4246901360388539,332
PID,0.2497222222222222,0.8365988701399091,0.8414435396918,5.506356719625579,2.2933231222984736,0.2103401875734595,333
GSCX,0.0044444444444444,0.4542471125261337,0.3286111809012474,3.053148177308338,1.2507825499343903,0.358548403749116,333
PID,0.3180555555555555,0.794985888058863,0.9078200031112242,5.209625307549716,2.9083855238280205,0.2063227044323748,334
GSCX,0.0,0.3431168116671385,0.2471767847532577,2.3071473867027312,0.9905626586905348,0.4250496855587073,334
PID,0.5527777777777778,0.9102971100517648,1.50381982089857,5.99984885108466,4.058835212359073,0.1611961891111258,335
GSCX,0.0,0.3775055609759066,0.2619136868014465,2.546979767737442,1.1823996930676994,0.4013946956756641,335
PID,0.1919444444444444,0.7937602292625145,0.7530681910212964,5.2073305198978455,2.1966569107547773,0.2240305937402144,336
GSCX,0.2827777777777778,0.8369454236199037,0.9168855742822009,5.518687515541264,2.442155121292813,0.2043912814771502,336
PID,0.4225,0.8838989749435806,1.122359667382308,5.852644219282769,3.083429844535757,0.1827055584343135,337
GSCX,0.0247222222222222,0.5318370666880231,0.4155733497302347,3.5975627048540795,1.4031294831259735,0.3175911779703415,337
PID,0.5575,0.9124938986315108,1.505816352701973,6.01220055022629,3.7934661237135,0.1617074660347392,338
GSCX,0.0052777777777777,0.4162600356035945,0.3052614047757707,2.8075269954874,1.2769795847365295,0.375339540925795,338
PID,0.2536111111111111,0.8415748083084796,0.8339562935073623,5.554569433848062,2.212296656347785,0.2101172904874724,339
GSCX,0.2516666666666666,0.7997007396852064,0.8431684654695497,5.258986254396515,2.0580497918504377,0.2161401126702331,339
PID,0.1269444444444444,0.7731189487053539,0.6821848598337708,5.187683039359119,2.1214841546973098,0.2328007677695112,340
GSCX,0.1058333333333333,0.638199762766917,0.5628337761175025,4.356118407759397,2.291072449215943,0.262349408633888,340
PID,0.2486111111111111,0.8505083616017141,0.8690588841104694,5.626991829885982,2.5784597367696,0.2055005529405615,341
GSCX,0.0336111111111111,0.5137942784629299,0.4112944054656768,3.494551853134903,1.834356347311648,0.3164098074977929,341
PID,0.3097222222222222,0.8519641802479375,0.9327352057808784,5.617561954559696,2.413835303487859,0.2010081867033088,342
GSCX,0.0,0.3137239918902319,0.2207935015826561,2.100601622656456,1.0475231936858251,0.4454418383598609,342
PID,0.695,0.935477299230065,1.7862761059970038,6.174445452062388,4.035854273965285,0.1486717607872398,343
GSCX,0.0036111111111111,0.3845656873783752,0.2785023153436178,2.5916103358641687,1.236204096969152,0.39394485849804,343
PID,0.6516666666666666,0.9282840023361468,1.6764505570431898,6.127524162114494,3.8581436864762537,0.1533483431403122,344
GSCX,0.2861111111111111,0.8234915069101615,0.8754660627053064,5.439526262697129,2.4304812396830213,0.2076762586781271,344
PID,0.5711111111111111,0.9152372354018417,1.4966997809337137,6.0392462134428495,4.139026979610652,0.160262650269484,345
GSCX,0.2272222222222222,0.8160025016265526,0.8331873624736252,5.376038037561536,2.308010896171073,0.2141555046476047,345
PID,0.6869444444444445,0.9331639750396354,1.7351607724626483,6.162288738736404,3.890997501869448,0.1506190629871593,346
GSCX,0.0,0.3705117519522367,0.2702437825564551,2.502038177296204,1.0964241975914362,0.4046481586054017,346
PID,0.2602777777777778,0.8530894869681375,0.8814679961464514,5.636424752834648,2.6704124685712705,0.2037912923469391,347
GSCX,0.0,0.455557778198326,0.3277499965171609,3.065847464488375,1.0767928596882397,0.3612993804327266,347
PID,0.6038888888888889,0.9183219688086908,1.4257933393119302,6.070169253564103,3.5434981178252074,0.1629916010199596,348
GSCX,0.0,0.3585849394254291,0.2514256904453637,2.430301408365146,1.121458062547249,0.4126924482491103,348
PID,0.3047222222222222,0.8657814034796519,0.942144834012796,5.711913549917414,2.832282662848161,0.1972492863813414,349
GSCX,0.2433333333333333,0.7784738886558964,0.8238170560233501,5.11829244800011,2.23927430642814,0.2193001395580624,349
PID,0.6569444444444444,0.9279205456549184,1.6822521611123875,6.139941648589069,4.02299235285405,0.1525151720872125,350
GSCX,0.0166666666666666,0.4673286379722102,0.3459772575131845,3.1778143158784657,1.4416514403560272,0.3456891006132027,350
PID,0.7269444444444444,0.9407107115025748,2.0088767442936306,6.212666511520108,5.026993611566822,0.1401011295616461,351
GSCX,0.0,0.3243152072697856,0.2359252499732088,2.191850708856025,1.0650872640894236,0.4347036366468876,351
PID,0.2619444444444444,0.8499310858562672,0.878284074447949,5.608891693891387,2.2472609301029083,0.2064703974170723,352
GSCX,0.1286111111111111,0.6889006002455438,0.6262322340790495,4.51755541011564,2.419206243649036,0.2500674568538661,352
PID,0.2522222222222222,0.8504923428210677,0.8566681574257282,5.609046496801768,2.1309913773988134,0.2084999600366588,353
GSCX,0.1683333333333333,0.7127700351671223,0.6993319719113761,4.655504757562752,2.088733020809304,0.2416381337715415,353
PID,0.2691666666666666,0.8472748898146005,0.9093329680202404,5.596658744832893,2.969840472811081,0.201372634438469,354
GSCX,0.0069444444444444,0.4551232300800124,0.3408731610470826,3.093517239892681,1.2618503134027534,0.3545013854423856,354
PID,0.4730555555555555,0.9012315810826524,1.3573895686391444,5.955038731448192,4.734211854473606,0.1659997000383995,355
GSCX,0.2169444444444444,0.7955995219381238,0.8088541901424782,5.238904719104765,2.265742187850383,0.2188083475097484,355
PID,0.6566666666666666,0.9317640057316424,1.7218445857597071,6.159863175376964,3.966503930804605,0.1514710390941907,356
GSCX,0.1138888888888888,0.6866557713464169,0.6366318868020178,4.49877421641957,2.167412989402552,0.2526630945384299,356
PID,0.5383333333333333,0.9080640645616426,1.45520079204231,5.984459768471734,3.865082589251422,0.1637718930075504,357
GSCX,0.0,0.4040398126567368,0.2992253773034689,2.7420720406623937,1.0490145945806604,0.3851230365737371,357
PID,0.4775,0.8942822439076394,1.2815722559601777,5.890652477480439,3.5935313748998694,0.1729323329871905,358
GSCX,0.0,0.4508077618482351,0.3401103907622245,3.062596592206201,1.1961960770325,0.3581101049666632,358
PID,0.6352777777777778,0.9217849608182148,1.569093094594237,6.0929624842936105,3.912424840231,0.1567862269134733,359
GSCX,0.0,0.4253417294419162,0.3090629024219561,2.872695257590951,0.9884755401603808,0.3765863640488363,359
PID,0.4402777777777777,0.8884309977340341,1.1485340094036915,5.916385646406162,2.590775560542848,0.1823125079096535,360
GSCX,0.1805555555555555,0.7190928481391383,0.7087171499704179,4.720550667951779,2.0851357599493365,0.2388832555333467,360
PID,0.2747222222222222,0.8572418595532134,0.8917105489312914,5.652600204984165,2.133234986022202,0.2050961919091906,361
GSCX,0.0,0.3510352582853422,0.2440262935836264,2.350062763861028,0.990686420619567,0.4223331230249442,361
PID,0.1736111111111111,0.7562509773441128,0.699259681958168,4.942503263663926,2.020320200783813,0.2349941949736745,362
GSCX,0.0058333333333333,0.3648483146954188,0.2596045759304836,2.44794978607621,1.2880935102058997,0.4053615132735838,362
PID,0.4530555555555555,0.8853812939167837,1.1969498516292352,5.825995764696843,3.183676885739266,0.1789145061292103,363
GSCX,0.0047222222222222,0.4568156574978199,0.340136172940068,3.092954740556137,1.260050971667576,0.3548390224465464,363
PID,0.4641666666666666,0.8921467911119185,1.245047204975446,5.8841034658762,3.5488012155870576,0.1748105968723568,364
GSCX,0.0086111111111111,0.3567677498890518,0.2715574787244047,2.4143691301399794,1.3656977882768058,0.4037495811289991,364
PID,0.61,0.9203497780375914,1.5574054741351524,6.077137940825172,4.021025255699101,0.1575591011699283,365
GSCX,0.1380555555555555,0.6970017500122433,0.6535302416126342,4.761436693427176,2.1408524430937548,0.2442602060721208,365
PID,0.2872222222222222,0.8496059800081398,0.9118142944659592,5.599063047925148,2.44036828728984,0.2030433395251746,366
GSCX,0.0,0.3179895642859093,0.2284185172320678,2.129850457340296,1.0460686482461443,0.4414364823742779,366
PID,0.2741666666666666,0.8519347561440175,0.8950182011216026,5.6175276031689005,2.382623117975544,0.2043273774638433,367
GSCX,0.2263888888888889,0.7929534467961636,0.7806286902026083,5.266784541660392,1.9185704752465085,0.2214588022647374,367
PID,0.5438888888888889,0.912733945097686,1.3556386935941986,6.030491699279279,3.742088089553856,0.1665127979450267,368
GSCX,0.0077777777777777,0.5157409098942743,0.3851662811701828,3.489183615789333,1.2474308551372095,0.3295490051545806,368
PID,0.2955555555555555,0.8629964615536716,0.9247634728890534,5.693157098435955,2.5500389446327896,0.2000098628367063,369
GSCX,0.0,0.3498588535827209,0.2506958845786028,2.3727568427278025,1.1573098783260023,0.4162254611738592,369
PID,0.4605555555555555,0.902683631746648,1.2156455116428777,5.971825706456558,3.2902227207586736,0.1757797023572374,370
GSCX,0.0,0.3213670000838668,0.2251901114702832,2.162722215241651,1.0219503667219956,0.4401580693553136,370
PID,0.2972222222222222,0.8597744837930252,0.9383836491750156,5.6633027486939005,2.378868268257732,0.2006435477967961,371
GSCX,0.0130555555555555,0.4649517904108912,0.3472228802163473,3.1531363427403023,1.4055069321139848,0.3476462080017434,371
PID,0.5013888888888889,0.9031025640911144,1.2919811533265728,5.963246520082537,3.349880184329415,0.1718778242456156,372
GSCX,0.0247222222222222,0.4373677457005406,0.3310151950394102,2.9674835490597857,1.3659840615160963,0.35865538994024,372
PID,0.7730555555555556,0.9505015183287788,2.338156727882428,6.287411688812992,5.115084433221175,0.1318016598727431,373
GSCX,0.0158333333333333,0.5250306876827158,0.400901872647312,3.5474908398500227,1.639753729402264,0.3193376738217827,373
PID,0.315,0.8358552836942548,0.942946205558011,5.496288918790265,2.5218425571296588,0.201828651046399,374
GSCX,0.0097222222222222,0.4386626534253793,0.3259495174569882,2.9740453773965205,1.416989403192363,0.3601501759469958,374
PID,0.6838888888888889,0.933631018475877,1.7709667270950362,6.166060791503264,4.059841736098155,0.149311928846213,375
GSCX,0.0016666666666666,0.4052284692305451,0.2895905055903972,2.733168429697916,1.208134110971825,0.3840018563304828,375
PID,0.6166666666666667,0.9275618921902816,1.6173580047654892,6.138171153323112,4.159826610030171,0.1547819315843981,376
GSCX,0.0,0.3809845250632614,0.2707516168687288,2.5664364532846635,1.0495369456172103,0.4010480175633371,376
PID,0.2383333333333333,0.8200144614201805,0.8185847838273076,5.403741621382338,2.0642236819551285,0.2152018819210481,377
GSCX,0.0125,0.3714290742225674,0.2739328644950667,2.501104596763651,1.3046034923086889,0.3979452871427481,377
PID,0.5683333333333334,0.9126077998148184,1.473035807333014,6.047184686783579,4.717755666819668,0.1591851870173183,378
GSCX,0.0,0.3835460665905103,0.2838872953016205,2.580491706144234,1.1412313570691712,0.3960409191618941,378
PID,0.2738888888888889,0.8632469410498553,0.8894867325073557,5.691466562976547,2.3510167766722123,0.2034620811337677,379
GSCX,0.0,0.3416920095356305,0.239542932893393,2.293251463261985,0.8684539529441433,0.43027202645296,379
PID,0.4822222222222222,0.9011915865365072,1.240184628350823,5.960785157838611,3.295540376157698,0.1744074148620973,380
GSCX,0.0,0.4660223778291674,0.3295652343075538,3.137080813935968,1.154433238911296,0.3560312637939155,380
PID,0.2652777777777778,0.8576803412006001,0.9256144495911552,5.6643701231136445,2.5403318513712043,0.2017439069690563,381
GSCX,0.0219444444444444,0.5139839345430575,0.392179998121116,3.462587719138862,1.388971606415521,0.3264541279185486,381
PID,0.3161111111111111,0.8685693264101255,0.942950030379221,5.730250499258905,2.705348421049768,0.19706600925887,382
GSCX,0.2758333333333333,0.8189982943289391,0.8689566316338359,5.393591830729656,1.9354274091748516,0.2118534868798801,382
PID,0.2230555555555555,0.8115393697009947,0.8030693269120923,5.3375216005128845,2.5784096325222325,0.2150923298375977,383
GSCX,0.1822222222222222,0.7440825162955879,0.7052981667330189,4.878168379395285,1.8255164439330869,0.2370056753774386,383
PID,0.1769444444444444,0.6975150988388329,0.651429064903275,4.775347645806709,2.158844135684556,0.2416724984329586,384
GSCX,0.0055555555555555,0.4676454089771956,0.3287736463335803,3.153732784027428,1.2788900341585192,0.3527436053079243,384
PID,0.4311111111111111,0.8932090638141393,1.181547356987134,5.924613067631819,3.432690794668245,0.1779899496595596,385
GSCX,0.0,0.3774324543117233,0.2734560958442945,2.5381440884931554,1.1187474218878295,0.4010834979561775,385
PID,0.2547222222222222,0.8563323376712287,0.8922462882213221,5.646931168236204,2.1969710411401726,0.2056933819758435,386
GSCX,0.1794444444444444,0.6987100600365762,0.6867384058475935,4.562282496746493,2.019455029511354,0.2445938823476023,386
PID,0.2980555555555556,0.867950243423777,0.9230273652077264,5.724231806198059,2.284537775717685,0.2007391644782747,387
GSCX,0.0033333333333333,0.429856229917283,0.3088761916123939,2.9061718196737902,1.2301490196268317,0.3701906953259674,387
PID,0.6475,0.9285797827495392,1.6795341083305917,6.136389172716464,4.093484899087641,0.1526297459665223,388
GSCX,0.0,0.4579687010894959,0.3231637103564501,3.0966919849039125,1.1040908195017858,0.3599842786305014,388
PID,0.3863888888888889,0.8758887919591335,1.1226867658103128,5.782261322029702,3.065818552995309,0.1849391484187007,389
GSCX,0.0,0.4146714355891273,0.2900252179030254,2.7948037740952216,1.0356406367625706,0.3834226330382625,389
PID,0.6,0.92110588165971,1.5805180656639397,6.087859250484156,4.100132733706389,0.1568422219011013,390
GSCX,0.2730555555555555,0.8176321653331877,0.8640544721929994,5.3828367541681805,1.8329366396030056,0.2129746177389767,390
PID,0.3572222222222222,0.859373935692323,0.9993422111723396,5.6615016768663775,2.5811024712920205,0.1947618865012222,391
GSCX,0.0208333333333333,0.3950268649426789,0.298155325869649,2.638418718389939,1.516606478910441,0.3799383999148996,391
PID,0.1983333333333333,0.768875775414051,0.7406438228480763,5.029547184505285,2.533088060737384,0.226073115537368,392
GSCX,0.1480555555555555,0.6365641036798949,0.608938605366047,4.320651620944977,2.396059005514364,0.2561411757634173,392
PID,0.4075,0.8595519267933153,1.0662399169495234,5.660173334621188,2.7349238674612804,0.1895226638004766,393
GSCX,0.0,0.4442157072410014,0.3197246064022994,3.0024875765185373,1.1709316541890895,0.3645674575769921,393
PID,0.3547222222222222,0.8729155004173584,0.9871982894124608,5.81347571362597,2.2345485300113643,0.1946921227101005,394
GSCX,0.0102777777777777,0.4556986030212149,0.3369988745300953,3.0862263675285564,1.3140173840264218,0.3541199092695345,394
PID,0.2580555555555555,0.8392371646956974,0.8958223444019255,5.602698910769294,2.59970594130862,0.2043307414240806,395
GSCX,0.2858333333333333,0.8304594391914089,0.9022526830654756,5.470049047811675,2.44043629399462,0.2057872496923631,395
PID,0.6591666666666667,0.9280748585783306,1.725563045305915,6.135558031990212,3.9242467010323487,0.1516697025241534,396
GSCX,0.0638888888888888,0.6206337778499856,0.5210804643643517,4.031423247718825,1.7986947746000763,0.2822304245340744,396
PID,0.3002777777777777,0.8459937354846776,0.9240628727451572,5.589413517565314,2.5686480022902654,0.2015325904492851,397
GSCX,0.0391666666666666,0.4860167172978448,0.3902365509694431,3.3145537585988243,1.8561448851483335,0.3257365492621728,397
PID,0.4272222222222222,0.8830853229712439,1.1100749542188282,5.897918418391845,3.085277061530425,0.1824751667015993,398
GSCX,0.0,0.4687460932488749,0.331379523381265,3.1684049499403115,1.0154969178721256,0.3563468571305676,398
PID,0.2808333333333333,0.8441958521658872,0.8981211626450616,5.559012864733132,2.757420786091513,0.2030374507107315,399
GSCX,0.0,0.4170219590382831,0.2890896571326649,2.8176863493660407,1.1395747643554872,0.3804309805959997,399
PID,0.2533333333333333,0.8383037620968559,0.8547577489138577,5.533446139312336,2.6950774021181925,0.2069999523219489,400
GSCX,0.2563888888888889,0.8195764583558752,0.8624417522035545,5.40082091307682,2.006256394823055,0.2125433608063538,400
PID,0.6555555555555556,0.928762338869251,1.647340701381066,6.138978887129093,3.8225802712758647,0.1540137771665064,401
GSCX,0.0,0.3570306123428403,0.2556616958075807,2.40963254345248,1.0635992896631257,0.4144399248275716,401
PID,0.7088888888888889,0.940357763836036,2.0716795272654704,6.2123995481666565,4.907252085188984,0.1393901619561776,402
GSCX,0.0,0.4012133311621338,0.284242643742807,2.71384534245746,1.1625625249929432,0.3872117466043374,402
PID,0.4166666666666667,0.8868180276768086,1.155491655393244,5.889092409699449,3.255397352704066,0.1805508583869279,403
GSCX,0.025,0.4205265380893149,0.327178527586656,2.850977725934053,1.5670722538019075,0.362315664145331,403
PID,0.7263888888888889,0.939267195570341,1.9684478400498384,6.204563729618251,4.228788959778015,0.1429918875550069,404
GSCX,0.0127777777777777,0.4439747020018195,0.3261544334712666,3.010720279944512,1.3627845230565363,0.3585999883339444,404
PID,0.2933333333333333,0.8287748924393881,0.8884811449411687,5.452723352259035,2.504076359131597,0.206077062943221,405
GSCX,0.0777777777777777,0.6002723060090239,0.5099850993389116,4.092139047496004,1.8617941740750648,0.2805404865423044,405
PID,0.2961111111111111,0.8462211534155452,0.901257889152072,5.580400730598732,2.4434030117481176,0.2034735819453036,406
GSCX,0.2875,0.8186910859221911,0.8780637653662138,5.394156720522232,1.967176876862098,0.2107127540805504,406
PID,0.3430555555555555,0.8642148498285385,0.9828928663567106,5.696955204846943,2.78514609655664,0.1945038561347596,407
GSCX,0.15,0.5903584277968755,0.5750465214806925,4.000899890996179,2.3144632130032483,0.2683653827882286,407
PID,0.6569444444444444,0.9293346539100444,1.738829977329491,6.129806803031915,4.107802932563752,0.1509154513151402,408
GSCX,0.0116666666666666,0.4264191597236541,0.3134108538916693,2.8945165287939583,1.352349422485444,0.3671516816308939,408
PID,0.6830555555555555,0.9317259838507382,1.7691940122284329,6.159794022832587,4.10549181847032,0.1493198647113762,409
GSCX,0.0,0.3428565691114039,0.2414388854290634,2.2955185812823604,0.8903236437452491,0.4291590262245194,409
PID,0.6519444444444444,0.9274375078355008,1.7172539949156078,6.143464117971926,4.735913192042681,0.1497725088503282,410
GSCX,0.1752777777777777,0.7938058176175334,0.8185388003430814,5.249007698943464,3.2560666698241327,0.2145571089018459,410
PID,0.5552777777777778,0.8940181086024241,1.4864997742476715,5.894776370623807,3.9184642757176977,0.1632353741882085,411
GSCX,0.1727777777777777,0.7090777038016891,0.7118866817280568,4.625941225607947,2.162641590077542,0.2407588035179429,411
PID,0.5927777777777777,0.9192368944224636,1.5626035344338092,6.090745224498096,3.884783887488731,0.1581469438478011,412
GSCX,0.0066666666666666,0.4081765615827614,0.3049533178268218,2.766839685761841,1.242732207888211,0.3783126201265687,412
PID,0.6252777777777778,0.9220260519811008,1.6087697794425708,6.084281318580816,3.745281880130575,0.1565246874809638,413
GSCX,0.0,0.3765162217319537,0.2690239739640538,2.5504189859326343,1.0304120760547992,0.402956935817723,413
PID,0.0663888888888888,0.6436878419150902,0.4851113170473425,4.1619249274879575,2.091016395972683,0.2779888517291283,414
GSCX,0.0077777777777777,0.5308898157995902,0.4051648638180795,3.611329781209952,1.3712666654352224,0.3204227562115244,414
PID,0.2519444444444444,0.786905295752653,0.8201609370820948,5.177422196987148,2.6979170476410577,0.2153280555889397,415
GSCX,0.1272222222222222,0.7358277011927612,0.6591278070595764,4.967620621288496,2.2580744338370486,0.2384915073481729,415
PID,0.2586111111111111,0.8359576379685788,0.8801424283221875,5.503538572785452,2.4855188815280784,0.2071487237683048,416
GSCX,0.0133333333333333,0.3562847244788909,0.2632308628901994,2.386072463431008,1.355073026614808,0.4063472193214902,416
PID,0.2655555555555555,0.8547446536312607,0.9165282698783276,5.653825540070005,2.651790445822808,0.2017990164747491,417
GSCX,0.1925,0.7976677524132095,0.7716961007173103,5.260512226160473,2.3326435589998504,0.2211698124258789,417
PID,0.3494444444444444,0.8756177968542653,1.010986141770127,5.80492755587351,3.02155585483905,0.190480959534825,418
GSCX,0.0,0.3587754084583063,0.2531659870350171,2.411994283795825,1.1322175434960522,0.4132238876980894,418
PID,0.7508333333333334,0.9451901961887867,2.1790150720673718,6.249801490402141,5.372632730507066,0.1350396593551405,419
GSCX,0.0644444444444444,0.5812288420197288,0.4976824624005244,3.9507457955141736,1.7132012783949746,0.2888676213003814,419
PID,0.6986111111111111,0.935775085123824,1.8297581571954409,6.193330333564036,4.359102399757409,0.1465587612202098,420
GSCX,0.2083333333333333,0.7863898481052414,0.8432471206076371,5.205764491234609,3.672459527087288,0.2104158668251065,420
PID,0.5302777777777777,0.905704761456136,1.4749735662601668,5.977136296398196,4.306442330142015,0.1620985504849159,421
GSCX,0.0013888888888888,0.3757802184901278,0.2771515090459004,2.530658397720403,1.204220293917624,0.3991070344676579,421
PID,0.4233333333333333,0.8847233787717326,1.1677352455020749,5.8504835554645,3.231170426208165,0.1804605502138951,422
GSCX,0.0094444444444444,0.3701687096768334,0.2740032964313677,2.4887338530242724,1.2906930852291865,0.3994624819006928,422
PID,0.6597222222222222,0.929212136971405,1.7152382543305924,6.147088518773313,4.205373369031144,0.1510401633962959,423
GSCX,0.2461111111111111,0.7959993766251052,0.7975914393543385,5.242094108254561,1.8890393105598813,0.2201150331754293,423
PID,0.6433333333333333,0.9258376133443053,1.6299321101484667,6.130699446114107,3.7083653874760567,0.1551919249011915,424
GSCX,0.0083333333333333,0.3840355183440614,0.2859967381348364,2.579846211843486,1.3768698311229064,0.3900283355030282,424
PID,0.5841666666666666,0.914797488789246,1.4409330480840463,6.042188387609777,3.5411258259954943,0.1633839315448502,425
GSCX,0.0,0.2952920572222174,0.2141604709517214,1.978651805113884,1.01976244765113,0.4580101830587324,425
PID,0.3338888888888889,0.877301692883546,0.9992191251794535,5.794802821641696,2.874419652064184,0.1922734146091765,426
GSCX,0.0038888888888888,0.3918300347575602,0.285381353523179,2.654859767612576,1.2424401100414886,0.3887381583260453,426
PID,0.1294444444444444,0.7382821907460132,0.6232155878104177,4.828485556867815,1.9757512394775745,0.2454428219811465,427
GSCX,0.1197222222222222,0.6166842588387703,0.5767351498426787,4.208574471708477,2.3587528572827643,0.2640131436737463,427
PID,0.7022222222222222,0.9376627711816248,1.811737990807724,6.194910324613674,4.4904714589627455,0.1465382367925263,428
GSCX,0.085,0.6374238639238716,0.5605472673210141,4.284229869482945,2.0149224089404303,0.2681170816824065,428
PID,0.5669444444444445,0.9179351219147288,1.4776462530351084,6.063110319586647,3.875504910990839,0.1614837037744562,429
GSCX,0.1333333333333333,0.6874873377741251,0.6311716775624678,4.483390432250734,1.7600835374982,0.2552721252185776,429
PID,0.5222222222222223,0.905191707213611,1.5124509977122365,5.970824475809125,3.948856016401956,0.1624192443520125,430
GSCX,0.2047222222222222,0.7093783576983347,0.7112215065360482,4.638332783202574,2.138139322958462,0.2388756029863794,430
PID,0.2763888888888889,0.8413200199797629,0.8891518520811352,5.541916768994868,2.304060269756954,0.2062192408397854,431
GSCX,0.0069444444444444,0.3982200756359563,0.2770344442473826,2.686870380421489,1.3168645677940214,0.3862033117529473,431
PID,0.7455555555555555,0.9452624822402276,2.0576807477768453,6.245480230924107,4.82599814997609,0.1389002641657876,432
GSCX,0.0,0.3343672090993228,0.2331699863902385,2.2565302010984296,0.9550841373564716,0.4326479807450907,432
PID,0.6305555555555555,0.9251013050956098,1.6172184710948705,6.120781395491548,3.683563968593611,0.1560039859626565,433
GSCX,0.0,0.3554617720657189,0.2492202319082228,2.373080630233817,0.9536773913013472,0.4203235586747896,433
PID,0.2911111111111111,0.8589850489043055,0.9005572287506362,5.6651603949790434,2.3112620463992792,0.2029045824022279,434
GSCX,0.0097222222222222,0.361376173956115,0.2728691174028656,2.4328549094390453,1.449808194995981,0.4003244659662768,434
PID,0.7305555555555555,0.9414624850162524,1.951910140180287,6.21997795661238,4.435459899691205,0.1426419104623793,435
GSCX,0.0,0.3633136646797291,0.2553448359220837,2.4449102523763497,1.0073919264257312,0.4130565373635372,435
PID,0.3202777777777778,0.8798594659088914,0.993549465710323,5.818540394700546,2.689378301905039,0.1934859666230881,436
GSCX,0.0,0.33136328586753,0.22951360803253,2.2246710798710567,0.9663084845558936,0.435507758732683,436
PID,0.2605555555555555,0.8388985691332091,0.8582344866907319,5.543114341085901,2.731943278249822,0.206183821471028,437
GSCX,0.0077777777777777,0.4227350921811393,0.3088593226765823,2.8569761584592923,1.2642645576082454,0.3718291488614276,437
PID,0.2897222222222222,0.8582139179681201,0.8907935444813128,5.661450319457643,2.3400932550476936,0.2033301333332878,438
GSCX,0.1186111111111111,0.6812315950421842,0.621870183577355,4.613538710631144,2.050757833999742,0.251885868260414,438
PID,0.7294444444444445,0.940829390942619,2.0250577439603066,6.225472475582106,4.511709829538878,0.1408311512522584,439
GSCX,0.1472222222222222,0.6291779150203552,0.599984319166898,4.2020789519108925,2.300595140874782,0.2606111691204657,439
PID,0.5736111111111111,0.8941496142200778,1.40534885583439,5.901260938667472,3.4147077839336197,0.1667481386529367,440
GSCX,0.0,0.3894150356337312,0.2753420829640204,2.62780146833242,1.0707088805620424,0.3958313203602972,440
PID,0.6838888888888889,0.929761292013726,1.7897826792469849,6.136472111906502,4.055699088456035,0.1491314981092323,441
GSCX,0.0,0.4305608623636888,0.3082805399430255,2.9141748787932387,1.1552157638720526,0.3715472005456881,441
PID,0.7044444444444444,0.9352918480075092,1.8061953873355272,6.181506640588296,4.029222711929377,0.1479470551845773,442
GSCX,0.0,0.3789414455102519,0.2818055504960854,2.5648215860173806,1.19782481637751,0.3965207227174563,442
PID,0.4833333333333333,0.8901356849242142,1.2702150333441895,5.873474544205914,3.366124025048557,0.1741922994327434,443
GSCX,0.1122222222222222,0.6557268119997406,0.5920890052231785,4.302051129469868,2.1126882252207286,0.2619283701773445,443
PID,0.3180555555555555,0.8696239298133122,0.9331532825586688,5.737081008869278,2.458681122083978,0.1984569959617372,444
GSCX,0.0,0.4756276551087066,0.3406357867462655,3.203994682856773,1.048765659388822,0.3526115682423466,444
PID,0.2616666666666666,0.8645438769557293,0.915706640306665,5.706217267524848,3.1990036203074355,0.1984502939662678,445
GSCX,0.2272222222222222,0.8115433131038028,0.8235235435903752,5.342407387046451,1.990543654993972,0.2170609736378155,445
PID,0.2444444444444444,0.8574800892814353,0.8661056461217519,5.672169850997054,2.1084289777989897,0.2074130407838263,446
GSCX,0.0,0.3760903692580546,0.27069165347625,2.5215257888383986,1.1530431350420116,0.4019453047741558,446
PID,0.2852777777777778,0.863839030042945,0.9256422397373512,5.7197660935627415,2.3428046855443383,0.2009942582966934,447
GSCX,0.0,0.4246558944452137,0.3074182021326685,2.8709763269672384,0.9971035873824938,0.3768253438822928,447
PID,0.4358333333333333,0.8946979755268785,1.2044701427118971,5.901408975226194,3.774027959184887,0.1760023884704498,448
GSCX,0.0,0.5055828427732261,0.3783146867011009,3.43533719254537,1.1601480870432206,0.3349809682162437,448
PID,0.2777777777777778,0.8488318013579387,0.9019549133408452,5.593774648305124,2.051624986810709,0.205934258497107,449
GSCX,0.2694444444444444,0.8253826127586806,0.8713074059624804,5.4466236160426025,2.2219530346551064,0.2095444392269395,449
PID,0.3597222222222222,0.8451795207914992,1.0086549582235926,5.588369028776131,2.891312853929497,0.1940820439813431,450
GSCX,0.1722222222222222,0.6731591399195612,0.6459425350905634,4.387800612565415,1.819186443308752,0.2538255823066804,450
PID,0.1647222222222222,0.6852014884750719,0.6287212122090399,4.695710736463655,2.217554562698817,0.2454432520966334,451
GSCX,0.2336111111111111,0.7795370416744174,0.8142964508826971,5.117062734582368,2.228939684012031,0.2203335429212994,451
PID,0.2583333333333333,0.8650279585725207,0.9045625584517456,5.710247478533434,2.4653925246225006,0.2025501694470098,452
GSCX,0.0591666666666666,0.6745569217837146,0.5616429878666579,4.49393321346773,1.5876595428090563,0.2670997002412956,452
PID,0.2772222222222222,0.8466094807162508,0.8662858003449762,5.5882308608943125,2.256774523358677,0.2067053302038181,453
GSCX,0.0280555555555555,0.4859826113714573,0.3798999903987558,3.2927240369054838,1.7202625400338996,0.3307400406027505,453
PID,0.2788888888888889,0.8428359808679751,0.8665498565942276,5.580063589970499,2.247239663816188,0.2068654104043852,454
GSCX,0.0,0.3470123371122292,0.2449357560130425,2.315618694078492,0.9572172851476384,0.425365841125567,454
PID,0.3808333333333333,0.8794907341641822,1.0685518443385429,5.807697911489489,3.151440192353506,0.1864670326146868,455
GSCX,0.0,0.3643270107885023,0.2625313986467669,2.456800626070557,1.1696530692678064,0.4076690238874807,455
PID,0.2711111111111111,0.8497883613626118,0.8594454340391791,5.604821038603174,2.01372661040872,0.2082361387716449,456
GSCX,0.0,0.3345712083160522,0.2314822775726289,2.268137389027052,0.9687069900914592,0.4319131142906267,456
PID,0.6908333333333333,0.9319613494638032,1.748448799787427,6.166496883458349,3.794004414030611,0.1504423593764017,457
GSCX,0.0041666666666666,0.4062885145025488,0.3037271075532692,2.754397363573129,1.249117801586049,0.3795023883553539,457
PID,0.3541666666666667,0.8750678875894914,1.0013499979226608,5.793224995585478,2.5132691077581684,0.1931003970963312,458
GSCX,0.0,0.3341824761053553,0.2352647983540472,2.249432579446783,0.9521059152994116,0.4327641393465562,458
PID,0.6430555555555556,0.9288309131482636,1.695786339273321,6.141688046649822,3.7642411574983776,0.1531934508790654,459
GSCX,0.0,0.3468987034366464,0.246649813204388,2.345545553591301,1.1585202245042925,0.4188687676774075,459
PID,0.6841666666666667,0.93305054344312,1.8652115367153836,6.167155860805803,5.255643610362047,0.1439894369921381,460
GSCX,0.0277777777777777,0.5133753178660818,0.3973902640759881,3.5025432243290155,1.5411321741420565,0.3218795757963239,460
PID,0.2716666666666666,0.8496247295511501,0.9026077587742356,5.607956140637618,2.664609887133977,0.2028642745588372,461
GSCX,0.0,0.3562685971701048,0.2607934239372285,2.3976503158347366,1.0896844277511402,0.4137132065381453,461
PID,0.1836111111111111,0.8199134894124052,0.8117409815472705,5.402566641630283,3.5305891979853983,0.2100815492941928,462
GSCX,0.0088888888888888,0.4482612394974767,0.3453161337084153,3.040608475350206,1.2733549958435637,0.3561926167058146,462
PID,0.2852777777777778,0.8545326703765287,0.9055914442580666,5.648531018422317,2.911079005406083,0.2003091408938959,463
GSCX,0.0125,0.4059626833914762,0.2974153217856186,2.7460737827994137,1.3366489753665638,0.3782343153147462,463
PID,0.3675,0.867519476497464,1.0230271163955784,5.727183921070981,2.7199011853563664,0.1917870602541434,464
GSCX,0.2958333333333333,0.8279905027838033,0.898928287723857,5.454624310823725,2.2139806143413208,0.2069516568734827,464
PID,0.2125,0.8399437383540042,0.8243338773824793,5.543160537540781,2.468087040130694,0.2112593376424924,465
GSCX,0.0591666666666666,0.6375081574613491,0.5330698886252695,4.345063800615455,1.738436299066061,0.2730892226172261,465
PID,0.5438888888888889,0.913803315628846,1.3956180971126644,6.036596961607301,3.806804004917327,0.1650190693877736,466
GSCX,0.0080555555555555,0.4507898215011879,0.3208709365452259,3.052857683291668,1.3526986276628197,0.3578210520083136,466
PID,0.2869444444444444,0.8644817139649033,0.8837359941181535,5.711133199814289,2.5248169025106604,0.2020224280422852,467
GSCX,0.1738888888888889,0.7790690352765142,0.7487196168183228,5.120954433620674,1.979658860954615,0.2284171674500945,467
PID,0.2958333333333333,0.8549242731266097,0.8917594052933693,5.633285089175527,2.0159392037943324,0.205126223809601,468
GSCX,0.0,0.3940117491802362,0.2779089329780063,2.655380187333601,1.0493807448842545,0.3939623119366965,468
PID,0.2788888888888889,0.8438669786622254,0.8811883738104827,5.576810309964729,2.24646950038875,0.2062112397138636,469
GSCX,0.0,0.3647840354580768,0.2538644809163215,2.448619968417103,1.0760815619556563,0.4115987674322992,469
PID,0.2491666666666666,0.8497336219053424,0.8472059149476767,5.6092361416341,2.2716184991253394,0.2083637122228487,470
GSCX,0.0,0.3837347457485869,0.2769915980685621,2.58184753131086,1.0840734560645908,0.3982307651823395,470
PID,0.6152777777777778,0.9205212604574998,1.607208756727558,6.076169710916042,4.106224969947531,0.1558397428043144,471
GSCX,0.0,0.3210933254507541,0.2318617485274367,2.16879946872635,1.1262384980081337,0.4359638140484015,471
PID,0.3072222222222222,0.8529537152028731,0.9090299883894016,5.615318763043969,2.059933659234294,0.2039343842254804,472
GSCX,0.1861111111111111,0.7735758515148414,0.7557740948324537,5.093333586385467,2.106928539977865,0.2272174757988556,472
PID,0.255,0.8404449788148157,0.8652093736964482,5.539567132341452,2.5155486807679392,0.2072261890149997,473
GSCX,0.0,0.4112417407520319,0.3003520084623484,2.785547991274428,1.1825266879091243,0.3798972085476789,473
PID,0.6675,0.930979888069096,1.7394649941036344,6.1609499252572855,4.20747569303352,0.1501257603460829,474
GSCX,0.1072222222222222,0.5698662875050382,0.5183177680997705,3.871350028815281,2.481980560350249,0.2788138987207169,474
PID,0.3397222222222222,0.8510287691819456,0.9917188603839138,5.612651537626215,3.504370563901066,0.1923621300279332,475
GSCX,0.0,0.326499750589366,0.2340852593613581,2.207307557585354,1.0494602408360296,0.4342329175653749,475
PID,0.3738888888888889,0.8507855243766969,1.0569841976632082,5.652476989823966,3.2782666251437225,0.1889936189181935,476
GSCX,0.2802777777777778,0.818869268618947,0.8814233062240092,5.3957249133765535,2.169229372140785,0.2097691230128089,476
PID,0.4194444444444444,0.8889673771293755,1.122772714782034,5.893079090391415,2.9868015418808347,0.1826309354015875,477
GSCX,0.0286111111111111,0.5018646811126763,0.388044758702054,3.4102076621947144,1.4344677731491753,0.3281907735265655,477
PID,0.6633333333333333,0.9282948291879884,1.6836865379470898,6.133083420680148,3.882510952185395,0.1527743428868513,478
GSCX,0.0122222222222222,0.367408501200701,0.268505821354606,2.463802596053384,1.3092542256008324,0.4012271344222863,478
PID,0.6805555555555556,0.9337042750618753,1.793141344332529,6.163105906669717,4.197595397013124,0.1485006673246271,479
GSCX,0.0,0.4106815484023746,0.3023414926096015,2.783887587726435,1.0378235039627055,0.3822218211857425,479
PID,0.2861111111111111,0.8538835859575739,0.8995167439514596,5.624370033589841,2.7085479450921333,0.2018822528870657,480
GSCX,0.0041666666666666,0.4059430508874762,0.2828160840813046,2.762068078182464,1.2382036270939565,0.3826657036397162,480
PID,0.4683333333333333,0.8953264815910009,1.2378083242971831,5.899239039540334,3.405664917954164,0.175246966676557,481
GSCX,0.0,0.3789024287399128,0.2817466348317871,2.557205731151657,1.1041035809126571,0.3987333315668702,481
PID,0.51,0.9050010173179768,1.2785036133938446,5.968110322979157,3.3290148195781653,0.1720600369579108,482
GSCX,0.0,0.442381491453771,0.3169636155025231,2.995644499755221,1.1237061805535062,0.3661592722852961,482
PID,0.7119444444444445,0.9373622341774048,2.0513488813373884,6.190637882979886,5.416095804383493,0.1387559919676539,483
GSCX,0.0,0.4459089253014215,0.3095727744856059,3.002865712834203,1.0743326299984657,0.3674968197178899,483
PID,0.3894444444444444,0.8550969345590411,1.0936319755561807,5.6525517876348665,3.1494732021683296,0.1874919209248406,484
GSCX,0.2472222222222222,0.8203119390766315,0.8609293145051794,5.412937471644544,2.298904344868227,0.2112476050725534,484
PID,0.5583333333333333,0.9112186746039388,1.4439235333588734,6.007630852769683,3.8056096483030704,0.1635044475976193,485
GSCX,0.0438888888888888,0.5689672298268389,0.45951037522179,3.867990581747087,1.942869971453965,0.2947829326680774,485
PID,0.2002777777777777,0.8088562754048004,0.7460520732892195,5.469306621526945,2.26543385812375,0.2187690852792157,486
GSCX,0.0,0.3319146504636741,0.2368038066095067,2.218720176808296,1.0379033109626936,0.432723177652068,486
PID,0.2380555555555555,0.8385126621607204,0.825208311191277,5.547762499528302,2.3231515032548646,0.2108098905498756,487
GSCX,0.1905555555555555,0.778048157233723,0.7864566112389753,5.12366937402502,2.3020380433254144,0.2234482907007033,487
PID,0.2602777777777778,0.8427134966749292,0.8612947476382461,5.561190068502111,2.31793347906182,0.2078357565566506,488
GSCX,0.2186111111111111,0.7834844230019955,0.7832896835726375,5.162965114490575,2.3978236350484305,0.2208688176367439,488
PID,0.2555555555555555,0.8459660179433641,0.862748213274741,5.566146084338111,2.3969620778084337,0.2074236992968207,489
GSCX,0.1922222222222222,0.7861463395809336,0.7710485940504075,5.173736670611868,1.983668019178916,0.2250736793907705,489
PID,0.2294444444444444,0.8292411030977056,0.831308507713213,5.463218687187905,2.6839309994849505,0.210471346886918,490
GSCX,0.1238888888888889,0.7201172229728665,0.6835048405575668,4.94480873631765,2.11960007964156,0.23895821685708,490
PID,0.42,0.8828939957310595,1.203481480031643,5.880889945911517,3.738354437847956,0.1770523842532282,491
GSCX,0.0,0.3459178528785384,0.2483165366179314,2.3380188759255485,0.9307957783979302,0.4239419837938548,491
PID,0.2972222222222222,0.8554381610520642,0.9013021974699312,5.6452574168506615,2.1149597286778623,0.2039468997016989,492
GSCX,0.0086111111111111,0.4299091664583599,0.3054070585513024,2.8925309154100254,1.3676315664316332,0.3683893079137043,492
PID,0.6947222222222222,0.9353316946462022,1.8178801263068989,6.183101738058952,4.047144224328701,0.1478189490200437,493
GSCX,0.0905555555555555,0.7032971616673823,0.607071510181436,4.653226358386206,1.842354309828953,0.2548076026933707,493
PID,0.1136111111111111,0.6391328788705695,0.5299190242405339,4.2833754862285,2.342012128512616,0.2656497799327909,494
GSCX,0.2716666666666666,0.8170631201400539,0.8852394166108736,5.416993000518313,2.473004623680811,0.2080811851472248,494
PID,0.24,0.8588965067834955,0.8567160544191188,5.668687197756812,2.292830746302916,0.2071220449222949,495
GSCX,0.0,0.41233654958733,0.2897439759333511,2.776279272044561,1.0897738942005175,0.3836208573750426,495
PID,0.2880555555555555,0.8581511392737446,0.9070203765103996,5.676284108018966,2.4738106477432904,0.2017958743960571,496
GSCX,0.0316666666666666,0.4602264610424785,0.3602285446594212,3.1206441753552645,1.6540507057874856,0.3417948616929168,496
PID,0.7172222222222222,0.9398761712237712,2.088750836152077,6.205734852643853,5.740129744220311,0.1370122926623669,497
GSCX,0.0,0.4743160204861396,0.3383611773798795,3.203078269348429,0.9481720028197156,0.3545473754865808,497
PID,0.6833333333333333,0.934978656828133,1.8461776753412988,6.168547247192677,4.170660825025356,0.1471813301844324,498
GSCX,0.0,0.3222847644372377,0.2266297318035384,2.1671448308100767,1.0551498390035825,0.4387043354433679,498
PID,0.2627777777777778,0.84897556712853,0.8912132899192469,5.598576799733376,2.5879584250244765,0.2042813993164534,499
GSCX,0.0,0.3575647814911666,0.2519294106046862,2.4063607582345683,0.8961787591561468,0.4187965578024696,499
PID,0.3002777777777777,0.8504813718633893,0.9414290560362928,5.606064117018713,2.442741105100544,0.2010528037453214,500
GSCX,0.0202777777777777,0.5694121330898331,0.4408148017423834,3.881401254798953,1.4548831210664737,0.3035374927221566,500
PID,0.2744444444444444,0.8639310670319974,0.932097742130403,5.715962159405911,2.669082234090025,0.1996248025949816,501
GSCX,0.0122222222222222,0.4915994854756458,0.3653595672030882,3.3425357077838864,1.3596705927999704,0.3368834693366742,501
PID,0.6958333333333333,0.9336440367064616,1.800208936710694,6.177454309099181,4.020465109866769,0.1483510527928853,502
GSCX,0.2544444444444444,0.8210441037883757,0.8458120128213747,5.415474444336576,2.0171772140225457,0.2131385042131083,502
PID,0.2908333333333333,0.8500905096067743,0.88896247825638,5.602771453824553,2.2682373410953245,0.2047338026337182,503
GSCX,0.1830555555555555,0.7992522373768493,0.7692891585594415,5.261574250618359,2.0455777343288624,0.2234158860051759,503
PID,0.4030555555555555,0.8883456413623787,1.109627712773397,5.861608833158289,2.7787619144805618,0.1848970163521451,504
GSCX,0.1311111111111111,0.6430318515295993,0.598423894829885,4.173637337838708,1.8319809720233,0.2660032535946857,504
PID,0.6355555555555555,0.9274008798805514,1.573165392810287,6.132228792983,3.8222480918877215,0.1565357331814027,505
GSCX,0.0,0.3540906882035159,0.2460125553250992,2.3927901163568226,0.8997214937260508,0.4209821298308476,505
PID,0.7077777777777777,0.9362093652977512,1.7767392720554396,6.18842195410102,3.6438055853319584,0.1495508342627229,506
GSCX,0.0811111111111111,0.6007570560319782,0.5133468570839779,4.0558782094583545,1.7082858851691765,0.2824312237765756,506
PID,0.2975,0.8522293164918342,0.8920956243874768,5.617272211590108,2.242250352783747,0.2041889904054339,507
GSCX,0.0780555555555555,0.5851689449886771,0.5033997463310675,3.98232560265859,2.2418450219800508,0.2810601966413995,507
PID,0.2941666666666667,0.8467295651238885,0.9508445606315908,5.587430068188106,2.831279005423859,0.1993430453712927,508
GSCX,0.185,0.6715034421533942,0.6535991067988236,4.549267959833722,2.133063080633198,0.2466488485624071,508
PID,0.3661111111111111,0.8733325933651725,1.0620306559130923,5.771901713174056,2.865999498108833,0.1889848287942919,509
GSCX,0.1091666666666666,0.7421495757617019,0.6628662159875455,4.971871608238356,1.7645855289153975,0.2424717292810181,509
PID,0.5241666666666667,0.9055391585401515,1.3958958879162169,5.982407167885433,3.74006763483684,0.1663950159968631,510
GSCX,0.0,0.3940366139292131,0.276797038335129,2.6595914540731065,0.9466907318223148,0.3958431536375686,510
PID,0.3102777777777777,0.848697119617696,0.9063316623713552,5.589642891173749,2.294061786613469,0.2032182150053086,511
GSCX,0.0083333333333333,0.3826759979604393,0.2834253466627826,2.578676676466441,1.3266679965156816,0.3915361765527097,511
PID,0.6944444444444444,0.9364030710910232,1.92549858428158,6.192466935562728,4.151485807134288,0.1449398037384055,512
GSCX,0.0,0.3299554815659382,0.2388437941260295,2.214370579238225,1.0667407652142848,0.4321060433884053,512
PID,0.2491666666666666,0.8552697917549033,0.8675251132429679,5.635534661593992,2.0680499880720777,0.2079469493746138,513
GSCX,0.0441666666666666,0.5441222710079114,0.4375752685912847,3.707272024410552,1.488139148520799,0.3080262659373429,513
PID,0.2763888888888889,0.8622522478982235,0.9244050225800624,5.703808276141238,2.3540285806618497,0.2016102915754377,514
GSCX,0.0163888888888888,0.4336313244003942,0.3237298091291828,2.940432759263861,1.320668329123871,0.3629424914813569,514
PID,0.3713888888888889,0.8839867734936657,1.0824189382830367,5.83691568345505,3.672458411517336,0.1837067112709726,515
GSCX,0.2186111111111111,0.7773822386236003,0.7879692416954854,5.116198287720431,2.12046123022378,0.223198142077358,515
PID,0.1236111111111111,0.6213262120372735,0.5447118263375661,4.134194837804312,3.228156304329322,0.2606380824338072,516
GSCX,0.0,0.3333621718451539,0.2357681160346452,2.2297713750340606,1.0504087156918254,0.4318111971724171,516
PID,0.2727777777777778,0.8457663818924396,0.8986745508923403,5.581984147233214,2.511176438578412,0.2042087305094228,517
GSCX,0.0,0.3531946984781282,0.2467896573881622,2.397720487047331,0.9261009777000024,0.4200373746745274,517
PID,0.2016666666666666,0.7982617447261939,0.7892567416738792,5.245218363181082,2.917828701501249,0.2166831865708996,518
GSCX,0.0,0.3808090079118217,0.2724733974339902,2.5527788741920983,1.10805960389507,0.4003964647039756,518
PID,0.1891666666666666,0.7371150875943298,0.7124228109437084,4.797024194754979,2.768498878855972,0.231711482925663,519
GSCX,0.01,0.3660790524506409,0.2648670004501772,2.44929071940776,1.298026362969852,0.403371509861,519
PID,0.6913888888888889,0.9359497232176914,1.8591481047312264,6.189145630412696,5.022231377216267,0.1443731034364719,520
GSCX,0.0,0.329992456839323,0.2359376728866115,2.2127263030258244,1.1459366574260363,0.4310354766106576,520
PID,0.2847222222222222,0.84227255879468,0.9184558120878732,5.533775374372702,2.529243595042349,0.2034845972414809,521
GSCX,0.0216666666666666,0.4305057030867653,0.3272712361553983,2.9116079747631427,1.4780581188992643,0.3607734806739731,521
PID,0.2625,0.8526454538084903,0.8581960767235892,5.621175109017721,2.1441606807704408,0.2076879124914637,522
GSCX,0.1875,0.7212762747102682,0.715304378708251,4.715964543520007,2.1847378439086964,0.2374357731416818,522
PID,0.0858333333333333,0.600753194901548,0.4944052201035362,4.054537055033751,2.977312042242483,0.2720064486539192,523
GSCX,0.0197222222222222,0.4032499142954371,0.3080837260578349,2.701676983048588,1.5252465917632858,0.374715218673099,523
PID,0.6161111111111112,0.9209912749561846,1.552764069339818,6.0846298403343,3.769858268574197,0.1582128004252136,524
GSCX,0.0061111111111111,0.3995479928111781,0.2920618715014509,2.7157646321249174,1.2845927893208868,0.3828711821814969,524
PID,0.335,0.8593126280907728,0.9732535691878156,5.674071683587467,2.826028802223475,0.1954148579106036,525
GSCX,0.0,0.3523900378133974,0.250025390473122,2.3884621547996288,1.0581529845226971,0.4172676087206521,525
PID,0.1677777777777777,0.7493685797226413,0.6732995311507695,4.8933442605473765,1.9599336156826208,0.2384651061054099,526
GSCX,0.0,0.3426960627368942,0.2452458137677,2.2929309403263765,1.1708606134671151,0.4224734362307212,526
PID,0.5641666666666667,0.918971002853932,1.4844961616611878,6.063761529809824,3.69725476253442,0.1619004128801021,527
GSCX,0.0,0.3976687142057399,0.2717341539402972,2.673097939892918,0.9050270644233646,0.3965034710282114,527
PID,0.285,0.8520722093094264,0.8999110063988749,5.633904574749053,2.6441967014227603,0.2021220876175595,528
GSCX,0.0,0.4891153108375444,0.3457558108012874,3.3057796027229283,1.005355556297579,0.3474515873849292,528
PID,0.2458333333333333,0.8280428649988961,0.8424326914538022,5.448861923528321,2.2743740072265024,0.211633263024412,529
GSCX,0.2586111111111111,0.7938333048874839,0.8498990294252737,5.215933574244389,2.1773986756517703,0.2156292560031946,529
PID,0.5875,0.9089355545223116,1.4984359223079495,5.997431585301141,3.603080825989701,0.1619099868837297,530
GSCX,0.2263888888888889,0.8041806337613685,0.8609508350936351,5.327825548100918,3.366081613871292,0.2081605241825753,530
PID,0.3172222222222222,0.8692412977393934,0.9459752081700704,5.741987864228651,2.500652103036234,0.197678169477537,531
GSCX,0.0419444444444444,0.5792226217670597,0.4669122223499949,3.9360343981689954,1.610747325075898,0.2952378326086373,531
PID,0.2169444444444444,0.6878118407681137,0.702960762169253,4.459644592116831,2.5779157398814707,0.2398114828195461,532
GSCX,0.0,0.3276648276097417,0.2343735155482129,2.1897225083692167,0.885326475590798,0.4390004304409801,532
PID,0.1552777777777777,0.7833906955523057,0.7036693494563098,5.173292346825327,2.3748641875422543,0.2284421486391166,533
GSCX,0.1569444444444444,0.7338443108442209,0.6916392226232362,4.79924650993539,1.908377374534899,0.2405743514813587,533
PID,0.5902777777777778,0.9114009741886796,1.5000000686326525,6.007614420414401,3.537800997542317,0.1618749140288646,534
GSCX,0.0044444444444444,0.3801996871508591,0.277799484397417,2.572365123837457,1.258889517571188,0.3948654427215597,534
PID,0.3088888888888889,0.8673994518167167,0.9248252979206448,5.730557093254554,2.2731540443872182,0.2002002026897897,535
GSCX,0.0,0.397644949539066,0.2904118919115411,2.6888167024911875,1.165223206789286,0.3877011969956331,535
PID,0.4430555555555555,0.8880541975492136,1.1864495134577833,5.866891054308536,3.268580732184317,0.1787816257642883,536
GSCX,0.0,0.3894757672387135,0.2869488975832335,2.6394014042259557,1.0660803347146963,0.3932938654014629,536
PID,0.275,0.8596576436324588,0.9221509268231712,5.680175180314182,2.724850143876485,0.200350401250889,537
GSCX,0.0,0.3719573176609765,0.2650104766827321,2.4966910678654286,1.0658825492267578,0.4063983193787819,537
PID,0.3033333333333333,0.8420115915547949,0.955317691345401,5.552730612137764,3.5712663263081,0.1958827144509951,538
GSCX,0.1686111111111111,0.712888358890634,0.6735474524351216,4.847455605594627,2.0468471669399464,0.2396619314062255,538
PID,0.4730555555555555,0.8857887116966127,1.3671050227224182,5.829603493007973,4.328045252156496,0.1684862435807804,539
GSCX,0.1016666666666666,0.6794357207581131,0.5953049651589555,4.432299519723248,1.4960004078768805,0.2636384741284985,539
PID,0.0811111111111111,0.5787016144514918,0.4645982240634995,3.972727311916842,2.2558155588968747,0.2845972569042659,540
GSCX,0.0,0.3369530202948952,0.2377040416856941,2.2648779708196605,1.0970498622571756,0.4278154337955406,540
PID,0.2661111111111111,0.840037697853681,0.8614478361745697,5.531073100681141,2.046380925875845,0.209504727018843,541
GSCX,0.0008333333333333,0.3759394785512702,0.2707451595132693,2.5357942145843837,1.201454136672995,0.4000754949418197,541
PID,0.3075,0.8609851154132935,0.9627790839402,5.685594103853689,2.6234522449345983,0.1976764126075637,542
GSCX,0.0,0.3179162342907877,0.2175616375819942,2.144517813511815,0.888025663347673,0.4465233737026962,542
PID,0.4444444444444444,0.8587347238913584,1.1446640915801536,5.654383049907669,2.959590782793255,0.1843593056030106,543
GSCX,0.0347222222222222,0.4864292743307898,0.3821775118004799,3.3255068058204555,1.737579115941007,0.3282511806430131,543
PID,0.0,0.5754550204659503,0.3493619793838342,3.846798015804686,1.1650459926081016,0.3195462176643677,544
GSCX,0.0058333333333333,0.3811950943858702,0.271321246120185,2.592795542103498,1.2802741704578438,0.394176307308119,544
PID,0.31,0.876410533353028,0.9752603201089268,5.800062261754358,2.73865159219015,0.1947104539527453,545
GSCX,0.0230555555555555,0.5087437804798292,0.3829348970952319,3.4293340228185145,1.52475614740393,0.3271762804253924,545
PID,0.1255555555555555,0.6820196870654064,0.5939685441414416,4.569976256992793,2.756890861495075,0.2489947827506291,546
GSCX,0.0,0.3725978089938915,0.2703400546759581,2.500372672056964,1.1591948632198847,0.4033434114699177,546
PID,0.3852777777777778,0.8737441825360598,1.0987856762624864,5.776068953978332,3.1601251061630897,0.1855987938005636,547
GSCX,0.1227777777777777,0.6761687835008243,0.6338390891337887,4.424635316279897,2.7150803797452725,0.250080730144277,547
PID,0.2197222222222222,0.8117789402714124,0.8108110833983313,5.338508120189662,2.807086810275176,0.2135728449074842,548
GSCX,0.0047222222222222,0.4097329555401647,0.2953857813642148,2.7544585238036987,1.249462505001317,0.3805142610870562,548
PID,0.4302777777777777,0.8675722803153444,1.134850180023064,5.721661661780731,3.1528374720945265,0.183488171715691,549
GSCX,0.0080555555555555,0.3940878712350957,0.2913612819611255,2.6682913385512346,1.3501484908456862,0.3843474803540164,549
PID,0.3297222222222222,0.8695972973490356,0.9668346981746015,5.761042324783097,2.60257928145834,0.1955709630143872,550
GSCX,0.1952777777777777,0.7688969125292199,0.7763747270779721,5.053224523087303,2.6114911337310414,0.2233488380673924,550
PID,0.3405555555555555,0.8701659874837956,1.0067517794351344,5.765132401697716,2.7643238145611617,0.1927126703632879,551
GSCX,0.1677777777777777,0.7335716670398579,0.7190497163860579,4.825208166129558,2.108403248809031,0.2363691264377958,551
PID,0.1036111111111111,0.5797645797434641,0.4758131634753859,3.9094545139852457,2.237120219127774,0.2837150545089091,552
GSCX,0.0113888888888888,0.434835010310437,0.3231399486340248,2.9626973999149424,1.3206666975257848,0.3625891165172541,552
PID,0.1108333333333333,0.711480880298842,0.6164095830933624,4.736875563815057,2.727259376475264,0.2442462994862935,553
GSCX,0.0105555555555555,0.4017701342264619,0.2905593134130194,2.7054712212054426,1.2996194952241362,0.3825793813798031,553
PID,0.1788888888888888,0.7812770992800079,0.7279636761716526,5.203316999853847,2.5940177844996777,0.2240310633938059,554
GSCX,0.0,0.3379842878123296,0.2356790146221183,2.2662070821934432,0.8936066462277782,0.4325736390747339,554
PID,0.5311111111111111,0.9086179645741398,1.4981385302229222,5.997856729731797,4.160390557618686,0.1616438977304893,555
GSCX,0.0047222222222222,0.3770027010720777,0.2759209813172478,2.553233436631408,1.2559769868284836,0.3964736903019834,555
PID,0.6852777777777778,0.9321742738260732,1.8039745405032817,6.156552241923671,4.406734256973329,0.1476509561698028,556
GSCX,0.0,0.355932980828622,0.2446077435911845,2.3918170535580745,1.0177973922962806,0.4186710516847822,556
PID,0.3255555555555555,0.8521755009250892,0.96455777520786,5.626171972172912,2.5279703993175158,0.1983117828237512,557
GSCX,0.0,0.3737146598367779,0.2637006646874691,2.5165138119591903,1.0200335312988935,0.4062685306908112,557
PID,0.2044444444444444,0.8244173771021464,0.838086341957079,5.437355033726985,3.143761924308995,0.2093077948567091,558
GSCX,0.0169444444444444,0.4365455694404656,0.3271086554249174,2.931126024932675,1.4604192355894166,0.3604442836540922,558
PID,0.7105555555555556,0.9375062682043532,2.039079295994993,6.204024093286957,5.190836971733631,0.1394752764425448,559
GSCX,0.1941666666666666,0.7050513438500965,0.6965753998404086,4.60120556954927,1.9566848028757595,0.2425479073469206,559
PID,0.2447222222222222,0.8511839184354616,0.8559921370096382,5.628423204213571,2.1878346851398893,0.2082537361556599,560
GSCX,0.0,0.3678776849424125,0.2616984876207583,2.4577115552220263,0.9751984120884226,0.4114149296530197,560
PID,0.2858333333333333,0.8430040908749005,0.8922988975826996,5.572393087724202,2.489083143553235,0.2042591497156012,561
GSCX,0.0,0.3628842420916954,0.251583470570446,2.43597121720408,0.8416622459171522,0.4177756657316113,561
PID,0.2430555555555555,0.8522734983971278,0.8456745066137392,5.640230416022374,2.1076259948604323,0.2090381248772068,562
GSCX,0.1577777777777777,0.6800375485733207,0.6703543758571443,4.619430040914749,2.16530435179094,0.245228976786749,562
PID,0.2469444444444444,0.8179900508079934,0.8527212624206089,5.38489868763714,2.5735172426811688,0.2106784493249824,563
GSCX,0.0308333333333333,0.5003317615185184,0.3911810415820727,3.389310293376572,1.6573467870095102,0.3255820931218535,563
PID,0.67,0.931860782478534,1.6827274576242452,6.159214164115493,3.9705479919405766,0.1521484516489513,564
GSCX,0.0119444444444444,0.3772429774233297,0.284220634885426,2.5256889573446784,1.4138944623506926,0.3924639152445721,564
PID,0.7041666666666667,0.9362421586293214,1.7972464813494329,6.187061032698239,4.162593203744763,0.1477665969876909,565
GSCX,0.1466666666666666,0.6551681713425475,0.6208320200504364,4.396452380053307,2.0232224054872976,0.2560194927095035,565
PID,0.3222222222222222,0.8551520112493969,0.9572854987915608,5.641784609214632,2.7530162626060264,0.1974317586924874,566
GSCX,0.0058333333333333,0.3979812240752562,0.2889789236735759,2.6901611661309945,1.2315415596222163,0.3857811714687664,566
PID,0.2933333333333333,0.8526312632608969,0.8958848205870278,5.6271453858008496,2.0746584627986797,0.2048781233256134,567
GSCX,0.0133333333333333,0.3960521772586215,0.2951750630454596,2.676201722675031,1.5737858695132785,0.3785334742216462,567
PID,0.6522222222222223,0.928831936127718,1.681855297961159,6.151847218380336,4.127489588262904,0.1522375255337945,568
GSCX,0.0022222222222222,0.3785105105615634,0.2750802335332912,2.542656014398341,1.2100499927357125,0.398362600161159,568
PID,0.5127777777777778,0.9058481717192612,1.2799576807423283,5.974608073381536,3.160435143696829,0.1724516151085652,569
GSCX,0.1358333333333333,0.6328560632509468,0.5966776018429921,4.320084449606924,2.6166123253472264,0.2562140253580747,569
PID,0.2627777777777778,0.8590458859656626,0.8801101331286882,5.668698226386853,2.2131859354145025,0.2054613152644377,570
GSCX,0.0116666666666666,0.382896531344577,0.2738254992814472,2.574147832027703,1.3685108183170485,0.3921028610491236,570
PID,0.2725,0.8546050425473452,0.8999189853536903,5.65102611044698,2.618423381483112,0.2024679589924409,571
GSCX,0.0658333333333333,0.50551693289743,0.4232782603035602,3.439582608264173,1.775828149053884,0.3148738209195621,571
PID,0.2758333333333333,0.8508765121446407,0.918911483431098,5.6013157709857415,2.7322347991741154,0.2016999639523946,572
GSCX,0.1452777777777777,0.625780093840448,0.6055893505414737,4.266280974885689,2.619619588730608,0.2563721425854109,572
PID,0.2616666666666666,0.8330188419852741,0.8535250272214472,5.501393291723676,2.425671312479983,0.2086824031231962,573
GSCX,0.2213888888888888,0.806348278030974,0.8256902917487279,5.316617055948204,2.580528276037645,0.2144549361891812,573
PID,0.0,0.5641626666239131,0.343144705548551,3.7533753730846926,1.1526816843914005,0.3243240902369316,574
GSCX,0.0,0.3791104342503504,0.2657221249660725,2.544329652741974,0.9934747926199928,0.4044282652163847,574
PID,0.3713888888888889,0.8710586330447413,1.087167609395712,5.743040391439599,3.257065580652484,0.1865615377206285,575
GSCX,0.1205555555555555,0.6669558690373638,0.6056160213599371,4.559399520282737,1.9991743279962335,0.2549359375938482,575
PID,0.7330555555555556,0.944783334666873,2.212886743948376,6.238585804996789,5.771968410910448,0.1338952521529443,576
GSCX,0.2052777777777777,0.6918874827638272,0.700372464279657,4.505613256874103,2.2848597560227626,0.2416518547685177,576
PID,0.3672222222222222,0.8646877735174281,1.0596141193858366,5.706747730233219,3.0879866420940285,0.1890420864481007,577
GSCX,0.1,0.7686943793500682,0.6665172461446197,5.120809208837917,1.6071929904251483,0.2401405596442377,577
PID,0.5086111111111111,0.8958420354293314,1.4884700868758247,5.893302129213978,4.374821318412392,0.1629542583410174,578
GSCX,0.0,0.3968704589827976,0.2848507019211811,2.6723290722182576,1.138172852056328,0.3900424660647321,578
PID,0.0,0.5856226366091378,0.3498033527126714,3.856556854600474,1.0761616665718825,0.3197699525275055,579
GSCX,0.0,0.3590972866753315,0.258959035590181,2.4042182609668186,1.168144189415267,0.4118442430462245,579
PID,0.6122222222222222,0.921037995218501,1.653898683722297,6.085204342802752,4.243000044047776,0.154202970090457,580
GSCX,0.0,0.3438062081137473,0.2438370756895506,2.309766511065794,1.194323956721191,0.4211110143054885,580
PID,0.4513888888888889,0.89672860126696,1.1555026600911111,5.933421720140939,3.0274449668219474,0.1796635040814416,581
GSCX,0.015,0.4183365163133631,0.3120811801136286,2.8036197798288325,1.4132061452906766,0.3707284128907273,581
PID,0.4097222222222222,0.8858877415540092,1.2422210086981316,5.849938801341517,3.5522514287218634,0.1770361593822512,582
GSCX,0.0038888888888888,0.3790368408538587,0.2760564791456532,2.5406855854013446,1.2364758441415828,0.3974982018842811,582
PID,0.4805555555555555,0.8997065364282376,1.2674220883705,5.936009019587513,3.1521401922538854,0.1743543031668653,583
GSCX,0.0,0.3632997046400698,0.2573481880067337,2.425095015867181,0.9526554446443232,0.4149946217258917,583
PID,0.5208333333333334,0.9070725077316312,1.3841945165266205,6.018164579595871,4.151714229019233,0.1651202265707529,584
GSCX,0.0,0.4660839672349153,0.3340552099697388,3.14884804881237,1.0355921366162548,0.3566885391669841,584
PID,0.3861111111111111,0.8809861905977251,1.0697405910361408,5.826283325752657,3.1877878544354235,0.1858389510055373,585
GSCX,0.0280555555555555,0.5303510879417831,0.4207688829934361,3.6000713709771217,1.6262172979906209,0.3139983242489629,585
PID,0.2158333333333333,0.8320894395601417,0.8206001844703734,5.471634880386957,2.532109569343324,0.2122304530291796,586
GSCX,0.0,0.3559968204676833,0.2506248107240592,2.3975423011870327,1.1245027001190595,0.4149436149589837,586
PID,0.5644444444444444,0.9117776795609248,1.4934527182583952,6.011634962855054,4.094037613468887,0.1609554536962328,587
GSCX,0.1847222222222222,0.7573075464637077,0.7329858964573931,5.132483087239127,1.9507904050851503,0.2292390232557201,587
PID,0.3061111111111111,0.8621780708419737,0.9541443706922628,5.743421886451066,2.7258163468693444,0.1968137556333396,588
GSCX,0.1347222222222222,0.7222604531464467,0.6716941169038605,4.7287506466259925,1.8816952217908491,0.2451299356871568,588
PID,0.5672222222222222,0.914633172927725,1.436086473410136,6.049534236374199,3.3206218909491017,0.1646276467900058,589
GSCX,0.2477777777777778,0.8217566710643919,0.8364460892125268,5.416594972107284,2.294701806964828,0.21236691391729,589
PID,0.2644444444444444,0.8251158840734025,0.8782093482089347,5.440747632363585,2.5351019728123574,0.20788936898192,590
GSCX,0.24,0.802675500693189,0.8234986627858166,5.279909334200919,1.9503379311265716,0.2179094872779859,590
PID,0.3880555555555555,0.8636393168460553,1.0696336245624376,5.695879542528475,2.94884029775495,0.1886540115357207,591
GSCX,0.0066666666666666,0.4153810916605304,0.3111671502022665,2.811185471171884,1.3193196944685766,0.3733983124127605,591
PID,0.3225,0.8496882300918285,0.9392469227677058,5.605706439441536,2.755320917460651,0.198780794595119,592
GSCX,0.0302777777777777,0.4257691781742199,0.3204782997596465,2.8878458151090114,1.4530880447742582,0.3623823049666035,592
PID,0.4833333333333333,0.8964804967117996,1.220346735997986,5.915198038995222,2.9096439262389286,0.177034780860105,593
GSCX,0.2705555555555555,0.8320031384575989,0.8987921626664458,5.484812657743881,2.2532417309079507,0.2073096647825454,593
PID,0.5491666666666667,0.9129831044641122,1.4621838830286369,6.024285043937128,3.59281833045463,0.1637183904186107,594
GSCX,0.0,0.4074177322019547,0.2931533717244022,2.731298211200716,1.142173483216316,0.3847897416836042,594
PID,0.3094444444444444,0.8699797218494811,0.9587293289506442,5.749004907335273,2.754403165777759,0.1961469797966573,595
GSCX,0.2541666666666666,0.8214737171795611,0.8641407039982261,5.418334536729968,2.2764277517313363,0.2107937783972147,595
PID,0.5111111111111111,0.8887440662907383,1.261902667945928,5.859173799180279,3.517052920692157,0.173253293253871,596
GSCX,0.0197222222222222,0.6392187936067816,0.4944767894482503,4.191980669650446,1.3340721620061715,0.2874738687841383,596
PID,0.2766666666666666,0.8446844467886022,0.8966825995638198,5.5664181936400015,2.462621811295876,0.2046292659893945,597
GSCX,0.0,0.3511817625048335,0.2511739755627314,2.3469937511092254,1.0740737778135,0.4193470223228284,597
PID,0.5741666666666667,0.9143126702393066,1.3998299570368438,6.0439858998448655,3.372559270171885,0.1654116745521609,598
GSCX,0.0116666666666666,0.3985072928474951,0.2908311075772998,2.6869390207851938,1.4306245278031136,0.3812409960144473,598
PID,0.4161111111111111,0.862082394640584,1.091385977935732,5.687541508625685,3.539537521157021,0.1845033157690492,599
GSCX,0.1197222222222222,0.6537151282138799,0.6032809099175925,4.258186376228843,2.1477190305440423,0.261397277712118,599
PID,0.65,0.9265457589584464,1.6244821212428298,6.124469806292648,3.98724084983002,0.1544184700546586,600
GSCX,0.1997222222222222,0.7954537802082375,0.7868684053682624,5.256324710804861,2.564087800375372,0.2187879393442376,600
PID,0.4869444444444444,0.8986646917140941,1.2061243032208944,5.9280116369469456,3.393716477891906,0.1754345849012964,601
GSCX,0.1241666666666666,0.6391309194544113,0.5907795458072848,4.360605624624503,2.3711182329121123,0.2582391699520915,601
PID,0.6119444444444444,0.9229430902413368,1.8266585381071372,6.0862924529029705,4.73332881136748,0.1484826180510863,602
GSCX,0.2472222222222222,0.821118775194947,0.8467517542846994,5.420119120918497,2.57955877494404,0.2103163825773159,602
PID,0.2927777777777778,0.8399430981287156,0.9000801599778477,5.528937993187151,2.5746024921761834,0.2038768843162266,603
GSCX,0.0,0.3803949477503511,0.2729372050376236,2.5626017062530404,1.0682052993820033,0.4005601617329509,603
PID,0.6261111111111111,0.9218098700667968,1.596220526349278,6.109601532584012,3.75363621408569,0.1566032133180688,604
GSCX,0.0,0.3776729561918441,0.2768991359586679,2.554594647774139,1.0533561110041612,0.4007931311492712,604
PID,0.3002777777777777,0.8645425038025213,0.9622465258580488,5.693677751532701,3.3318165382078133,0.194537455158474,605
GSCX,0.1269444444444444,0.7068675567744307,0.6449157184153957,4.624720199317781,1.563107644641837,0.2524827179624455,605
PID,0.2744444444444444,0.8267244445460761,0.8682500442052761,5.434706220203766,2.350242531674354,0.2089548969259534,606
GSCX,0.0,0.4132520060328448,0.302681794973863,2.8032857702620344,1.1926295942876102,0.3783323110687461,606
PID,0.5038888888888889,0.9098096505869796,1.3325845261670388,6.013940257595384,4.273300620446701,0.1667550086051827,607
GSCX,0.2336111111111111,0.8133871044243601,0.8568483471452812,5.365185197199634,2.444451945952401,0.2121647843549339,607
PID,0.2741666666666666,0.8309204648804349,0.8650194010959033,5.468640874975334,2.389937479718677,0.2083151482508548,608
GSCX,0.0025,0.3566945488083866,0.2587467910895488,2.393168979981465,1.2211304624446746,0.4112216101089173,608
PID,0.1694444444444444,0.7282684739023474,0.692652476240014,4.760349043036211,2.4061130237653443,0.2373076755365599,609
GSCX,0.0044444444444444,0.4315528385698086,0.311212672461344,2.8957379288427254,1.2461902277868124,0.3698186196263208,609
PID,0.4522222222222222,0.8928149790101334,1.197514585228715,5.892737212890274,3.306654075073682,0.1776037570368618,610
GSCX,0.0,0.3579911472198547,0.2476345790977631,2.409375901732482,0.9788686206011618,0.4176690980258645,610
PID,0.3080555555555556,0.8626487019382929,0.9812766846229845,5.700517791452664,2.824624371220387,0.1957028363375486,611
GSCX,0.0,0.4164561532742674,0.2954603473464317,2.810076909277873,1.1402902722522534,0.3798275990068009,611
PID,0.2263888888888889,0.8030292198904929,0.7906799727431493,5.2749508983278055,2.540182787523824,0.216987765748032,612
GSCX,0.0197222222222222,0.4732864578079288,0.3598806946502189,3.194846049191491,1.4801572520505597,0.3419522535842006,612
PID,0.6569444444444444,0.9274614105170164,1.6893536905596498,6.134390897298734,4.951305209284007,0.1498400178067286,613
GSCX,0.1786111111111111,0.6865567021235445,0.6720203813333194,4.466596945950791,1.911092782631225,0.248791859791795,613
PID,0.5938888888888889,0.9177680430216656,1.554670845680487,6.054825332929933,3.453013540698493,0.1599853343387777,614
GSCX,0.0697222222222222,0.631678827156005,0.5372138469109307,4.269959948195121,1.600704496383,0.2753695602534797,614
PID,0.2886111111111111,0.8517708281776091,0.9418452179172386,5.61759728318251,2.49259647913974,0.2010774392707178,615
GSCX,0.0108333333333333,0.3982109595345766,0.2977580137348368,2.672063516533631,1.4609548439623652,0.3805031853755501,615
PID,0.4275,0.8816883382462618,1.222512930743234,5.863116939593585,3.292867589057395,0.1780544660114775,616
GSCX,0.0,0.4556658131187997,0.3181127704636891,3.076052667071382,1.1370001115875914,0.361267485404713,616
PID,0.2452777777777778,0.8499652302962011,0.8534583142079242,5.602711582098029,2.4831707384217205,0.2072325906869213,617
GSCX,0.0055555555555555,0.4549102825076096,0.3513301302258038,3.092116609200214,1.2731330924842166,0.3531391283700398,617
PID,0.1138888888888888,0.600585218096186,0.5136179359952195,4.0662419062303705,2.549458784292757,0.2718682909283891,618
GSCX,0.0,0.3138073318996987,0.2253349453021835,2.108857522684074,0.9826458039752672,0.4454145834186045,618
PID,0.2791666666666667,0.8465139678099444,0.9497915466477505,5.580208587710756,2.840283232550225,0.2000489861113191,619
GSCX,0.2688888888888889,0.8206041180802569,0.8753254627465119,5.41739850616244,2.5545543447539334,0.2081748277368992,619
PID,0.2758333333333333,0.8478544879755668,0.9313800452436156,5.583730878678705,2.59736436054668,0.2021069474042814,620
GSCX,0.0725,0.5328328458587244,0.4442929535207907,3.62857203017038,1.7252633473122514,0.3050613793462662,620
PID,0.6052777777777778,0.920649629472527,1.7450309980995933,6.08162125891688,4.929504798884793,0.1501679126819492,621
GSCX,0.0194444444444444,0.5794327451962075,0.4459963813730011,3.914394300786981,1.4107252269789627,0.302104742733722,621
PID,0.1797222222222222,0.7730313668239049,0.7079148152134148,5.062475408349696,2.016990153430919,0.2314708806851517,622
GSCX,0.0,0.4103145104986894,0.2999305021275993,2.775991687045178,0.997888214812074,0.3837432898645622,622
PID,0.5144444444444445,0.8989711416807646,1.3518487885518755,5.945456845269294,3.248584372277021,0.1701619303739953,623
GSCX,0.2369444444444444,0.8125499545956677,0.8420644826159246,5.360965055312861,2.0636028620604328,0.2149228237812752,623
PID,0.5425,0.911559508150074,1.34040771662647,6.019230902327264,3.615164802095895,0.1675687209569289,624
GSCX,0.0061111111111111,0.3888742760569718,0.2879769062216797,2.6346946788802144,1.3034187905603145,0.388133587986572,624
PID,0.4277777777777777,0.8958718165382801,1.116552323242225,5.927847928827398,2.841913537588989,0.1826516028037724,625
GSCX,0.0055555555555555,0.3885552015693368,0.2831201678818335,2.631412092374846,1.2811868887652944,0.3896244201504936,625
PID,0.4938888888888889,0.8964714607932959,1.3071594226710133,5.909245565153904,3.591092103190032,0.1713988926416436,626
GSCX,0.0,0.3919004906421909,0.2718203374899834,2.6450927819367847,1.0061644902532725,0.3965296039094522,626
PID,0.2844444444444444,0.8442726893631504,0.898057776493841,5.563196569168694,2.291599710512348,0.2051559180831887,627
GSCX,0.0,0.4365870644902275,0.3085105975506949,2.9408291279702787,1.0503398476005728,0.3715874137223309,627
PID,0.6652777777777777,0.9285441762146288,1.6557785383666572,6.133059515563788,3.6634633541644943,0.154067406915144,628
GSCX,0.0,0.3263925583988378,0.2322140576343124,2.196345560666952,0.8577551732461935,0.439760761373427,628
PID,0.6011111111111112,0.922072903945232,1.497754346048227,6.0831543284032845,3.8336448688337272,0.1599305236794379,629
GSCX,0.0,0.5320237841671565,0.3791015745688772,3.609681755761151,1.1793512447509515,0.3266550666213232,629
PID,0.3633333333333333,0.8811459410931582,0.9960426573519094,5.830373924011622,2.285568286548316,0.193408820882043,630
GSCX,0.0111111111111111,0.3658337770890136,0.2681230299741985,2.4561483570782205,1.3278661958459,0.4016600590556743,630
PID,0.5591666666666667,0.9162026761150524,1.370528532762156,6.05876479837348,3.348184183751838,0.1666280911960866,631
GSCX,0.0297222222222222,0.4674205502601287,0.3571270717772731,3.1825909764868854,1.4387381928566991,0.3425294881085095,631
PID,0.2738888888888889,0.8230052143047828,0.8654667757042916,5.411595878147052,2.5238943654913246,0.2086297366509168,632
GSCX,0.0416666666666666,0.5726256140297287,0.4631779097550217,3.881149334192695,1.6161327981692832,0.2975143777701598,632
PID,0.2558333333333333,0.8545562122767271,0.8796581328697514,5.628789901678108,2.1015926602520034,0.2070275433407703,633
GSCX,0.0133333333333333,0.3849996106728651,0.2871453482722407,2.607136985878612,1.5619502344950862,0.3842643717581439,633
PID,0.4272222222222222,0.8940989774575141,1.171134671514268,5.8962443112760665,3.617829190768085,0.1780740958406835,634
GSCX,0.0080555555555555,0.4048586163647111,0.3073642088863348,2.742376363607957,1.3451081650896342,0.3774172722710474,634
PID,0.7372222222222222,0.9418682494319832,1.9564597086376452,6.223187301834357,4.33247681967996,0.142629315184399,635
GSCX,0.1661111111111111,0.6733155684278997,0.6516825999434236,4.580192872878227,2.3601133865079382,0.245565390556056,635
PID,0.0877777777777777,0.6979976722416056,0.5512521795824954,4.555371515057352,2.040331822365859,0.2599107897895635,636
GSCX,0.0113888888888888,0.3729972734922014,0.2703068531139725,2.525300128565489,1.5114986492558282,0.3934204237257284,636
PID,0.5522222222222222,0.9121846430077012,1.460751699353012,6.035355307546992,4.438539061749004,0.1609131829332326,637
GSCX,0.2713888888888889,0.8179734398597208,0.8912604979433347,5.41279523962537,2.2906003666703563,0.208802536016221,637
PID,0.5502777777777778,0.9135310814384942,1.3767208504094472,6.026809712281251,3.183603913464894,0.1675834720249103,638
GSCX,0.2655555555555555,0.8198242629771012,0.8498287327660383,5.407743960868037,1.9730373276498012,0.2128219728439369,638
PID,0.7038888888888889,0.9371743735267388,1.8529346433418696,6.19008836614008,4.223366093860256,0.146259123293909,639
GSCX,0.0133333333333333,0.395313283572468,0.2990820498695741,2.6665519345598665,1.3757219211994576,0.3818842697226622,639
PID,0.6780555555555555,0.9314785929847544,1.7715365424375995,6.145484930804574,4.204540529412631,0.1492230914240256,640
GSCX,0.2441666666666666,0.8262832370273017,0.8668102958478259,5.455815020989032,1.993804521307454,0.2119417633380962,640
PID,0.5638888888888889,0.9133245812089648,1.604188017926894,6.02875882242991,4.840909079399331,0.1555097142889175,641
GSCX,0.1811111111111111,0.6823629261580694,0.6597162493179015,4.655483609766045,1.9209855138106944,0.2454710693739508,641
PID,0.25,0.8491517970540714,0.8616471801480076,5.621679162632299,2.02844002014348,0.2087277105936203,642
GSCX,0.0,0.3387847356668734,0.2334859389178735,2.2697698016716417,0.8388713679319991,0.4339577759817557,642
PID,0.4361111111111111,0.8941633785238631,1.2680256567883654,5.910897952955683,4.14525840448938,0.172426928884557,643
GSCX,0.0922222222222222,0.6612963461789653,0.5980241066061702,4.511242520884428,2.713914422056068,0.2530212823332904,643
PID,0.665,0.9295842990435292,1.6983121853207157,6.150822727965538,3.785761554546868,0.1524730593578493,644
GSCX,0.2138888888888888,0.804301360986487,0.8100395400190116,5.295192032666081,2.362489709776452,0.21721734291293,644
PID,0.2638888888888889,0.7908502828934474,0.8572346338979304,5.234904518494401,3.117622287784272,0.2096848891987022,645
GSCX,0.1325,0.6996432535618763,0.6484778852947266,4.577746152441079,2.024979324538958,0.2496334251586319,645
PID,0.2986111111111111,0.8636268264977041,0.9110819909320514,5.690681852598714,2.2139551425285164,0.202148979554459,646
GSCX,0.0,0.301962173059593,0.2143029303754884,2.029530797503307,0.8577518953823831,0.4576905777353505,646
PID,0.27,0.8492360471533796,0.8641152105853889,5.602386298422829,1.9461913003997957,0.2084609673233446,647
GSCX,0.2025,0.787995667340725,0.7714212565020118,5.210010661252272,1.873742379478517,0.2245165695479515,647
PID,0.1938888888888889,0.7638005488872316,0.7120868724862955,5.001739804525133,2.1523592358946444,0.2309582575505849,648
GSCX,0.1044444444444444,0.6307605046559585,0.5670083617482777,4.08483050173977,1.9378610275770725,0.2721658785166492,648
PID,0.4852777777777777,0.9002377992458198,1.284992301640541,5.934721981014564,3.558308191668833,0.1721755379121678,649
GSCX,0.0,0.3455323890050787,0.2459473749810695,2.3153846675491887,1.1348269893173752,0.4214793355027688,649
PID,0.1688888888888889,0.7918931744968071,0.7099130376480879,5.209020835840322,2.050818717601382,0.2285504960895524,650
GSCX,0.2852777777777778,0.8215035755400211,0.8733847800828024,5.430992769881347,2.13121962548098,0.209543821305355,650
PID,0.27,0.8434295421204075,0.9183600476133594,5.55930774965822,2.816275121748247,0.2022878728759158,651
GSCX,0.0,0.4464187638032308,0.3269593074181942,3.042675037795084,1.0720960979557523,0.3630908721693,651
PID,0.3058333333333333,0.8585634697467693,0.9137791538290548,5.671641754367981,2.2551785361831507,0.2018962091029373,652
GSCX,0.0,0.4242932985198946,0.2971955448461641,2.850759285069499,1.0656347159204842,0.3782879369825523,652
PID,0.2541666666666666,0.8194014913910493,0.8688667176704328,5.41580833781523,2.8797928295490016,0.2074792628854869,653
GSCX,0.015,0.3919267790977397,0.2888196824962336,2.6530266229533783,1.5108321212292852,0.3818356396744934,653
PID,0.1947222222222222,0.8093649141036101,0.7920501886220108,5.320295586976148,2.5690649537636863,0.2173637610068791,654
GSCX,0.1133333333333333,0.637122876729803,0.5673997602795761,4.262336812340599,2.154164027439613,0.2649360386323386,654
PID,0.6322222222222222,0.9224208199739492,1.680706694895573,6.081613199261095,4.475175632146113,0.1524001193533652,655
GSCX,0.0013888888888888,0.4233333700485965,0.3054936766122716,2.8495696766851304,1.2035575453950316,0.3745727657721678,655
PID,0.6797222222222222,0.9319019441176652,1.7961688544553809,6.152278826254267,4.15711914362815,0.1486543277313029,656
GSCX,0.0,0.3687292692916469,0.2665767299367143,2.455099240125616,1.0742459876806745,0.408604086294061,656
PID,0.6005555555555555,0.9204245119931262,1.6296143007012194,6.0889314006716,4.637618738028876,0.153965475774722,657
GSCX,0.1505555555555555,0.7224281809395439,0.6736084390856996,4.718098269169234,1.9847486088379052,0.24353880901646,657
PID,0.2769444444444444,0.8481921474529986,0.8647755247392567,5.588056960510371,2.022424596728468,0.2079696085347273,658
GSCX,0.0175,0.5843333530045869,0.4426402409298704,3.956782505632825,1.5546611379455644,0.2995099280124481,658
PID,0.6255555555555555,0.9231174044983398,1.6679049234675614,6.095181153765973,4.0608968434106725,0.1539343741470041,659
GSCX,0.0,0.5079667762967691,0.3730093382595325,3.4459378280131823,1.1338297834858402,0.3354541712998564,659
PID,0.6741666666666667,0.9309486422725016,1.6909175742151596,6.166844820827118,4.165972509305274,0.1512535453143606,660
GSCX,0.07,0.6295993632312098,0.5327286197509924,4.251276154187837,1.6058589594453525,0.2762453127158981,660
PID,0.2472222222222222,0.8542532921567522,0.8613602578571598,5.64032637631861,2.2706766930406537,0.2072226234299627,661
GSCX,0.0086111111111111,0.4232025794619073,0.3085604529907894,2.845340616980989,1.3661463623136336,0.3706070716742483,661
PID,0.2077777777777777,0.8123903008547813,0.7983334134906234,5.349460374497666,2.4853594526689013,0.216353071420605,662
GSCX,0.0072222222222222,0.449533343686983,0.3283305292427619,3.065290693312491,1.249359292819385,0.357980189830606,662
PID,0.2308333333333333,0.8387740245367024,0.8496178051770469,5.545974727119509,2.4966698973324832,0.209049643144514,663
GSCX,0.2044444444444444,0.773092526595837,0.765836387175046,5.069090077063668,2.241046905811211,0.2253336663936979,663
PID,0.2925,0.850158056942186,0.9066424128010742,5.625787728838846,2.356754249500812,0.2030780955231479,664
GSCX,0.0,0.3721671047687997,0.2591566240615414,2.505992175812488,0.923304063934705,0.4097619670375726,664
PID,0.1952777777777777,0.833539383445647,0.8007323065810067,5.494470102221823,2.6411266854605566,0.2131661757807465,665
GSCX,0.0,0.443572018225198,0.3151680560290365,3.0196801085010057,1.1828694265591329,0.3642821844205364,665
PID,0.0266666666666666,0.5317244600676142,0.3488815745007439,3.528729527041237,1.509917361289864,0.326162347161434,666
GSCX,0.0027777777777777,0.4030362081955818,0.2945420856212657,2.708972308295122,1.2190274967761832,0.38423647230606,666
PID,0.3636111111111111,0.8558504980781408,1.030625044632577,5.653537698696791,2.778792512289241,0.1925066894208348,667
GSCX,0.0038888888888888,0.4526833861391912,0.3304801300497215,3.063457377430363,1.2347584105272948,0.3582296174287053,667
PID,0.6908333333333333,0.935477171793683,1.820397460188236,6.180586237512879,4.007688621717575,0.1479648233580627,668
GSCX,0.1897222222222222,0.7738481461418107,0.7463783940992224,5.180148492651291,2.4255732627234674,0.2240599677815399,668
PID,0.2572222222222222,0.8473870335052929,0.8675027413391768,5.592314488011972,2.649154699153116,0.2054228325634891,669
GSCX,0.2497222222222222,0.8141998051059111,0.8475377214255181,5.363248632484491,2.1111416847302182,0.2137264691357472,669
PID,0.3711111111111111,0.8608041529670014,1.0412794864866388,5.679801509534597,2.946938031020625,0.1906416490118709,670
GSCX,0.0313888888888888,0.433544696548624,0.3487381073805646,2.9296777251820254,1.8502353356976424,0.3499548636639784,670
PID,0.2530555555555555,0.830376240067365,0.8865804906371348,5.451315208205304,3.175492246333908,0.2044578854121828,671
GSCX,0.2888888888888888,0.82438400501001,0.89968104490643,5.433509570837228,2.129525128895785,0.2080393821033051,671
PID,0.6372222222222222,0.9269472762742724,1.6711453109900254,6.122834414088822,4.171128284069989,0.1529955977075652,672
GSCX,0.0,0.3807419013183843,0.2788183370337829,2.564043633746042,0.9390228606878818,0.401907930669003,672
PID,0.6972222222222222,0.9345210741425614,1.769685296518403,6.169332145512976,3.8948678019533687,0.1494531303955494,673
GSCX,0.1891666666666666,0.7566664255718143,0.7248881201967414,4.974907952375316,1.9774703995623912,0.2322579476677656,673
PID,0.6727777777777778,0.931808369827988,1.7468523971437673,6.146609312368187,3.765751403428708,0.151129711014638,674
GSCX,0.0075,0.4037824434916598,0.2914349738447198,2.6994836897401586,1.3177852871895557,0.3827408235968862,674
PID,0.5386111111111112,0.915760804766802,1.4532487688446305,6.055817777631012,4.655916395105045,0.1605774800752742,675
GSCX,0.0016666666666666,0.3765384993329819,0.2742906057658065,2.5338804588588304,1.2070002083601887,0.399277014207327,675
PID,0.2991666666666667,0.8505830662935394,0.9154837888322762,5.610117640957035,2.446753918702737,0.2021789693338938,676
GSCX,0.0,0.3187685348750551,0.2291769927173839,2.125426725353966,0.8623351268837309,0.4458473572933465,676
PID,0.3222222222222222,0.8470206015180073,0.9667480826022926,5.5782496755069895,2.9031428774225265,0.1973332808448046,677
GSCX,0.0775,0.5820839197777694,0.4965097126287461,3.9568042829205208,2.0106938337468354,0.2847572404783989,677
PID,0.6216666666666667,0.9244186059752256,1.614297608890371,6.099133897009826,4.540539745682296,0.1540133402419018,678
GSCX,0.0075,0.3594345758136841,0.2652335655982409,2.425881910764174,1.3405147285773922,0.4047070804715818,678
PID,0.2266666666666666,0.8437192918557199,0.8510478541622696,5.574639615317021,3.067692061472939,0.2056876798231436,679
GSCX,0.0,0.3567730635559586,0.2508853461557865,2.3987736921329814,1.0030635226261184,0.417282127493829,679
PID,0.2936111111111111,0.8635832495538504,0.9178819578291324,5.713810254655433,2.175111341964767,0.2019084109543677,680
GSCX,0.0,0.4698534396267757,0.3449193697353129,3.1791841872669173,1.150865535682841,0.351906527680111,680
PID,0.2758333333333333,0.8564970805474728,0.8969581497409078,5.664154355417251,2.475725954915261,0.202944640552738,681
GSCX,0.1016666666666666,0.615510656066879,0.5628291020547377,4.1832971437279625,2.859586575170534,0.2628077474349121,681
PID,0.2044444444444444,0.817842922800644,0.7798112656572135,5.376328317584735,2.2346674169832044,0.2183338824216652,682
GSCX,0.0,0.3297422414295069,0.2371624599522505,2.208283071335646,1.0781261275386542,0.4326126004062535,682
PID,0.3027777777777777,0.8509200633811501,0.9110858613875008,5.632028498340882,2.1787336046469887,0.2032295508377175,683
GSCX,0.2136111111111111,0.8138171669996038,0.82957716760391,5.3672996648109335,2.05416696676788,0.2165712226056693,683
PID,0.185,0.7308540537664193,0.70004289185447,4.775136667726209,3.010565642421193,0.2316693258335604,684
GSCX,0.0188888888888888,0.5488827336169834,0.4272466157940587,3.743001217456888,1.3545332088822284,0.3116768023885924,684
PID,0.2925,0.8610693760499688,0.9084689008394524,5.693336702851386,2.29072781231678,0.2021487525520428,685
GSCX,0.0,0.4196102254619175,0.3052548342244586,2.8349742386450383,1.0236043766823408,0.3788340236659646,685
PID,0.2191666666666666,0.8355599686302096,0.8329686424266692,5.504601896323497,2.2742653199784555,0.2122711100716493,686
GSCX,0.0,0.4019254221265129,0.2769932141302905,2.692725012204215,0.8886382403092473,0.3945318954611279,686
PID,0.2727777777777778,0.8483429009314472,0.90498920952904,5.601078967800928,2.5501397197300184,0.2034002576147247,687
GSCX,0.0,0.4197314767463942,0.2947979161828404,2.816701968164406,1.1100186389285829,0.3799096486757934,687
PID,0.2147222222222222,0.8102653661336391,0.7851004437408626,5.32729990337725,2.1885142605842813,0.2188122136606187,688
GSCX,0.0255555555555555,0.4270658163180532,0.3272587337598117,2.885911047551283,1.5866994285603953,0.3599462499040355,688
PID,0.2569444444444444,0.851693138163964,0.8688273481461197,5.627843947412956,2.4211905905741613,0.2059221271374016,689
GSCX,0.0,0.3619556577601563,0.2576248599610181,2.4418718934552848,1.1030869649863515,0.4109657176188342,689
PID,0.2372222222222222,0.8403195922960219,0.8187214344269963,5.55082164093614,2.0879850468034866,0.212345540539485,690
GSCX,0.0125,0.3944893332277014,0.2874173928924141,2.654300812508999,1.3644262383657173,0.3847758413036929,690
PID,0.5705555555555556,0.9178015432893442,1.4330470467091212,6.07369636623179,3.644444537066197,0.1633174324061285,691
GSCX,0.0,0.323221063634228,0.2322900320313138,2.188355340504786,1.0843030490727763,0.4353487041741494,691
PID,0.22,0.8155082332558548,0.7918842576590717,5.371478781256924,2.330515431493008,0.2165565816553963,692
GSCX,0.0119444444444444,0.4326283552880831,0.3270639780623982,2.9379901354954083,1.3146133417100898,0.3633129848757894,692
PID,0.7030555555555555,0.9368024331093792,1.7777011175606614,6.1905086299588685,4.6315697094496,0.1470036049675691,693
GSCX,0.0,0.4000453220969418,0.2877853122487073,2.709131954089876,0.9816231399707274,0.390232450674459,693
PID,0.2933333333333333,0.8542467529537768,0.9210837591110153,5.643910218357096,2.469438700367538,0.2015057424860196,694
GSCX,0.0044444444444444,0.4618871580709436,0.3598929047106788,3.144136155310871,1.2391989553420752,0.3499773962145461,694
PID,0.5861111111111111,0.916624995058287,1.4334157755826482,6.060020190744198,3.78516677508464,0.1625863774814405,695
GSCX,0.1963888888888889,0.7506725485832177,0.7809407689413097,4.936159989194593,3.417966324780342,0.2206999644834122,695
PID,0.6025,0.9184278173878466,1.6219288712004225,6.05665448289465,4.166133787867488,0.1557710187281915,696
GSCX,0.0077777777777777,0.4297053909482304,0.3174667134186801,2.90826208612494,1.3575293947575346,0.3661456133172537,696
PID,0.5016666666666667,0.8997816443690797,1.3154074279686063,5.951833475616408,3.5179648979353075,0.170683006162937,697
GSCX,0.1775,0.7164169744707504,0.6783700118195383,4.823060607656262,2.015419182188644,0.2394626745289931,697
PID,0.3169444444444444,0.8583527933100783,0.9339448676659624,5.663363879923431,2.7584117968215573,0.1982659922211558,698
GSCX,0.0361111111111111,0.4947546904585199,0.3994073006069219,3.366964080919031,1.564561770747778,0.3263405522216152,698
PID,0.1663888888888889,0.7729168542483569,0.7141793119109916,5.064259480979348,2.263882515741789,0.2302049398496474,699
GSCX,0.2113888888888888,0.8081223465526206,0.8184630200020395,5.324733098917839,2.030222839175031,0.2182149904075649,699
PID,0.3025,0.8454931474652058,0.9001711980159709,5.573719872531955,2.133749394842387,0.2049175239806967,700
GSCX,0.2461111111111111,0.7941242450709896,0.8311670369088483,5.230855644457271,2.21960039889514,0.2166893117454026,700
PID,0.2669444444444444,0.8616676717328493,0.8974513463008007,5.692682092818129,2.4855443805335176,0.2027330262565318,701
GSCX,0.2591666666666666,0.8054121041393925,0.8424504226487576,5.302798409489486,1.9182144906118568,0.2157747406006528,701
PID,0.1358333333333333,0.75627539301858,0.6651509785707644,4.94227430427462,2.0125243060763878,0.2392846961211258,702
GSCX,0.0,0.4032585287751946,0.2847842554127711,2.7205621193487737,0.9359536790954408,0.3907409703682738,702
PID,0.1744444444444444,0.8049365219043264,0.7618946714183057,5.295444922547138,2.1200031981458585,0.22308700041201,703
GSCX,0.0480555555555555,0.5501091654632045,0.4536350157708916,3.740918641224396,1.578369289740423,0.303644120857334,703
PID,0.3088888888888889,0.872044597193418,0.934023489567975,5.75784405008327,2.3730209799897195,0.1988568621297792,704
GSCX,0.005,0.4402910179383213,0.3175602765760719,2.956046954760964,1.265836566516672,0.3651015380872546,704
PID,0.2725,0.8448107677421316,0.875183556517448,5.569226687417366,2.27322093797917,0.2067233627056905,705
GSCX,0.1369444444444444,0.6999965198786103,0.6599915005473632,4.783828057787428,2.137012814784008,0.2433851039813083,705
PID,0.6602777777777777,0.9282306940534316,1.6544088530716736,6.127286137043799,3.4561441335835807,0.1548678342827731,706
GSCX,0.0572222222222222,0.5534852135366154,0.4529256934693928,3.761321427340366,1.559993445931561,0.3022818765344265,706
PID,0.5916666666666667,0.9087097769088958,1.4661418798806696,5.988175827798664,3.595112451858994,0.1628500804765037,707
GSCX,0.0825,0.6433531905256102,0.556754697819179,4.330655039238315,1.757295235504679,0.2694659656827485,707
PID,0.4022222222222222,0.8882433384451838,1.1137045376163923,5.875826105675795,3.301921028597992,0.1824891987055438,708
GSCX,0.1083333333333333,0.631303919827505,0.5735465781487901,4.266173631716647,2.2924457510085525,0.2637425985825217,708
PID,0.5711111111111111,0.9195543206888764,1.572460392682619,6.066868828641168,3.8779016032005433,0.1586453144660568,709
GSCX,0.0,0.4556742612059223,0.3225738518830267,3.0693971046025976,1.1534771895365237,0.3606734764109569,709
PID,0.2986111111111111,0.8580706494166189,0.9098183581265572,5.662833984951944,2.2754093097533654,0.2024052172575335,710
GSCX,0.2130555555555555,0.7662056256885207,0.7801395622292623,5.026618029661037,2.242859048672813,0.2249991617875201,710
PID,0.6577777777777778,0.9279986112366408,1.6677992648949218,6.135142930955392,3.842399605540493,0.1534131906034436,711
GSCX,0.1175,0.584300755791046,0.5589301215003719,3.970406546678301,2.8690979546020348,0.268154565561265,711
PID,0.2955555555555555,0.8670110016991248,0.9042596509362752,5.7412809652437655,2.130729610868471,0.2022027149500532,712
GSCX,0.0,0.3987877326023731,0.2717517433234432,2.680173050838808,1.0775548151061165,0.3928117734864008,712
PID,0.3130555555555555,0.8639352049397763,0.9580980400701016,5.701979404213673,2.256410624463215,0.1991160716585528,713
GSCX,0.2769444444444444,0.8253700773630364,0.8877713964067868,5.4452030444486725,2.1646406357975256,0.2087470239601161,713
PID,0.1794444444444444,0.7977557454007638,0.7301863957195832,5.242652584098612,2.377551688551056,0.2241210669329316,714
GSCX,0.0,0.3524956112433595,0.2461486783772522,2.3821935964463754,1.043923618587283,0.4186859253383086,714
PID,0.3591666666666667,0.8539544127125039,1.0037698521023404,5.633339615690304,2.780032343612462,0.1940667681152885,715
GSCX,0.11,0.6264283871386533,0.581655729918634,4.147922954141804,2.6627350476226823,0.2629492433506136,715
PID,0.2813888888888889,0.8537512712587404,0.907269101405368,5.632392566243177,2.613857934354855,0.2020784445874144,716
GSCX,0.1458333333333333,0.7134260244470667,0.6646480723465397,4.672858307522131,1.8212681612724564,0.2467892404603839,716
PID,0.3025,0.8327820563412875,0.9181538127344704,5.482173305490317,2.403642455542454,0.2043143479066941,717
GSCX,0.0,0.3615048696835106,0.2557153968662888,2.4208316264750405,0.9607984175764124,0.4155324349961664,717
PID,0.7436111111111111,0.9436531931569616,2.154421744410131,6.234106634563511,5.118281309173764,0.1363465921828431,718
GSCX,0.0261111111111111,0.5240958747278683,0.4111857443620658,3.562462507207663,1.5332055051275937,0.3179543972275866,718
PID,0.5230555555555556,0.9073018081151544,1.358606339645326,5.996199015137004,3.593221159618571,0.1679073751958645,719
GSCX,0.0063888888888888,0.4152659722242814,0.3105328571964726,2.788899099211196,1.2981365884984308,0.3749902791293849,719
PID,0.4491666666666666,0.8637525629858227,1.201010301873284,5.67994483552353,3.5539850338185905,0.1794228686266284,720
GSCX,0.0094444444444444,0.3912205925434129,0.2923696031607883,2.627708714527756,1.4128413516301035,0.3851576737548505,720
PID,0.2155555555555555,0.7731665892717499,0.7648087937775844,5.050277106755242,2.559563562815006,0.2232384627993144,721
GSCX,0.2958333333333333,0.8317052119626954,0.9108280861409116,5.481204825670631,2.3333884071355024,0.2053202639642712,721
PID,0.2913888888888888,0.84281012628223,0.902704180644237,5.569751181401894,2.732388421614117,0.2023911474382903,722
GSCX,0.0,0.4075218823454591,0.2874006068184774,2.769943713407368,1.1839012647986027,0.3829841716520468,722
PID,0.5113888888888889,0.8785022229579965,1.3045267451033902,5.791133487324781,3.47949506585824,0.1728270751646877,723
GSCX,0.0169444444444444,0.3875679508123655,0.288658810778755,2.61684210488404,1.3994316592342595,0.3856981208328988,723
PID,0.3613888888888888,0.8713837621698572,1.0571562254822084,5.781181199641651,2.873933146653622,0.1892266162112374,724
GSCX,0.0994444444444444,0.628544695878197,0.5601278691648108,4.204735173802119,2.206196031247643,0.2677497287241926,724
PID,0.5183333333333333,0.906217526239617,1.313788400680692,5.984633750040404,3.286425796430604,0.1706399796593698,725
GSCX,0.0,0.3677742652145522,0.2626114454798309,2.494644566109517,1.0659961954720318,0.4072629397689776,725
PID,0.1811111111111111,0.7573382564617759,0.6892129747970337,5.0919559095045495,2.2722335354238936,0.2306858187854248,726
GSCX,0.0,0.3699284271885662,0.2689322634443201,2.50128271069196,1.1737441991629198,0.4034549404426248,726
PID,0.2638888888888889,0.8501277266950351,0.8596232306081037,5.597624607190006,2.1050979499589504,0.2081680008390944,727
GSCX,0.0,0.3104932235226667,0.2173129474240536,2.0839399584941924,0.9650465235226832,0.4496502429438048,727
PID,0.185,0.7623403479319637,0.6809042441531203,5.003240114961908,1.916189978680802,0.2348451675763372,728
GSCX,0.0,0.5446222683657536,0.3830220150110518,3.6814986486129775,1.1402873093519064,0.3234400314374693,728
PID,0.3088888888888889,0.8463640834467183,0.8828189751284051,5.5848291809829735,1.9970287346331044,0.2059652792630492,729
GSCX,0.2577777777777778,0.8011735173068255,0.8431961710070237,5.287466316475072,2.145414228530472,0.214874259477809,729
PID,0.3563888888888888,0.8645154090885427,1.164909838676848,5.697097971789559,4.294663128290683,0.1806304378012233,730
GSCX,0.0116666666666666,0.382352080402164,0.2884333932131254,2.5859708716146583,1.291686267682388,0.3904581412870661,730
PID,0.2344444444444444,0.7607156045602463,0.7594293398338802,5.000962337627622,2.3805127952233303,0.2248132148105432,731
GSCX,0.2797222222222222,0.8116862942969378,0.8805776502768893,5.349281854963552,2.2295067746392454,0.2103754685110119,731
PID,0.7502777777777778,0.9459940166330428,2.263724934043952,6.265968439418327,5.500280961720216,0.1329929568001284,732
GSCX,0.2494444444444444,0.7749278030502766,0.8269704261710359,5.088935203646706,2.16428740562662,0.2198444223453415,732
PID,0.5066666666666667,0.897082180811826,1.391686273823578,5.9324272998976655,3.955266792595274,0.1668838905456089,733
GSCX,0.0,0.3663119327298618,0.262673228002145,2.472545484950348,0.9063124447025864,0.4118736019824078,733
PID,0.5594444444444444,0.9102207039145338,1.4234172339413191,6.007202221323958,3.782644942214126,0.1641701614188818,734
GSCX,0.0080555555555555,0.4904255797470119,0.3546564191062641,3.3071409866951127,1.347029025580969,0.3403662119214672,734
PID,0.3066666666666666,0.8551386833105277,0.8972923041760901,5.642554420060003,2.2447684902987044,0.2031377933329096,735
GSCX,0.1608333333333333,0.733661818869486,0.7059853299544293,4.799207161462662,2.510178045458648,0.2353766996041258,735
PID,0.1855555555555555,0.816023560026221,0.7540726801841955,5.361969813552332,2.1483478801425324,0.2213987523849825,736
GSCX,0.1533333333333333,0.6764390564210493,0.646500614248886,4.404026958287193,1.8525239993824785,0.2542850915957628,736
PID,0.6988888888888889,0.9355271235471004,1.7924328317285614,6.17748466294065,3.947640012377599,0.1486460873722871,737
GSCX,0.0,0.357354220502591,0.2545601250751075,2.410461530283396,1.0817767797541389,0.4141986834892492,737
PID,0.5533333333333333,0.912213944224256,1.4236591025416228,6.029623650077756,4.381269260830031,0.1621803471414241,738
GSCX,0.1708333333333333,0.7387139534064651,0.7074092522116252,4.848798594109764,2.1153808656091013,0.2362764717353011,738
PID,0.7241666666666666,0.9394699341564868,1.998266029110758,6.221874343372983,4.526620248914476,0.141525364529085,739
GSCX,0.0191666666666666,0.406621314840962,0.3062977047617866,2.738543442685661,1.5678709276476812,0.3723412346039603,739
PID,0.1819444444444444,0.7973396335448405,0.7646921367271065,5.314888761786381,3.0506327036527927,0.2170046765033691,740
GSCX,0.0,0.3738944480662982,0.2626840305902175,2.5363018037448724,0.976744169566646,0.4061540680567005,740
PID,0.2991666666666667,0.8675036241575476,0.9591923989071248,5.746322669253671,2.280146679417447,0.1988274954856587,741
GSCX,0.0088888888888888,0.4103858076961256,0.3057915657420838,2.757527846293262,1.4016979383834287,0.3754780224581924,741
PID,0.7066666666666667,0.9368904514601892,1.8184201170397023,6.200271379061322,4.036697176252409,0.1474267803417621,742
GSCX,0.0,0.4853872440908273,0.3519227536032743,3.278341051683157,1.1564941327975728,0.3458128005760674,742
PID,0.2691666666666666,0.8477780644086589,0.9088008559124052,5.611052495585694,2.9645881329888746,0.2012085921426114,743
GSCX,0.0097222222222222,0.3997699542812413,0.2965747074010137,2.7091501258724344,1.2290023315822705,0.3829167506465842,743
PID,0.6669444444444445,0.929116345269319,1.7051960886372248,6.141602434938648,3.6845149553009446,0.1526143181223982,744
GSCX,0.2883333333333333,0.7926190450948587,0.8673809426366806,5.214742983290504,2.450903262580253,0.2119362775958931,744
PID,0.2983333333333333,0.8394391875679076,0.9020226273628016,5.54073943902719,2.3824475871399016,0.2043544511855394,745
GSCX,0.2763888888888889,0.8020986781399102,0.8555150632359755,5.277600795869941,2.216360810521912,0.2131503791701846,745
PID,0.6872222222222222,0.9366389255271124,1.941255866623184,6.185902046921721,4.52069232370425,0.1438509476659274,746
GSCX,0.2327777777777777,0.7851368202997716,0.8293396594104312,5.182109083420063,3.160297262718516,0.213158858067925,746
PID,0.235,0.8355778794002023,0.8180983190504271,5.501314451851997,2.066782121011705,0.2134748707314461,747
GSCX,0.2063888888888889,0.7867122627165118,0.7903177312822709,5.164600603069299,2.172694414477946,0.2223164620552076,747
PID,0.3461111111111111,0.8657420363927602,1.0060869893067743,5.712470234609173,3.062391593510616,0.1919664981028342,748
GSCX,0.0747222222222222,0.7030043389001834,0.5891914657456894,4.730420553522424,1.7197219633910918,0.2563314761261855,748
PID,0.3022222222222222,0.850300054336025,0.9224564632974064,5.616006967431998,2.9766530369058137,0.1991095756329248,749
GSCX,0.0105555555555555,0.4603971321517429,0.3345714931073525,3.126676924663836,1.4446635983444356,0.3504517982506189,749
PID,0.5402777777777777,0.9079465102379072,1.4915627077504738,5.996075535370824,4.03490090632558,0.1620118703518221,750
GSCX,0.0,0.4074236715836914,0.2871970874076625,2.7393958979022,1.040028191456202,0.3871693029035776,750
PID,0.4077777777777778,0.8817783755388368,1.1453731311905768,5.842101068881293,3.727032382866492,0.1799704497153278,751
GSCX,0.0,0.3608238408943945,0.2607214571211881,2.409027423827122,1.0511381145391996,0.4134861820679865,751
PID,0.2530555555555555,0.858161921898505,0.8866265125466783,5.671896119905819,2.537621863797794,0.2039070279042482,752
GSCX,0.0097222222222222,0.371553371566573,0.271493062061156,2.4829603114441072,1.3811450301983672,0.3983528713749234,752
PID,0.3638888888888889,0.8679162008458581,1.0144523091066922,5.747054141196202,3.021044561628797,0.1906816539135278,753
GSCX,0.0025,0.3661054685331331,0.2569815288347046,2.4575673690991606,1.2144778249191988,0.4071971177242154,753
PID,0.2969444444444444,0.8535383697970239,0.9075841403351288,5.634726139882548,2.5489343005887424,0.2017184178090249,754
GSCX,0.2447222222222222,0.7592038865237428,0.8059505062261194,4.991105227202215,2.218979599081297,0.2229120652472531,754
PID,0.2986111111111111,0.8484810825700559,0.9044043613476508,5.595350471776059,2.420983702413137,0.2030801942672964,755
GSCX,0.0,0.3982035505978152,0.2894666495229464,2.7031745059573686,1.1409700894507278,0.3875019161874519,755
PID,0.7252777777777778,0.9411420188526908,2.089482636876419,6.223857429768795,4.971403824799024,0.1384630928354702,756
GSCX,0.0,0.3744724193626445,0.2626864891204376,2.5170435004507445,1.0155735195405198,0.4064542043040772,756
PID,0.6566666666666666,0.9283344501499394,1.6426484098923435,6.128270723256222,4.220029913514557,0.1530777327624497,757
GSCX,0.0,0.3736744296620616,0.2705164006187555,2.529960050988697,1.047165766990707,0.4037357761947829,757
PID,0.7341666666666666,0.9429951023380556,2.079767333237545,6.2336175974458925,4.722702487268218,0.1389902555080883,758
GSCX,0.125,0.6840722666228578,0.6484899898098592,4.453868102378434,2.000896838995774,0.2534768812103262,758
PID,0.2880555555555555,0.8642183596858344,0.9557067276423726,5.693495269512376,2.8772266417680257,0.1973857536321807,759
GSCX,0.0105555555555555,0.4422214127010265,0.323991440795776,2.968992652540742,1.478845907359114,0.3593819719617919,759
PID,0.7094444444444444,0.9372930433388712,1.789964386735707,6.201941483445904,4.088012803436567,0.1478977475118696,760
GSCX,0.0197222222222222,0.4472543370818804,0.342226843053368,3.036790412651404,1.5167277656797828,0.3518252475174537,760
PID,0.5613888888888889,0.9143090444911108,1.4379804592837346,6.053101526707435,3.5665368375148128,0.163902816658528,761
GSCX,0.03,0.4869496500930061,0.385272970235367,3.3064541204202023,1.8486646701665383,0.3276511725825141,761
PID,0.5655555555555556,0.9125580474438356,1.389259562478367,6.020986605574389,3.486096773204627,0.1658355783389636,762
GSCX,0.0,0.3936151231520607,0.2895630998005727,2.660763630320848,1.1748811609154182,0.3894233816565757,762
PID,0.6791666666666667,0.9338433326138188,1.7480204794456626,6.171858600107961,4.378753172032668,0.149079740057922,763
GSCX,0.0163888888888888,0.4061643908356225,0.2980533973067911,2.738781235915388,1.3735560419742758,0.3772984418233587,763
PID,0.2819444444444444,0.8609286507976758,0.9563439265506688,5.680519191636591,2.8354018978715065,0.1980287975333594,764
GSCX,0.0097222222222222,0.412897052483096,0.3034020075244,2.7766844554113,1.412545328802849,0.3744458524857501,764
PID,0.4844444444444444,0.8798605011293131,1.2531235204921969,5.783913798988765,3.2084733089990136,0.1764227205206,765
GSCX,0.2075,0.7840964600344597,0.7677728403074453,5.181777128904654,2.01185577825992,0.2242183525203743,765
PID,0.4369444444444444,0.8807089072337576,1.1487460391571207,5.823342103878398,2.954292481622906,0.182163665811502,766
GSCX,0.2197222222222222,0.793788312741231,0.8082460314456834,5.245890506810524,2.0237266050853515,0.2200265301699983,766
PID,0.5,0.8920374798870346,1.304961335642291,5.881081490337543,3.793029829321121,0.1709280033121436,767
GSCX,0.1866666666666666,0.7951127384410991,0.7825061252385146,5.264762043398082,2.552436372129766,0.2195783420309165,767
PID,0.1030555555555555,0.5730351461753483,0.4861862838470647,3.849491277675173,2.236588874392357,0.2847835402263075,768
GSCX,0.0025,0.4217347185784321,0.3135558320292806,2.849456587552825,1.2153262065626378,0.3730868587598312,768
PID,0.0,0.5812472790671095,0.3504769743039968,3.872926045383719,0.998107874980654,0.3202682045651982,769
GSCX,0.0052777777777777,0.4474920449474042,0.3241117998563581,3.0054562488042755,1.2355687972959086,0.3618795868623941,769
PID,0.1783333333333333,0.8062047351345797,0.7504307177844635,5.3079437949457695,2.269654471010178,0.2223834196381182,770
GSCX,0.2352777777777777,0.8036999567706655,0.8424890791505624,5.292073293302853,2.1907788879669616,0.2155729993076018,770
PID,0.6386111111111111,0.9296570241752992,1.7556756979172254,6.153927576064812,3.989900677901926,0.1510377173391785,771
GSCX,0.0413888888888888,0.4668423174322982,0.3620143115150301,3.1718125470199063,1.5743385806080388,0.339128048719929,771
PID,0.6491666666666667,0.9280096530769276,1.6707672075938738,6.136426832231563,3.9562306678262606,0.1532071149412137,772
GSCX,0.0,0.3600168840915717,0.2491085320502139,2.406632422424449,0.8980496625907919,0.4190914089906978,772
PID,0.2319444444444444,0.829480221734021,0.847367372853506,5.465689194224453,3.2882074781549586,0.2064030021584232,773
GSCX,0.0247222222222222,0.5151946279494526,0.3939394396802004,3.519651067484676,1.4147781281203091,0.3234629228967164,773
PID,0.4780555555555555,0.9004327970017074,1.3413254998373425,5.95580610370851,3.888216048211651,0.1692097073412855,774
GSCX,0.1719444444444444,0.7846617699628889,0.7454586186579162,5.1552847025085615,2.3358389327516065,0.225749072935953,774
PID,0.2897222222222222,0.8398383085755419,0.9186570384486866,5.530010843731201,2.75625198489577,0.2022479357753354,775
GSCX,0.0105555555555555,0.3948530552702516,0.2921204721698536,2.6652865304473043,1.444126317941301,0.3823042972600004,775
PID,0.2438888888888888,0.848991567771255,0.8650698112932951,5.599197769176026,2.368050311135632,0.2074087593837665,776
GSCX,0.2733333333333333,0.8221601842505253,0.8744701579666511,5.420397633751911,2.420186804425751,0.2086469915579439,776
PID,0.225,0.8447483526969604,0.8156354708448987,5.57361124154126,2.4331212932550463,0.2107448574802513,777
GSCX,0.0,0.4634443081807644,0.3318708248335717,3.1400429400196,1.1570456075068525,0.3556860246158639,777
PID,0.2591666666666666,0.8422342193260175,0.8727615781832139,5.54991857816362,2.342818585683073,0.2073905904084257,778
GSCX,0.0,0.3749952041913246,0.2634446734829299,2.5455990078271045,1.078745199271333,0.4033972406218456,778
PID,0.3869444444444444,0.8639131050820654,1.0470885422207212,5.705332881448644,3.051949340869974,0.1890143653424602,779
GSCX,0.0469444444444444,0.4994564423947022,0.4026574249942843,3.39265280528428,1.564343720324786,0.323648398886832,779
PID,0.3827777777777778,0.8785378699310357,1.087400934262201,5.797984320279864,2.968073182664466,0.1865767665837778,780
GSCX,0.0105555555555555,0.4194592984730437,0.3071828699106975,2.847596017952827,1.287732555098183,0.371968469573575,780
PID,0.4588888888888889,0.8915185318113895,1.1748147746832969,5.917586485495423,3.109560225946705,0.1786776467724169,781
GSCX,0.0,0.4120382604530023,0.2972379234915113,2.787710126490908,1.173677661644008,0.3803845144437671,781
PID,0.1725,0.8109029798738762,0.7442690052412317,5.335293295802131,2.213781433583042,0.222761370464771,782
GSCX,0.0086111111111111,0.4568554600512185,0.3405449305637598,3.0952139869239543,1.363525446739039,0.3526412106317685,782
PID,0.1444444444444444,0.6858253969961038,0.6207354646229971,4.638207359522336,3.3682790698536973,0.2401859453262856,783
GSCX,0.0,0.3330267351672661,0.2358285969606066,2.233610817497033,1.0403123075065417,0.4318022810953886,783
PID,0.4447222222222222,0.8966488614209407,1.176840532699156,5.9521184689879565,3.0225131783031918,0.1789330701556532,784
GSCX,0.2180555555555555,0.7792258022966712,0.8136529737957883,5.138582771434576,2.248897850835562,0.2206484033620929,784
PID,0.7016666666666667,0.936776657798661,1.7925629749717389,6.199109188982653,4.022509729819239,0.1482046894696463,785
GSCX,0.0,0.3638903302073383,0.2569210854844979,2.434373502653512,0.8229950082698703,0.4171613558009469,785
PID,0.74,0.9445403163872604,2.0907730035460523,6.240351349334574,5.53738215158112,0.1367333955964634,786
GSCX,0.2383333333333333,0.8140952209358634,0.8414372598385245,5.366600667697477,2.37608760377362,0.213051631819566,786
PID,0.1369444444444444,0.7146706718208761,0.6325454997409447,4.891126142855167,2.245981775381144,0.2417936294262789,787
GSCX,0.0,0.4760336879699738,0.3460506962704321,3.2132820195666096,1.0593416635508592,0.3512912690043485,787
PID,0.2922222222222222,0.8490874369673795,0.9417731039179584,5.6011676571102464,2.6516537202430315,0.2004462290018219,788
GSCX,0.0,0.4040829149058183,0.3099501538962593,2.744134546621133,1.158256346916004,0.3813562068207836,788
PID,0.4277777777777777,0.8727388245274553,1.2183250279536508,5.73492052451629,3.7898599722096047,0.1778513478513823,789
GSCX,0.0058333333333333,0.4554983679480081,0.3330213812859372,3.0620031652407693,1.290742229322312,0.3566688323318973,789
PID,0.6808333333333333,0.9332800175860924,1.820044238182141,6.166027882956168,4.254643933069874,0.1476772211491481,790
GSCX,0.0097222222222222,0.4003323187846146,0.299290822740462,2.6863084950197686,1.425963605393248,0.3801681083965132,790
PID,0.3225,0.8673245719358261,0.9905613024345143,5.7277750996348,2.9577816488054927,0.193720789621719,791
GSCX,0.015,0.4110328679232433,0.3119320946722554,2.7797162404671765,1.478437537087818,0.371277486068753,791
PID,0.7408333333333333,0.9421178948563028,2.032763077403504,6.235444950239481,4.644196111532969,0.140045528073186,792
GSCX,0.2472222222222222,0.8126232428614453,0.8487837100355056,5.368594273376236,2.741367851798096,0.2103254262063071,792
PID,0.2702777777777778,0.8647381277524141,0.8952544379187591,5.7021060841548845,2.360720987130588,0.2031193664731693,793
GSCX,0.0,0.3900553126117285,0.2954792392081941,2.644792750458007,1.1048454386882147,0.3908065160236983,793
PID,0.3086111111111111,0.8731286838972245,0.9542794021644974,5.766118924174611,2.3339490858072987,0.1980416895083573,794
GSCX,0.2261111111111111,0.7851280694577829,0.817986595961687,5.178448258075313,2.4173264819570885,0.2182576893442629,794
PID,0.6483333333333333,0.9265124794563524,1.6617826313427229,6.121438010776157,4.082253393314651,0.1532426476503108,795
GSCX,0.0,0.3983804588024039,0.2756967510033951,2.6631368775825224,0.8754339873418515,0.3968745938095631,795
PID,0.3155555555555555,0.8460492618772552,0.9330655064079656,5.573666189146682,2.542510500820039,0.2008623338661438,796
GSCX,0.0,0.323298865563585,0.2285302323543719,2.182279474922607,0.8548685207106048,0.441842525362043,796
PID,0.1247222222222222,0.6335317924943974,0.5308593995901266,4.209157389580215,2.5154612704530632,0.2653352281335701,797
GSCX,0.1722222222222222,0.7137459551130737,0.6920909647076343,4.653086817134702,2.117476946902316,0.2416985267582278,797
PID,0.2483333333333333,0.8365636888953165,0.8619670109984016,5.520445156781858,2.6908505158975533,0.207124735808215,798
GSCX,0.0,0.374531259973889,0.2701267926694039,2.5081634629858653,1.1295214545570866,0.4033757181881929,798
PID,0.3688888888888889,0.8623371503885613,1.030223898891334,5.699777738135028,3.0932787981919443,0.1902478003663424,799
GSCX,0.1422222222222222,0.5889131732271058,0.5708421473028367,3.985589125426508,2.625062978448617,0.2670139083913454,799
PID,0.2672222222222222,0.8345150606948283,0.8569150928796614,5.499908864915159,2.6280312920586604,0.2072241462544126,800
GSCX,0.0169444444444444,0.4360129401822247,0.3263077755179798,2.942389898578114,1.3479453681875728,0.3618365584266499,800
PID,0.3119444444444444,0.846057871042758,0.9089396540644352,5.578315317954041,2.3760926909184867,0.2028378808529511,801
GSCX,0.0,0.3601914325091396,0.2627920495896055,2.4266157159658928,1.1718008066642978,0.4096532332114772,801
PID,0.3927777777777778,0.8825983784110215,1.135960812350597,5.824255313999594,3.3384305488349386,0.1825282176665188,802
GSCX,0.0,0.3189924475128089,0.2288028403690011,2.1593954056290774,1.0576291068830683,0.4389943567074149,802
PID,0.2891666666666667,0.864421241212174,0.8973332502863443,5.7187508383760175,2.197709404719564,0.2028187456182768,803
GSCX,0.0,0.3649174646554141,0.2586574633641399,2.4426610853763204,0.9414093263503082,0.4137982571761376,803
PID,0.3222222222222222,0.8454466432725409,0.975494377853006,5.568991129974842,2.952766572271466,0.1968815571253048,804
GSCX,0.2836111111111111,0.7971903234620014,0.8595890785940393,5.241078331958545,2.1839125523866976,0.2134771695550777,804
PID,0.4241666666666667,0.8727973241750101,1.1570725365707226,5.744088104435288,4.056269104045436,0.1789905098615635,805
GSCX,0.0,0.3583369834716903,0.2530730114172829,2.41252036462568,1.0344203352388526,0.4152574691684753,805
PID,0.1405555555555555,0.6817615118229831,0.6017487320721645,4.568976015616406,2.5550398870897784,0.2490648714277255,806
GSCX,0.0525,0.5399124541038449,0.4417482103774811,3.665379020228417,1.8263132597723268,0.304560128489203,806
PID,0.315,0.8603493409740713,0.9498004708013632,5.675957038858294,2.546124929836917,0.1984498023635328,807
GSCX,0.0,0.3823259851906279,0.265941332670856,2.5588349291545027,0.9615714365012143,0.4039485229934237,807
PID,0.3711111111111111,0.8727526532775328,1.0566164621612169,5.757933241784827,3.266196804388698,0.1874994785892154,808
GSCX,0.0955555555555555,0.6413633585844547,0.5839279050872781,4.371271528960478,2.535568302366046,0.2590201840367016,808
PID,0.2775,0.8531205164000004,0.8808726588384561,5.625638595375575,2.2810355939736726,0.2052097865730715,809
GSCX,0.0038888888888888,0.3411710541548521,0.2453915325519591,2.3116208019639157,1.2431891684877832,0.419182366941107,809
PID,0.3041666666666666,0.8571738977687927,0.9556944482556716,5.658119486894809,2.3958649692426914,0.1996404702534739,810
GSCX,0.0052777777777777,0.4432705763974294,0.3118598736650349,3.013204097758917,1.266081506052373,0.3630625118977276,810
PID,0.3055555555555556,0.8713091421943124,0.9317875882119938,5.746385229414013,2.112087086305115,0.2005094424720405,811
GSCX,0.0,0.3874955042114864,0.273503832219672,2.631797267571137,1.186288193592615,0.3939007122946367,811
PID,0.4805555555555555,0.8953891070809497,1.203185024574661,5.925109342992449,2.9301424584164866,0.1775445380442665,812
GSCX,0.0136111111111111,0.5646239032612986,0.4251997120204633,3.836257699682412,1.3382397493910798,0.3087667670553873,812
PID,0.5475,0.9135848454054182,1.4389756111808194,6.024270608392438,4.136467840701917,0.1626979959664324,813
GSCX,0.0,0.3591123017744127,0.2606736747670063,2.416173373255062,1.133164778749374,0.4115256766416822,813
PID,0.2413888888888888,0.8242340230607327,0.833253273149692,5.429640090931929,2.1832592389694216,0.213163351068535,814
GSCX,0.1033333333333333,0.647560665164305,0.5716453713340497,4.315122681965707,2.1129643165072136,0.2640337783118977,814
PID,0.2872222222222222,0.8619416654760857,0.9066596582822042,5.704432199224668,2.560964618040862,0.2009529744804493,815
GSCX,0.2508333333333333,0.8183412995162191,0.8367306077326007,5.408420822532828,1.97602775416118,0.2141528841998402,815
PID,0.2902777777777778,0.8580656395166728,0.915897260771433,5.678306346742343,2.4551497289927444,0.2013725759675427,816
GSCX,0.0,0.4260280257989134,0.3048416925702564,2.860143764322784,1.043771782925232,0.3768832756135234,816
PID,0.3997222222222222,0.8849215617018333,1.335755662433481,5.851578582078576,4.504289171807288,0.1707698285321941,817
GSCX,0.0,0.407558095487047,0.2983257705385482,2.7683486884090427,1.0786636468267636,0.383153334985846,817
PID,0.1352777777777777,0.7462324801143029,0.6545598989501941,4.872386350265488,1.9843308044846943,0.2418641026467652,818
GSCX,0.0,0.330049775426016,0.2345628616436788,2.210748900531777,0.8575068394018641,0.4379809200589757,818
PID,0.6308333333333334,0.9233315206552049,1.6676898144123449,6.095016000665435,4.20000453412549,0.1534201778174892,819
GSCX,0.0,0.4382179377983434,0.3105364124394528,2.9581672981648905,1.1533234355252624,0.3686574115839618,819
PID,0.3741666666666666,0.8792650152700375,1.070026557698854,5.818745760413379,3.0837679004600846,0.1867944434881847,820
GSCX,0.1730555555555555,0.7161238466457669,0.7114362828980798,4.676913596685917,2.0737348610654784,0.2401733586730505,820
PID,0.2702777777777778,0.8548988655057467,0.9344355531430856,5.665280634221057,2.758219898941461,0.2001322479673145,821
GSCX,0.13,0.7076235222360254,0.6454223087366474,4.634886288235266,1.963403225061004,0.2489907339557343,821
PID,0.3636111111111111,0.8709430567064459,1.1021140498957611,5.763717176647929,3.418786663964099,0.1853425082646042,822
GSCX,0.2055555555555555,0.7843953572591774,0.7685348242134897,5.191883625626106,2.4434981183265814,0.2215182462869865,822
PID,0.2975,0.8476335433216539,0.9176531977393468,5.590885459226047,2.653612865341641,0.2014667964757646,823
GSCX,0.0241666666666666,0.5225468423135338,0.3938393061763357,3.5306359545666104,1.483493674746584,0.321928707587943,823
PID,0.2261111111111111,0.8364778190842531,0.8329298573315568,5.520501912151179,3.072676236742918,0.2074841271502761,824
GSCX,0.0136111111111111,0.4009934292302285,0.2970344892592803,2.692789975025833,1.440287023525784,0.3793472685043271,824
PID,0.6533333333333333,0.9273739900804384,1.675168865233392,6.119867412099854,4.505017968231393,0.1516094909562255,825
GSCX,0.0,0.3928278752573515,0.2785404446007098,2.62530204319305,1.0877721382840784,0.3948580939901852,825
PID,0.2705555555555555,0.8348556217374903,0.882988762218021,5.49738217749197,2.260546981258428,0.2077759041879656,826
GSCX,0.005,0.3281540282151226,0.2390997500505755,2.1990738946303083,1.2690778720317268,0.4277810885543449,826
PID,0.6636111111111112,0.931623268968654,1.68409579508694,6.159335172064062,3.314955854457132,0.15410911213277,827
GSCX,0.0313888888888888,0.5813505366991482,0.4441605613154485,3.935373515533539,1.620535535298288,0.2982031848337604,827
PID,0.2527777777777777,0.8571434050392018,0.8794728966753481,5.661108585576031,2.757261229966003,0.2033275840526749,828
GSCX,0.0027777777777777,0.3768816495069667,0.273229215927937,2.551406537382205,1.220657487220324,0.3980261336148117,828
PID,0.2886111111111111,0.8508468570179899,0.9083444697852808,5.62208535230662,2.831478361243792,0.2008766905522476,829
GSCX,0.0041666666666666,0.443632720495389,0.3231822282977723,2.9872559270552435,1.2187055281768462,0.3634928064657616,829
PID,0.6619444444444444,0.9289825183798824,1.7377709209570755,6.141194333940578,3.710818780837288,0.1518314472150782,830
GSCX,0.2180555555555555,0.8023214289867987,0.8027766202298042,5.290031090775832,2.0478612610525357,0.2193266852652053,830
PID,0.1811111111111111,0.7920226428223509,0.7640016703068409,5.203169083304284,2.6481585941560866,0.2213951221151364,831
GSCX,0.0,0.3827083767090494,0.2709773314007573,2.5968631021454662,1.0010321232881112,0.4001088656844186,831
PID,0.7547222222222222,0.9459235918397118,2.157141892048493,6.250751823179431,5.207530465470311,0.1357605378151291,832
GSCX,0.2966666666666667,0.8263595108642622,0.8918470991810836,5.459456198311123,2.057078631544357,0.2080204635852923,832
PID,0.4302777777777777,0.8879796846692767,1.1992464362671666,5.853835194662274,3.530525759244672,0.1778870359948433,833
GSCX,0.0,0.3803771579547591,0.2654479063795089,2.5478629112336884,0.8373649225977395,0.4072659125929923,833
PID,0.3036111111111111,0.8619012384688677,0.88945835125013,5.681763315114147,1.9873981815695307,0.2042076664209855,834
GSCX,0.0194444444444444,0.4172784074168709,0.3151970505717896,2.830437734134524,1.5111897709689162,0.3668469463640161,834
PID,0.7563888888888889,0.9458860797046136,2.2304128401539067,6.263898567467191,5.574329700890699,0.1333906768889336,835
GSCX,0.0055555555555555,0.4047621176332289,0.2912226798635202,2.726866699043172,1.2734654798660383,0.382370771331766,835
PID,0.2897222222222222,0.8396007269480765,0.8756326194494576,5.525450908544912,2.229035328827996,0.2069480537504865,836
GSCX,0.0336111111111111,0.4821146222416341,0.3689192866522812,3.283010880747087,1.5565636729340149,0.3342005441481009,836
PID,0.235,0.8531145766251174,0.8561700791309008,5.632041040125526,2.053683587637474,0.2092774781648632,837
GSCX,0.0,0.3587428489601444,0.2516691571916302,2.434391362890673,1.1961706047558738,0.4108720348662234,837
PID,0.3,0.8575779117509872,0.9150661940583824,5.665472105901114,2.3648247875791752,0.2016463584167513,838
GSCX,0.1744444444444444,0.6469533645404462,0.6326609465908061,4.380201114189721,2.18764313496554,0.2527110803061217,838
PID,0.6455555555555555,0.9255311993700078,1.7108103147710323,6.12453796383849,4.347398699739011,0.1513039661884316,839
GSCX,0.0547222222222222,0.5796552494061977,0.4684846899984078,3.948555200210032,1.6535057327003422,0.2931420658277496,839
PID,0.3152777777777777,0.8657677323939151,0.9753791229973028,5.716300893773283,2.403780681322316,0.1973574123822352,840
GSCX,0.1052777777777777,0.6132477315777494,0.5676764325277053,4.174623351091496,2.5432083350791936,0.2651122951915399,840
PID,0.4227777777777777,0.8903189665582003,1.1270913861505152,5.912937721553088,3.141082315509845,0.1814987467332358,841
GSCX,0.0,0.4602205569996067,0.3376922850506534,3.1199099774172683,1.1784595297786926,0.3556258082643608,841
PID,0.2608333333333333,0.8447779723350539,0.8612767583422338,5.566897098258411,2.27672094799891,0.2078998468542074,842
GSCX,0.2730555555555555,0.8183831816761841,0.8710983428568532,5.391928462281718,2.3331484478544158,0.2097892295026412,842
PID,0.7577777777777778,0.9468038837989984,2.219667101774525,6.264036249354914,5.254155193970004,0.1342572983619833,843
GSCX,0.0,0.3329380467896115,0.2327942822236154,2.234740303471883,0.8671025092769215,0.4362797617229209,843
PID,0.2761111111111111,0.8548683558503133,0.8820885964610768,5.640932525465131,2.192316038861046,0.2054019211612605,844
GSCX,0.0,0.3920203818724765,0.2793054820015958,2.628223226643205,1.076763873875609,0.394830095326478,844
PID,0.3113888888888889,0.8582872036162713,0.9315441107993246,5.661198489609029,2.357124076153059,0.2005378017594916,845
GSCX,0.1713888888888889,0.6787525032368542,0.6625463988478116,4.425310719322737,2.315468216387913,0.2479947459911782,845
PID,0.2886111111111111,0.8576933990071762,0.8991861819331162,5.664818882847403,2.6110350032562977,0.2016255556286848,846
GSCX,0.0,0.3682383941543445,0.2540599334374402,2.4742237586293463,0.8165585717267948,0.4150861313952765,846
PID,0.2594444444444444,0.8518106606446046,0.8745995862574685,5.608205556783955,2.2383877533974506,0.2067697550102982,847
GSCX,0.0,0.3336250820257972,0.243634588049688,2.255802166103277,1.1923569002798955,0.4253974313904242,847
PID,0.2688888888888889,0.8570798754359127,0.8655340068692755,5.671382315966459,2.232454600983778,0.2057807685283214,848
GSCX,0.0,0.363124138537283,0.2665672799933777,2.4550741742664224,1.178196806583814,0.4069524657609898,848
PID,0.2594444444444444,0.8524999222310592,0.851460410122856,5.623418083428035,1.891259200732211,0.2094318341128052,849
GSCX,0.0,0.3979718289205863,0.2992503088750636,2.696269440195359,1.1566375882709468,0.385988095242859,849
PID,0.6013888888888889,0.9222014044005036,1.4863418220556317,6.089545211325305,3.738597683730453,0.1604794336910528,850
GSCX,0.0211111111111111,0.4687886054568241,0.358774231214694,3.179943714958642,1.4687871721578478,0.3429411263409002,850
PID,0.5083333333333333,0.9080159538798616,1.3899389125980208,5.994631728433944,3.6548685960069207,0.1671520021744503,851
GSCX,0.0038888888888888,0.3720048764058494,0.2729470318255316,2.494829497744606,1.235653518996072,0.4011228930345095,851
PID,0.3044444444444444,0.8588554532645164,0.925880748942347,5.666223588229869,2.5945338958020208,0.1998433010440111,852
GSCX,0.2688888888888889,0.8194758718448205,0.8917879798178112,5.415119635227178,2.2400336476173672,0.2090862302382612,852
PID,0.5244444444444445,0.9058537196423208,1.3747127303151458,5.983052954638004,3.976997766679038,0.1662352615668716,853
GSCX,0.0908333333333333,0.5910260609228992,0.5323080470168319,4.0150211744583295,2.5710056113223594,0.2735145971599491,853
PID,0.6411111111111111,0.927659225468399,1.6696520271544124,6.128373031217024,4.061338450626496,0.1531988024675963,854
GSCX,0.0,0.3674665305578246,0.2691684767150169,2.4834651478290715,1.164189764919985,0.4047991634083486,854
PID,0.315,0.8580321585297809,0.9209310034978412,5.66467300832552,2.56399994912723,0.1998219936925528,855
GSCX,0.1436111111111111,0.6476417927356978,0.6303958452236017,4.379477489428015,2.639074913515096,0.2513831440891587,855
PID,0.2927777777777778,0.8483066221247307,0.919888998546053,5.587770612742476,2.95459239128554,0.2001335107642164,856
GSCX,0.0136111111111111,0.4650637000306347,0.3448901537250733,3.167392762344291,1.3882780343372272,0.3475299580496301,856
PID,0.3913888888888889,0.8755526913269122,1.0601624540517165,5.793313858265822,2.9964015105542643,0.1873082081799365,857
GSCX,0.1555555555555555,0.6838629980874208,0.6508464878187623,4.460914461696858,1.8194914301276897,0.2525964340405943,857
PID,0.7058333333333333,0.9372876003678684,1.9319772804600528,6.182081796487147,4.741149958186035,0.1431546102482385,858
GSCX,0.0072222222222222,0.4347300250952075,0.3285481901704751,2.94413445971103,1.3189430247042435,0.3632435366787698,858
PID,0.2963888888888888,0.8657134979798998,0.921379594924168,5.720485825670165,2.537958442096317,0.1997522046163126,859
GSCX,0.0,0.4623004632434212,0.3344018159713334,3.128458142847705,1.1846095437662991,0.3554935320426605,859
PID,0.7058333333333333,0.9358766293769266,1.8147028137484396,6.193591907825408,4.146725589460195,0.1473076185118114,860
GSCX,0.0827777777777777,0.5521630141809033,0.4976835201787585,3.733554424273676,3.4170148327806045,0.2781262982449839,860
PID,0.2713888888888889,0.8556158672269867,0.9179298936886138,5.643539149204963,2.5446173738045395,0.2021536765671361,861
GSCX,0.0136111111111111,0.3695574221263493,0.2772862919332256,2.489071948193525,1.3696290017388866,0.3967533618015375,861
PID,0.2658333333333333,0.8613500777419788,0.8630396843069994,5.676174400128679,2.013536577321458,0.2069934839013551,862
GSCX,0.1622222222222222,0.7053876521421208,0.6797111240395705,4.618080921447624,2.33067887385617,0.2425219161711589,862
PID,0.2447222222222222,0.8483883210738409,0.8672092088448754,5.5881007431815,2.231104151093129,0.2081600897273884,863
GSCX,0.0,0.479970156407154,0.3481046720534578,3.2404497829765053,1.1210047692784113,0.3487261392974069,863
PID,0.3030555555555556,0.8409149933767099,0.9510670145869248,5.544356195078148,2.6174263877238024,0.2007122533862501,864
GSCX,0.0536111111111111,0.5013768147068229,0.4097035199736076,3.403176759560884,1.5761459263597264,0.3215274946400951,864
PID,0.2833333333333333,0.8658409638044381,0.9061330171364678,5.71654908726811,2.335969507904076,0.2019868800043546,865
GSCX,0.2158333333333333,0.8029414378793871,0.8033127308771727,5.293545784712468,2.1213569800903267,0.2189091611466367,865
PID,0.3097222222222222,0.8556564227964266,0.967265229662152,5.714133061868079,3.176494890311355,0.194556869860194,866
GSCX,0.0136111111111111,0.4409725515032643,0.3285296036036763,2.991213779262265,1.406797365409296,0.3585293631968371,866
PID,0.6341666666666667,0.9247175578945204,1.6410087366213186,6.112874471144443,4.018206009497357,0.1543903212015627,867
GSCX,0.0083333333333333,0.3912495194054315,0.2930088364324583,2.6415123948771595,1.336592806454537,0.3858581726274793,867
PID,0.3441666666666667,0.876147094309014,1.025949350719292,5.805980658541584,2.695351949734711,0.1914787143278085,868
GSCX,0.195,0.6837108108777323,0.6828817941509573,4.6326788097024885,2.1705048978805195,0.2417948133267023,868
PID,0.54,0.904669317362334,1.3472910984978994,5.98202931487561,3.035973500122274,0.1698615217813009,869
GSCX,0.0,0.3207757111687934,0.2261142706318344,2.15360131148836,0.8214610665515384,0.4453528544676756,869
PID,0.0,0.57547906266905,0.3501200105370952,3.8217349920099344,1.0850690018646776,0.321345732458503,870
GSCX,0.0863888888888888,0.5788440075101022,0.5084961984564574,3.9383226401375153,2.3253621717685533,0.2806095257949482,870
PID,0.6122222222222222,0.9197672510348608,1.6104442133293084,6.079779423084023,4.453419826758747,0.1548002162253497,871
GSCX,0.2458333333333333,0.79810173284395,0.8323741765142123,5.265989008146759,2.1631532453304425,0.2162973452784391,871
PID,0.345,0.8753474559492503,0.9856461141619208,5.779907125576768,2.711674690474301,0.1933680356903855,872
GSCX,0.2313888888888889,0.7998167630943638,0.8032619873260013,5.263503248948043,2.057763111203738,0.2191035351821592,872
PID,0.5258333333333334,0.908571629451766,1.3089383955961968,5.997306391103559,3.565399065786604,0.1694505147653587,873
GSCX,0.0213888888888888,0.4770490551691326,0.3576084210310469,3.2128321278861414,1.51311563707782,0.3406580087620784,873
PID,0.0,0.5325237098082944,0.3284837691144503,3.598262363605539,1.1166659647830643,0.3339612295956576,874
GSCX,0.0,0.3981570203809349,0.2837113249274121,2.702457251874053,1.1324941658789631,0.3886494984474817,874
PID,0.6852777777777778,0.9328564181705304,1.725906809304013,6.176608337758805,4.774578916043999,0.1484048766171112,875
GSCX,0.0416666666666666,0.4727919821780889,0.3741077401100919,3.218810655385829,1.534283552387531,0.3359493340176571,875
PID,0.7313888888888889,0.9409013495124512,2.0360645366794303,6.21689433825327,5.255457453868882,0.1388689573481937,876
GSCX,0.0383333333333333,0.6016580208355228,0.4823174908294094,4.105046237208745,1.4292690001085504,0.2900310123662655,876
PID,0.2802777777777778,0.851372949665084,0.8984565528135158,5.625692136732341,2.3870065519151025,0.2037850693442536,877
GSCX,0.0016666666666666,0.3422007205378645,0.247368191036257,2.298559972085588,1.206047669460389,0.420701242130547,877
PID,0.5436111111111112,0.9115107482959836,1.491016983372775,6.013511777137239,3.8440073204224543,0.1623397803973457,878
GSCX,0.0,0.3416373880523753,0.2509804431903616,2.2909660833145216,1.173191585610341,0.4215076057232003,878
PID,0.6144444444444445,0.9232974012697855,1.6288521688719928,6.099717669340407,4.357637712179835,0.1543332921497943,879
GSCX,0.2513888888888889,0.8010156340238958,0.8380843275529464,5.292559025544952,2.592632341673562,0.2128905108769691,879
PID,0.2597222222222222,0.853865196856262,0.8445743588653913,5.643052738509829,1.9095711775600208,0.2093271858713783,880
GSCX,0.0,0.3472954517079005,0.2437523503729068,2.3251841224047425,0.8265658454170914,0.4278234313182898,880
PID,0.3533333333333333,0.8625925407188427,1.062738452636904,5.716434432495015,3.238089099803264,0.1886851188048694,881
GSCX,0.0,0.3709578874395173,0.2635534049204888,2.489115604602792,1.1810535731325125,0.4048981853207937,881
PID,0.2983333333333333,0.8675377103857826,0.9451985924821358,5.730838467150412,2.54489700796794,0.198427467904728,882
GSCX,0.0486111111111111,0.6361525955089622,0.5056988419282897,4.3226810271073655,2.0347591281384827,0.2741034244133648,882
PID,0.6797222222222222,0.934308683950417,1.7923018113822848,6.172423433942657,4.60938621130784,0.1473802931145207,883
GSCX,0.2341666666666666,0.8103711429223317,0.8558906158401302,5.34801972218014,2.983434130976224,0.2096377888878539,883
PID,0.6966666666666667,0.9371534073131796,2.060783505097328,6.18642873657763,5.768597582667315,0.1380694977492516,884
GSCX,0.2544444444444444,0.8027230609139638,0.8636898559289886,5.3147796691530935,2.555212603258941,0.2113035989710451,884
PID,0.2766666666666666,0.8505152685169145,0.8893805214342558,5.608670028845892,2.3100328575705285,0.2050039174943364,885
GSCX,0.0,0.3271659235022597,0.2371445084423092,2.197222071948552,0.9117056321653904,0.4373465957250245,885
PID,0.6458333333333334,0.9275323181079684,1.6718665690638963,6.130825823421007,3.6484756037172574,0.154181029988627,886
GSCX,0.0,0.4393440009938196,0.3137241080858096,2.97994650069186,1.1223346570363784,0.3675845216920812,886
PID,0.6927777777777778,0.9344956293628166,1.8048803529020965,6.173566911935534,3.938553305183366,0.1485432949895168,887
GSCX,0.0,0.4647207117292318,0.3505526400459725,3.1367478584535577,1.1723720861021916,0.3529479914661555,887
PID,0.5027777777777778,0.900496352015101,1.4015138503206843,5.98581021774087,4.155317875921603,0.165471463723323,888
GSCX,0.0,0.3130278360446886,0.2217611025361092,2.1149279373439143,0.9471675149296096,0.4466908789072654,888
PID,0.3966666666666666,0.8818807988995507,1.111924458179553,5.815179252764501,3.001707392368593,0.1847695373610008,889
GSCX,0.0033333333333333,0.358462108143576,0.2573652054803079,2.4052820401667687,1.226576788163625,0.4103774717512777,889
PID,0.6797222222222222,0.9348055280884024,1.756882865465231,6.173326811750867,4.0481922368267,0.1497139718817781,890
GSCX,0.0,0.3733133239330733,0.2663455703055877,2.509881980750693,1.1680031104845736,0.4032924489632942,890
PID,0.2913888888888888,0.8558932746846474,0.9125126095090406,5.649759965354368,2.7176385425520104,0.2006486027910193,891
GSCX,0.0,0.2910765413865604,0.2160113597893692,1.948653850286035,1.0024133132860364,0.4606351804864946,891
PID,0.2630555555555555,0.8422276151542694,0.8884361717665737,5.566685298589981,2.906660258362057,0.2033976827555224,892
GSCX,0.0,0.3134113190391084,0.2285849379673435,2.0897518353894657,0.8926554212759411,0.4482274204697265,892
PID,0.2575,0.8147954038894883,0.8405380685399694,5.355546013666896,2.146359087054724,0.2136407936611858,893
GSCX,0.2336111111111111,0.7837449554304168,0.8401954895649735,5.156323427189907,2.5302385754888874,0.2165039577865754,893
PID,0.4741666666666667,0.8927424621014469,1.348132064586998,5.898762401921586,4.22061461516226,0.1686372878073597,894
GSCX,0.2830555555555555,0.8261589194002124,0.8982900443764169,5.444385503607047,2.126347975427185,0.2081753455327188,894
PID,0.6922222222222222,0.936261215614081,1.8300901302718773,6.187393147468773,4.2164145072551165,0.1470978422047993,895
GSCX,0.0,0.4532356879511548,0.3204100004295332,3.060001558065765,1.1860818524551626,0.3610450543111248,895
PID,0.4588888888888889,0.8941872635080182,1.1643714657596922,5.918316776641427,2.603910385402178,0.1809639697649782,896
GSCX,0.2433333333333333,0.821187384293379,0.8695629130210467,5.418464471812354,2.146547438296803,0.2117103283840601,896
PID,0.3016666666666667,0.8449474104864445,0.8823425821198657,5.574158442694541,2.1263901424846705,0.2058209408376096,897
GSCX,0.0,0.5331907347397286,0.3835568416392799,3.620709979877269,1.1724528026900478,0.3257550561266532,897
PID,0.6938888888888889,0.9356100107583905,1.7406956443029529,6.184075151002732,3.756106081569132,0.1504927667031776,898
GSCX,0.0125,0.4770771792943718,0.348095207948327,3.2083099636183063,1.4717899279514244,0.3436883496294756,898
PID,0.4219444444444444,0.892059587638016,1.136384795586568,5.875103323573865,2.8897060667285714,0.1826001945318296,899
GSCX,0.2641666666666666,0.8166845577715866,0.8674405453815386,5.406402171445706,2.2233563550047712,0.2107524713740876,899
PID,0.1561111111111111,0.799490732383842,0.7264222347275806,5.256708453880264,2.22302301121666,0.2261646684790992,900
GSCX,0.2844444444444444,0.8043659571523436,0.885424596306881,5.294002584600856,2.4994854367603323,0.2095023855331494,900
PID,0.2613888888888889,0.8294373619603594,0.8572815050399135,5.462379032338298,2.1603392865047915,0.2105831185679249,901
GSCX,0.0,0.4262627975585094,0.2930353232823169,2.886999897978043,1.013055033206679,0.3779041438224975,901
PID,0.2591666666666666,0.8284159549616018,0.8308891175312276,5.462010170024037,2.128394545782894,0.2121771531754323,902
GSCX,0.0077777777777777,0.5230451833897163,0.3891702899246708,3.3773872417641053,1.2519458402438108,0.3329388601950571,902
PID,0.3266666666666666,0.8347261522266621,0.976487913684816,5.528926277647111,3.0502022436728105,0.1969442676263937,903
GSCX,0.0269444444444444,0.5096604943713336,0.3854167376850369,3.4622490372238057,1.7073060591330995,0.3229020922682523,903
PID,0.7352777777777778,0.9434838794915734,2.072135848782907,6.225676650703483,4.492008349871543,0.1397189985233647,904
GSCX,0.0091666666666666,0.4675047041100952,0.3405159290657606,3.160371728245192,1.3745743802332733,0.3490169527080164,904
PID,0.3033333333333333,0.8630254049190816,0.9738229271831108,5.699826462588364,2.715892888833961,0.1967053276255893,905
GSCX,0.0027777777777777,0.4234157900440458,0.3024429576103534,2.868998529204485,1.2085419066052538,0.3738070903634045,905
PID,0.5547222222222222,0.9117950240884912,1.4949450654478094,6.021012857038472,4.19595587116259,0.1607629485554127,906
GSCX,0.01,0.4108419385728687,0.3025122042911449,2.7720271999057764,1.2950625618934426,0.3768949347606243,906
PID,0.2944444444444444,0.8656746953036858,0.919528085437806,5.721664282286016,2.33876146373602,0.2008551276196826,907
GSCX,0.0427777777777777,0.5288581697138117,0.4267432221654306,3.6048712998745622,1.690366122240111,0.3110680770257837,907
PID,0.1055555555555555,0.6629009601867597,0.5421202477548123,4.40472655433304,3.0536039417950445,0.2558670292404691,908
GSCX,0.1988888888888889,0.7403594517281092,0.7598106343639309,4.833673089051978,2.511887498353071,0.2293023437632421,908
PID,0.1111111111111111,0.7628144940893355,0.653193842164659,5.003279840336674,2.302214600017381,0.238077974270431,909
GSCX,0.0394444444444444,0.4440842264972374,0.3386689802628753,3.0079875005516734,1.6214129459159403,0.3497502114851088,909
PID,0.3008333333333333,0.8387492264984947,0.9388509783670544,5.528153658171117,2.5589911990258174,0.2019003146043572,910
GSCX,0.0,0.3536155150079791,0.2495281087590024,2.3684455315305653,0.9533612110557534,0.4207041675866523,910
PID,0.7325,0.9413950265336656,2.0837435489109737,6.219320059928902,5.982830170271325,0.1361850981861589,911
GSCX,0.0,0.4356828444962101,0.3026322135329738,2.9297913784015077,1.0590119830903095,0.3729310064679774,911
PID,0.3436111111111111,0.8582974540768447,1.0186724572878911,5.669888454437328,3.487127651844234,0.1903565035259475,912
GSCX,0.0,0.3499637288922491,0.2515404557322586,2.3416807040647605,1.1372575688753312,0.4183684966248696,912
PID,0.2688888888888889,0.8428164840542429,0.83755110937311,5.564750138812677,2.0015984001342724,0.210202520551494,913
GSCX,0.0075,0.3597719343351011,0.2702558307341428,2.4258228698164768,1.3509610130106018,0.4035785943128041,913
PID,0.2652777777777778,0.8572734214256613,0.8754460642707906,5.654254756335004,2.386986351288056,0.2049403320173048,914
GSCX,0.0,0.4614155947683405,0.3204995612183202,3.1250280225428764,1.1627509607626674,0.3579768847080304,914
PID,0.2905555555555555,0.8678409959202553,0.907323373720574,5.72992184489005,2.2660957744211347,0.2017534858090828,915
GSCX,0.0413888888888888,0.5578860856647544,0.4456485028176125,3.756443719513242,1.5209333936174525,0.3048856440023112,915
PID,0.2680555555555555,0.8626181221218862,0.8846101401914577,5.694249049179269,2.2365311742112297,0.2044707207035905,916
GSCX,0.2775,0.7983360995487642,0.8437750818196572,5.258000390556764,1.940280825309583,0.2156084255964228,916
PID,0.2822222222222222,0.8466190920570147,0.9391680500900516,5.590309444918348,2.949259065448852,0.1997281674745666,917
GSCX,0.0,0.3669217317283774,0.2555852441753556,2.464915114662109,0.9105988586809112,0.4135220552477202,917
PID,0.2225,0.8305474070441521,0.8162151453518525,5.500651199640799,2.247553949461227,0.2132642977185155,918
GSCX,0.2372222222222222,0.801113194623037,0.802888440790935,5.270260630431254,2.043497541876993,0.2187843245773992,918
PID,0.3744444444444444,0.8566138258204966,1.0513738476146508,5.642734298072164,2.946004666932647,0.1906610604230962,919
GSCX,0.0013888888888888,0.3926773076266291,0.28471014197401,2.631876152767535,1.2046014881671656,0.3910857990516065,919
PID,0.4780555555555555,0.8850094723018221,1.2105264489889307,5.833497566208057,3.238179977372308,0.1773617373570128,920
GSCX,0.0697222222222222,0.5777254837938733,0.4886916088642785,3.923845205272469,2.0281037412566207,0.2870282410970749,920
PID,0.2497222222222222,0.8620467028591351,0.8780609932600166,5.689925884098511,2.167912367820537,0.2059675440089535,921
GSCX,0.0,0.3771606479930806,0.2777706666454829,2.538983276933511,1.093258655486549,0.400784702703098,921
PID,0.2519444444444444,0.8610010860368018,0.8745453098081949,5.680304351054787,2.5918613091401896,0.204059783517444,922
GSCX,0.0,0.4220425805957459,0.2972514722438335,2.83827803274936,0.992212081933089,0.3803208972891691,922
PID,0.6066666666666667,0.9216836363301342,1.576667325633751,6.08710896259914,3.921301247546406,0.1573117894955793,923
GSCX,0.0463888888888888,0.4961931031104806,0.4096409423868497,3.3722597347990764,1.6680044911495415,0.3225044646098277,923
PID,0.4433333333333333,0.8895868623264618,1.1793765703613386,5.926053089407414,3.0497814160506853,0.1791776248716903,924
GSCX,0.0086111111111111,0.3764803058266185,0.2827316871756231,2.546387076603758,1.2858672552598742,0.39454398504922,924
PID,0.3180555555555555,0.8655910388607331,0.9671605905859572,5.703825163423884,3.609695085290104,0.1922725511667128,925
GSCX,0.29,0.8220099035694395,0.8911221268444014,5.432378908158191,2.153223839320082,0.2083394847862783,925
PID,0.2730555555555555,0.8604292052177852,0.8756921043696866,5.676649528825504,2.010090123761995,0.2061197717665577,926
GSCX,0.0,0.2934569688958646,0.209490215479786,1.9666313568782228,0.9105695142747752,0.4629449189021887,926
PID,0.6908333333333333,0.9346264479007104,1.8137706847578632,6.176179437714196,3.89384249627612,0.1484673663836692,927
GSCX,0.0102777777777777,0.3620266671967555,0.2646493517507133,2.4312539410292264,1.3514678612130824,0.4036458768667254,927
PID,0.2594444444444444,0.8197598017687268,0.8381430678935612,5.40457690173073,2.152097566599981,0.2127592870574293,928
GSCX,0.01,0.3691174460395457,0.2660152573224674,2.4907770738692814,1.4387010991162832,0.3979092666896275,928
PID,0.2755555555555555,0.8281639144708702,0.9191064635899544,5.471405220482054,3.084495920641678,0.2022499185129186,929
GSCX,0.1716666666666666,0.6877239372785839,0.6734847540375339,4.475130573474141,2.158569767178779,0.2470783149450528,929
PID,0.2930555555555555,0.8701639147789355,0.9256641679476189,5.739572015935741,2.4165048830267515,0.1999323951202589,930
GSCX,0.0255555555555555,0.4250307134211952,0.3239484348776972,2.8898456649006423,1.364697396650381,0.3638517208181996,930
PID,0.2697222222222222,0.849282036206061,0.9047644915995576,5.595745665149508,2.479386431570621,0.2039493804758523,931
GSCX,0.0,0.4355260818145837,0.3178107587951298,2.946366872878835,1.184410257726022,0.3677909018552618,931
PID,0.5327777777777778,0.90725989362073,1.3653617062165675,6.005654946409225,3.264437112868166,0.168445045120156,932
GSCX,0.0872222222222222,0.6409993667574969,0.5632946767909327,4.257468779593319,1.850075045720172,0.2697294146743245,932
PID,0.0791666666666666,0.6808729908789837,0.5384457581431181,4.577064324451476,2.1599094116692603,0.2604837215884397,933
GSCX,0.0155555555555555,0.4251745680899222,0.322082264313456,2.87225758697665,1.3745642798120807,0.3661109446602538,933
PID,0.6883333333333334,0.935008008104065,1.8961580556054745,6.174048069230364,4.485523233548659,0.1450528196050412,934
GSCX,0.0763888888888889,0.5599186956839883,0.5067557336536336,3.781959443235318,3.4047370185886043,0.2763929067936089,934
PID,0.3591666666666667,0.8768597379901164,1.162669161312679,5.782310097304318,4.201627264373249,0.1798336866131795,935
GSCX,0.0058333333333333,0.3809281497559129,0.2807053217241839,2.5651745272796527,1.2863714530035633,0.3939795956666521,935
PID,0.4025,0.8824295539118996,1.1600934646408607,5.827714160000845,3.5824504495983875,0.1803332158106745,936
GSCX,0.1975,0.7777495555787968,0.7652102809674189,5.161601366783927,2.1024674777358285,0.2248163438024414,936
PID,0.265,0.8502626198570828,0.8830744062340588,5.599755163834954,2.289167593014657,0.2060320224188739,937
GSCX,0.1716666666666666,0.699632599242137,0.6745223155376906,4.561718225399459,2.0975581367694605,0.2452913721806775,937
PID,0.2747222222222222,0.8337030730139217,0.848832897973386,5.4872591402290976,2.3161909391918445,0.2091136581731317,938
GSCX,0.1388888888888889,0.7506608886050615,0.7033670122662485,4.982111388002534,2.3055306610568573,0.2341485709754811,938
PID,0.2969444444444444,0.8641397477209398,0.9630273466251748,5.711963428663921,2.7285467317728997,0.1971705933084792,939
GSCX,0.0,0.4702792198193472,0.3398797293657242,3.1704243920248705,1.180577578859952,0.3525084787957583,939
PID,0.2488888888888888,0.838514885627282,0.8622820171998766,5.52262442627686,2.216822987199537,0.2094825145189402,940
GSCX,0.1613888888888889,0.6802571365712091,0.6533756236744142,4.4255281528310055,2.4623862876099363,0.2480996192889971,940
PID,0.2697222222222222,0.832337069767911,0.8846664286486192,5.483141456180354,2.410526596471988,0.20722083047113,941
GSCX,0.2041666666666666,0.7885691348208964,0.7714553950706443,5.20660057903434,2.1097795798212835,0.2230595648209896,941
PID,0.3633333333333333,0.8736907849818165,1.0513371559840683,5.75946444356538,2.7451721122232806,0.1901792114421016,942
GSCX,0.0152777777777777,0.4373928234365982,0.3257970039754203,2.940992226433316,1.3907777357362694,0.3614385726197495,942
PID,0.2775,0.8557091722991318,0.8786029084708281,5.648517710161969,2.88577019246122,0.2019261350971196,943
GSCX,0.0,0.517451889971491,0.3678692959595654,3.4986055479491487,1.0018170745190182,0.3353184670821148,943
PID,0.5480555555555555,0.9101521911674376,1.5712130455696025,6.016380097355501,4.802192521120633,0.1570362972212352,944
GSCX,0.1016666666666666,0.6964982745435486,0.6241407511959187,4.753177767413154,2.080763396108888,0.2490691325945929,944
PID,0.6391666666666667,0.9285255880325568,1.6555284189205302,6.136629064562712,4.144849738581186,0.1532969596272073,945
GSCX,0.0013888888888888,0.3256696514385909,0.2311210483556991,2.179408844100213,1.204631048657932,0.4329899912565871,945
PID,0.1777777777777777,0.7692097453741121,0.7178862009753479,5.036990762961088,2.1981388166895925,0.2303977369632492,946
GSCX,0.0,0.3223261913313642,0.2280892534088942,2.1609068154426256,1.1216378505587377,0.4372810247969125,946
PID,0.3525,0.8692688780530314,1.0483839227273486,5.7493858686434,2.778536445900281,0.1907449505599737,947
GSCX,0.0361111111111111,0.5215108101617616,0.418824132458659,3.529781627309112,1.6073720850731124,0.3164751512965943,947
PID,0.2727777777777778,0.855692829135308,0.8788203104236549,5.636456791059231,2.4347614034739853,0.2045210131744787,948
GSCX,0.0,0.3297475916605695,0.2318974830771256,2.219761381488526,1.0427585148000864,0.4337414118840474,948
PID,0.38,0.8748971670886104,1.0375833740707645,5.781539403839272,2.7163455279195934,0.1899499137486494,949
GSCX,0.0680555555555555,0.5644060551186262,0.4715350524581105,3.8393205469240335,1.908878149811053,0.2929497762840811,949
PID,0.2222222222222222,0.76136774397081,0.766076156157287,4.988803724594511,2.3432103999429548,0.225489920408566,950
GSCX,0.0180555555555555,0.5409900502885254,0.4201328422081271,3.6808111176679112,1.361718705098241,0.3149271692408324,950
PID,0.4863888888888888,0.8988543038268175,1.2265788751362834,5.975763906207923,2.9218984891915847,0.1759864616698237,951
GSCX,0.2397222222222222,0.8088324620658044,0.8467693171986995,5.329048600262492,2.15290530212584,0.214654057946777,951
PID,0.2672222222222222,0.8331660035991197,0.8943317465676001,5.506407948055639,2.558879728490125,0.2057519947700858,952
GSCX,0.1227777777777777,0.6914489355863829,0.6472370820072466,4.738038032136767,2.071650834495762,0.2467428707113041,952
PID,0.3644444444444444,0.8658748193827196,1.0558947821997997,5.700551080323019,3.5543397533529792,0.1873611411977866,953
GSCX,0.1308333333333333,0.6639434638759137,0.6157680596550245,4.524649387582327,1.883736238139362,0.2553216440091211,953
PID,0.3058333333333333,0.8643663376692804,0.9850827365553718,5.714949199356893,3.3667517315683995,0.192952166530765,954
GSCX,0.2641666666666666,0.7869710114372305,0.8224572603439394,5.178625282329231,2.5462799982517765,0.2154671333459462,954
PID,0.5272222222222223,0.9004794187636975,1.4304097744476785,5.9382698622161,3.99682407028647,0.1649103153873456,955
GSCX,0.0194444444444444,0.4261201070395657,0.3186311358162336,2.858565914112765,1.4834981707148511,0.3649354552385889,955
PID,0.27,0.8657930424666602,0.9069334767834768,5.727431300696979,2.5055290369899925,0.2015114108152154,956
GSCX,0.0,0.4136771784139219,0.300856664213894,2.8018045173780104,1.1747446845238902,0.3789747816644793,956
PID,0.7516666666666667,0.9442482967977368,2.2205303276388064,6.245620533520187,5.316372161200416,0.1343527372945086,957
GSCX,0.2730555555555555,0.7897348941033665,0.8658588299642066,5.189388912013631,2.4726903990752387,0.2130429160499987,957
PID,0.2897222222222222,0.852145968038727,0.9014844355052796,5.614367801350253,2.286957059055496,0.2039033477030419,958
GSCX,0.0,0.3628058543952436,0.2536987405944518,2.4532697287313923,0.8591006222883426,0.4159616586481201,958
PID,0.4233333333333333,0.8922557212747741,1.0839316475387748,5.893758248757577,2.783066091332321,0.1847077997282775,959
GSCX,0.0705555555555555,0.6607024569988244,0.5531678776178169,4.482430972773082,1.539424062632209,0.2681009671928712,959
PID,0.2533333333333333,0.846045732662462,0.8712048226751172,5.594038950162089,2.77968311299746,0.2047562910894318,960
GSCX,0.2591666666666666,0.7959434701917015,0.8859647187157185,5.282301892068238,2.842966923262531,0.2091234666248072,960
PID,0.1844444444444444,0.831782472314404,0.7982929067478571,5.479237367154514,2.5751442736924037,0.214425742914723,961
GSCX,0.0083333333333333,0.3916459029870439,0.2905194025139103,2.6314761241902023,1.3349547791594898,0.3867938448291719,961
PID,0.2886111111111111,0.8614217312694358,0.9059092116415068,5.690689339584663,2.196631899276855,0.2029184494471942,962
GSCX,0.0047222222222222,0.4053828226082882,0.3010292351601046,2.7314237900835385,1.2428260832231024,0.381182672269527,962
PID,0.2233333333333333,0.788996722670237,0.7920935840035473,5.185367104235112,3.0867983141635675,0.2157507038619023,963
GSCX,0.1208333333333333,0.5957431467067419,0.5656805884412414,4.064842594475564,2.301143691171724,0.2695418844934854,963
PID,0.2619444444444444,0.849561170133032,0.913105629498646,5.609246069077386,2.6381319812549124,0.2029025153947179,964
GSCX,0.0047222222222222,0.3395218743179883,0.2399990134156326,2.274287048932938,1.263698685954196,0.4220922599459052,964
PID,0.5688888888888889,0.9142673509099564,1.512072001986096,6.029046376331003,4.1230266835610925,0.1600379524825162,965
GSCX,0.0730555555555555,0.5826019599028035,0.4960753157919284,3.928916777206709,1.981470152976732,0.2862207676522186,965
PID,0.3086111111111111,0.8600259739107269,0.9346031920641572,5.674385292176485,2.33002049963621,0.2004279689171276,966
GSCX,0.01,0.3619352510906624,0.2690712478797317,2.422177040885841,1.2925622268396844,0.404576788319174,966
PID,0.3011111111111111,0.8378909969551454,0.8905967769932426,5.529784581943594,2.641930706445672,0.2036545896396678,967
GSCX,0.0,0.3874843035081893,0.2891073064428954,2.62299749575601,1.1110274801958646,0.3931190957610815,967
PID,0.2913888888888888,0.8667305186657729,0.9094343207496786,5.727339176604332,2.319172349054609,0.2014234689685707,968
GSCX,0.0016666666666666,0.4488544538168667,0.3223052873235363,3.0366649168188027,1.2067265085984549,0.3615555275813738,968
PID,0.4116666666666667,0.886038346161261,1.1444210540297466,5.835514714382367,3.156839612577035,0.1821328416213615,969
GSCX,0.0,0.3760560474475364,0.2561236313042807,2.5402001139947656,0.9731315768688537,0.4070323723926113,969
PID,0.6216666666666667,0.9274251153635502,1.6296550752136318,6.126551835495991,3.865459617823154,0.1552848838744422,970
GSCX,0.0,0.3339002415336395,0.2363931308255279,2.244015381432108,0.9001802060199748,0.4340815555045364,970
PID,0.2386111111111111,0.8045272334950374,0.8405529205742472,5.291206780424002,2.7331700717268546,0.2125326526408251,971
GSCX,0.0741666666666666,0.5972927528973216,0.5130901995046642,4.045379115001772,1.9257829641904345,0.2813474302817839,971
PID,0.5544444444444444,0.8955190879207586,1.4755678050350358,5.901821847012517,4.161191789762713,0.1627198087314205,972
GSCX,0.2458333333333333,0.8109509164306818,0.8289821879816216,5.346992330454341,2.0433797162250835,0.2155500136167153,972
PID,0.1125,0.5964077533896799,0.5028678290664952,4.068448365849083,2.1644775535345007,0.2764162484315286,973
GSCX,0.0,0.3675513166863615,0.2637487264479921,2.46675015886138,0.9029196086485064,0.4119914901924715,973
PID,0.5161111111111111,0.9061312713008136,1.3365868031654675,5.989895150782464,3.6684498191746666,0.1686115176856439,974
GSCX,0.1841666666666666,0.6762114245483728,0.6657859643389133,4.614454872558035,2.295621224402607,0.2432285109101603,974
PID,0.2413888888888888,0.8166580180895383,0.8393666719703214,5.365262233459282,2.6000308906316048,0.2117731547689493,975
GSCX,0.0,0.4723455327822251,0.3354142471178493,3.1854152864699143,1.104038421273592,0.3534954003998524,975
PID,0.6633333333333333,0.9312188632693352,1.6777414584426686,6.15568183620599,3.6511622603903846,0.153361871503137,976
GSCX,0.1825,0.696098881235561,0.6902230187015701,4.532095359653773,2.265054320244548,0.2431297778422541,976
PID,0.5588888888888889,0.9124277165989946,1.509670119264538,6.022969822216332,3.8188240443629096,0.161383591477345,977
GSCX,0.0,0.3907727701343264,0.2708238818308291,2.6362759241659988,1.0442299255011989,0.3965487283823264,977
PID,0.2336111111111111,0.8538759142727602,0.8391203311883436,5.639635319330585,1.975577534435749,0.2104452698718754,978
GSCX,0.2308333333333333,0.7788957844003913,0.8045716231299095,5.134858044203179,2.0063999776619936,0.2220084264032144,978
PID,0.2402777777777777,0.8579003620956122,0.882432334393621,5.658006240059857,2.3816354162681628,0.2056298600500014,979
GSCX,0.0,0.3430386198732071,0.2508164169986732,2.300948081562897,1.0353744584634836,0.4237571476134072,979
PID,0.2580555555555555,0.8353121116640176,0.8679632313769549,5.496496111819128,2.2002562745378307,0.2093578805373344,980
GSCX,0.2486111111111111,0.792775933334991,0.8588466051121181,5.206745217286316,2.459517747181125,0.2142431180505758,980
PID,0.095,0.5630728309076073,0.4369901149003138,3.844254449057371,1.7914337184020033,0.2950258926274397,981
GSCX,0.0,0.4230745015938557,0.2967252665575285,2.839285848379803,1.031138511071639,0.379612099020318,981
PID,0.2547222222222222,0.844427120028504,0.8548721677575446,5.576218454534589,2.409431821297942,0.2076462798801427,982
GSCX,0.1544444444444444,0.7131795150704077,0.7048114275352088,4.658204382542276,2.245206351557116,0.2409369115576687,982
PID,0.2241666666666666,0.8304452530412822,0.846246985116721,5.475699404755583,3.050687250682732,0.2078433436936884,983
GSCX,0.0025,0.348300500462794,0.2481684769930066,2.361226543759671,1.2177067492848364,0.4158393801871118,983
PID,0.4566666666666666,0.89264004266341,1.255388253665212,5.88427834667785,3.711400917328677,0.1740902432362349,984
GSCX,0.0088888888888888,0.4304462710776303,0.3192964955452872,2.888834082524084,1.2750025799635925,0.3679300275241163,984
PID,0.3797222222222222,0.8710517304462926,1.0841173820614098,5.737319013231115,3.414277677403878,0.1858045475397253,985
GSCX,0.0,0.3099636243114769,0.2201072795183721,2.08942621331668,0.931636188324151,0.4494993835234108,985
PID,0.3086111111111111,0.8649699808896518,0.9159541421019496,5.699720109202458,2.310470699218875,0.2009018209132314,986
GSCX,0.0,0.4003068556972207,0.277560106945357,2.7019397512885948,1.0861360342636692,0.3904009099133504,986
PID,0.2436111111111111,0.8377460795421459,0.820230120818881,5.5329543020672025,2.0676295937902456,0.2124269991289523,987
GSCX,0.1638888888888889,0.796787127589131,0.7589030417630147,5.2502123059308055,2.067236272860565,0.2250792733783381,987
PID,0.2502777777777777,0.8618514150528558,0.9018805043877366,5.684414925078234,2.597230938023132,0.2027824836734637,988
GSCX,0.215,0.7631808558719723,0.771910971651591,5.006285412274428,1.9556283902222071,0.2275618987067518,988
PID,0.2991666666666667,0.8391739203648111,0.9513324309983202,5.526078192243536,2.79757801399742,0.2002764883455898,989
GSCX,0.0,0.3060815445752319,0.2154460254988212,2.057272490187347,0.9114672768673756,0.4536898845326182,989
PID,0.6288888888888889,0.9263656667296044,1.7236081007644983,6.12999013716382,4.63260171833843,0.1505314262732187,990
GSCX,0.0055555555555555,0.37489881891067,0.2703789248553322,2.5254050604775835,1.268138414722414,0.3987645918299724,990
PID,0.2541666666666666,0.8618066678048123,0.8768727892897835,5.690579116777985,2.1743998800028046,0.2057964457383815,991
GSCX,0.1419444444444444,0.7164657604782135,0.6564352478674128,4.678274914561849,1.770021963794331,0.2477558482718328,991
PID,0.2775,0.8545879411949944,0.8941919111955504,5.631672201326848,2.3293821193906177,0.2042364021381359,992
GSCX,0.2758333333333333,0.8101854661887383,0.8688409692207675,5.333769516510179,2.1251226218179307,0.2119553003678441,992
PID,0.6241666666666666,0.9164074622342124,1.592834296047093,6.0480961379931575,3.514439635535537,0.1580469404989263,993
GSCX,0.0061111111111111,0.3575093947062354,0.2531569937829914,2.397255728691687,1.3014255550265004,0.4097229545775533,993
PID,0.7483333333333333,0.945232758379049,2.163312874058608,6.246738565187974,4.969615969540296,0.1363132379474795,994
GSCX,0.0,0.4214706712686796,0.3237125834688305,2.858664990195892,1.1587737014533508,0.3723935383107182,994
PID,0.4305555555555556,0.881646897098619,1.1106126081979275,5.811512888692915,2.847222970291301,0.1843431196150805,995
GSCX,0.0058333333333333,0.4182477230317138,0.2992720724037369,2.813330986465789,1.2764452637261543,0.375786799112679,995
PID,0.3252777777777778,0.8600223045799538,0.9778791409785884,5.66337254482974,3.2595501586261824,0.1937503394640805,996
GSCX,0.01,0.4081449986426621,0.2993501752236265,2.7594784636104546,1.3043897414518326,0.3780297182260155,996
PID,0.2947222222222222,0.8522458507106989,0.9198940255991268,5.619181370432038,2.635166971623268,0.2010838500171832,997
GSCX,0.1425,0.6258299699177573,0.6007612271523379,4.245539245405574,2.1755992800291573,0.2609622758673638,997
PID,0.2952777777777777,0.8572851877396803,0.8989285837788092,5.655355926982249,2.2727892347833074,0.2031699866557093,998
GSCX,0.0152777777777777,0.4989431804414236,0.381849994413481,3.381446215009047,1.4046897319264369,0.3320156577110111,998
PID,0.2733333333333333,0.8332608559914443,0.8561300503329711,5.497907326430288,2.2004267466509244,0.2092767114274389,999
GSCX,0.1230555555555555,0.6197470558355225,0.5900012283654378,4.235161879359987,2.4081506472477727,0.2616275239969191,999
PID,0.5391666666666667,0.9064819142867064,1.411023471595296,6.011735406044286,4.06932104961113,0.1641595329514923,1000
GSCX,0.0091666666666666,0.4865479525474406,0.3476913901101901,3.278880712947348,1.3092694273316223,0.3430185354012932,1000
PID,0.2777777777777778,0.8335802410915183,0.877424223745393,5.483593287579841,2.4068309762167024,0.2072052346426428,1001
GSCX,0.0,0.3174621791228983,0.2254175806727308,2.133051314646371,0.927036116200172,0.444715303060093,1001
PID,0.6558333333333334,0.9273666480432888,1.717424511871241,6.129306863190146,4.303354410188276,0.1509667483475398,1002
GSCX,0.2622222222222222,0.8228797202909836,0.8423978409534868,5.443131418162168,1.858545984721658,0.2133434720557084,1002
PID,0.1147222222222222,0.6567888608363548,0.5568972510290914,4.358303064268304,2.185324249286225,0.2624321201904965,1003
GSCX,0.0083333333333333,0.3978740831548701,0.2882216543848744,2.6602789149304,1.3525773457038504,0.3849370450743634,1003
PID,0.2663888888888889,0.8396000561380236,0.8846480230748178,5.553080977954774,3.437639142922959,0.2010690123998532,1004
GSCX,0.0,0.3669762308433885,0.2599865009921475,2.4763850815366357,0.9270472544051466,0.4116742748894608,1004
PID,0.3022222222222222,0.8600211537268597,0.9471247744651357,5.682086558000143,2.5911245048167704,0.1987781414088346,1005
GSCX,0.0,0.3780344796077159,0.2716951166682935,2.549803437967901,1.1823755606302904,0.399473268174938,1005
PID,0.4561111111111111,0.8866794611810789,1.2452409034452674,5.847034164250495,3.6361958317575778,0.1752023094438071,1006
GSCX,0.0,0.3849207849286371,0.2737395612062039,2.618159087027278,1.179997042836449,0.3949005393719339,1006
PID,0.29,0.8284187125190805,0.9092224905319632,5.471742973235411,3.043169903682393,0.2022971411137441,1007
GSCX,0.0641666666666666,0.62280960678655,0.5165060599153793,4.227144312874652,1.872655316853881,0.2764869826962757,1007
PID,0.2641666666666666,0.862855133833254,0.887551984756069,5.70203534189907,2.32294701207674,0.2039474156397729,1008
GSCX,0.0344444444444444,0.4147236168802184,0.3306227412110057,2.8018792136485,1.5091700644449402,0.3640980108017079,1008
PID,0.2916666666666667,0.8628732271038483,0.907525388359438,5.700986625715658,2.4959899245242827,0.201081753234035,1009
GSCX,0.0,0.3484943124579527,0.2569573918013866,2.357184486404252,1.1192575045279602,0.4168749230703127,1009
PID,0.2358333333333333,0.8616667341238272,0.8791945069244591,5.691179786743796,2.2114998087588758,0.2062710430206308,1010
GSCX,0.2238888888888889,0.7950244229296939,0.8535645434626035,5.261925462266837,3.426666110368578,0.2094923180695717,1010
PID,0.2533333333333333,0.8541823378311942,0.8650564990420281,5.6591471771497375,2.2591075757832706,0.2065658203829307,1011
GSCX,0.0075,0.3619886681965883,0.2669016987889905,2.453184152240499,1.335528187950827,0.4027605846520219,1011
PID,0.2933333333333333,0.8700354180970968,0.9277367615014012,5.7389312568647055,2.419699114202404,0.1998261695072113,1012
GSCX,0.0044444444444444,0.3540303588285072,0.2508258881638793,2.3718451943193357,1.2470565302271237,0.4133155071973433,1012
PID,0.7405555555555555,0.9435527273012566,2.1402918062744254,6.24234906694979,5.239898194330853,0.1363682500766399,1013
GSCX,0.0938888888888888,0.5937898036290151,0.520801221538888,4.02908169350301,2.206425178265924,0.2770908036100468,1013
PID,0.7197222222222223,0.9375865541839096,2.0019330126321155,6.205456795921832,4.962709041683188,0.140623292653769,1014
GSCX,0.2458333333333333,0.8036478664123944,0.862212415043538,5.301812140044008,2.882511888872249,0.2101968949746344,1014
PID,0.2886111111111111,0.8598827975692487,0.889510063934455,5.679442322936007,2.101011632938748,0.2043341041472004,1015
GSCX,0.1969444444444444,0.8006648532883842,0.786649202197742,5.325398798278347,2.2840805034531213,0.2192724238503981,1015
PID,0.0,0.4811804980899861,0.2739913079085877,3.1897422468687284,0.9368894019406148,0.3640655403158152,1016
GSCX,0.0163888888888888,0.4843738067078787,0.3686918750206622,3.2958732775453314,1.316734971506378,0.3388128395287748,1016
PID,0.6347222222222222,0.9255026400949472,1.6512474197078033,6.113380758267748,4.242428311382146,0.1534602547873696,1017
GSCX,0.2536111111111111,0.826913951415138,0.886221626296456,5.462247373952251,2.3193515983449404,0.2087388541818632,1017
PID,0.63,0.9255304395651198,1.613840376911082,6.107904651916836,4.220102192352903,0.1546577022062839,1018
GSCX,0.1291666666666666,0.6124091126920691,0.5977849484592724,4.154178737711403,2.868229505283161,0.259036198711886,1018
PID,0.5030555555555556,0.8976088641611657,1.3187912785446598,5.927937557172233,3.403849163277306,0.171206785401246,1019
GSCX,0.0566666666666666,0.5512021247750322,0.4490004999989134,3.750539867155057,1.6843665986885707,0.3018028691007363,1019
PID,0.2844444444444444,0.8646960000441924,0.9301932915118178,5.712934674092695,2.462652936250146,0.2003279065972985,1020
GSCX,0.0,0.3408655716338495,0.2376669782031189,2.2798245313607417,0.9334783081340152,0.4301483833536887,1020
PID,0.2397222222222222,0.840491189740791,0.8440167620521883,5.582673853206123,2.3647698967134807,0.2090270447955131,1021
GSCX,0.2161111111111111,0.7899124462267364,0.8083698002465156,5.226872161329419,2.29923726479654,0.2190056511620084,1021
PID,0.2833333333333333,0.8116173229206122,0.8928655450269176,5.335490910909488,2.7676705211016244,0.2070283855641774,1022
GSCX,0.0041666666666666,0.5503279686261352,0.4072724987538433,3.733281314796166,1.2481036067625093,0.3168331995339859,1022
PID,0.4680555555555555,0.8974652184978752,1.2045029715866935,5.93915015124179,2.9829906308443213,0.1775086084177454,1023
GSCX,0.1755555555555555,0.7151811019202824,0.7064821636971025,4.671441723734627,2.3980217520233698,0.238249269365748,1023
PID,0.2525,0.8232893017861703,0.8392823598252233,5.435845526616067,2.2998882607555537,0.2116526058726722,1024
GSCX,0.0,0.4009684789372703,0.2883424793328832,2.696887599272076,0.9611681247608576,0.3911041977440387,1024
PID,0.2411111111111111,0.840011699946346,0.8559107063592196,5.547107430629379,2.441785249146557,0.2085453551525913,1025
GSCX,0.0,0.3654453325014143,0.2626558186877671,2.460621398022332,1.1657856541321217,0.4074176796468024,1025
PID,0.3944444444444444,0.8658647596348258,1.0676658485899406,5.716993737857805,2.8767777739964164,0.1885128858318863,1026
GSCX,0.0077777777777777,0.3637306901080444,0.2596946806821061,2.43699892420061,1.3477137341027874,0.4045641292828633,1026
PID,0.2925,0.8566303598766826,0.9066965759614491,5.660650311274156,2.3775965914697648,0.202351768866257,1027
GSCX,0.0075,0.4478329647689774,0.3364136840556228,3.039895597349124,1.24925286513246,0.358043888719365,1027
PID,0.6938888888888889,0.9356766600278004,1.8193760515143984,6.182495139958565,3.9239819575426256,0.1481260241229162,1028
GSCX,0.1430555555555555,0.6648014284745419,0.619777327067179,4.550026838374346,2.4664952139647425,0.2492236634751561,1028
PID,0.7486111111111111,0.9452348250390644,2.1839964654377244,6.252086490394902,5.115688341603984,0.1355293466536414,1029
GSCX,0.0,0.3507046108532677,0.2521118856302348,2.35973616545423,0.95423495904456,0.4209540836452476,1029
PID,0.6094444444444445,0.9236266586048604,1.6989150010532297,6.08882889147277,4.524363543433307,0.152255744699291,1030
GSCX,0.0727777777777777,0.6250360130399928,0.5595574793428321,4.249478076705174,2.6440782858138454,0.2649593441088906,1030
PID,0.2475,0.8346451570616374,0.8435882686048575,5.501441758038066,2.352361976950127,0.2101358847008083,1031
GSCX,0.0172222222222222,0.5234188555841915,0.4069868719559076,3.5327801380853523,1.4592550633699404,0.3213336712566778,1031
PID,0.2916666666666667,0.8597576117800352,0.8835720933591078,5.696292603184765,1.931137630412596,0.2050892561994231,1032
GSCX,0.2727777777777778,0.7851031011406907,0.8616586218014531,5.154103577037941,2.275934918560768,0.2150099707896924,1032
PID,0.2947222222222222,0.8502245317630344,0.9359663625578684,5.61354365183047,2.4924530301143157,0.2011780624377482,1033
GSCX,0.2902777777777778,0.8280824407087759,0.9064580885873652,5.469699640037306,2.208397875561874,0.2066362729900503,1033
PID,0.6977777777777778,0.9366312215010886,1.8955081460277496,6.18943059752249,4.4746697196116925,0.1447684616340061,1034
GSCX,0.0,0.3240071787994484,0.2347544024742009,2.1713022380850022,1.1768087947100645,0.4338007268019047,1034
PID,0.2961111111111111,0.8682784085454591,0.9331956725642104,5.725275388590377,2.332963207886156,0.2001139206233951,1035
GSCX,0.1741666666666666,0.701293280458561,0.6860880139171718,4.581127174005166,1.938967468928928,0.2450670415171996,1035
PID,0.3275,0.8581955643372494,0.9931478886156236,5.67482750642458,3.7123638028451102,0.1909189783159081,1036
GSCX,0.0561111111111111,0.5904596682287575,0.4730484019249565,4.021825627936497,1.5509406581249832,0.2910426062128374,1036
PID,0.2677777777777778,0.858999341182786,0.9202325225426334,5.697389841304658,2.774959273812869,0.2002537289472001,1037
GSCX,0.0,0.4430894579309882,0.3115011892320702,2.987275434297339,0.9311071635159104,0.3704635589898922,1037
PID,0.2633333333333333,0.8429016691636674,0.9024195889446333,5.582760886134799,3.3092034103344483,0.2005466359143911,1038
GSCX,0.0,0.4216170693935768,0.3050668644260118,2.843419208461199,1.1317208872954252,0.3764628695548835,1038
PID,0.6563888888888889,0.930339315705955,1.663882996359223,6.153498074850487,3.877871873562355,0.1532712257446293,1039
GSCX,0.0,0.4004246650291881,0.2913131320207995,2.685340862011937,1.177559823841665,0.3873248673013568,1039
PID,0.2841666666666667,0.8056766753171813,0.9047762296138648,5.356985169277232,3.2128574529469627,0.2039791133029026,1040
GSCX,0.0013888888888888,0.5017322629201539,0.3671126150680173,3.404135767209298,1.2012079193361267,0.3370879591814691,1040
PID,0.1316666666666666,0.7053829475075541,0.6181180132272323,4.723481890229405,2.776836634073262,0.2429863292831516,1041
GSCX,0.3677777777777777,0.8520816920010227,0.9734638145768404,5.6321016179513474,2.295296660564366,0.197289405318117,1041
PID,0.2433333333333333,0.8396984657438424,0.8295868736871941,5.541434248554552,2.361373918531974,0.2102337562119652,1042
GSCX,0.0783333333333333,0.5835171675006651,0.5191023089129783,3.966417947196424,2.6825411301709874,0.2760844738094057,1042
PID,0.2011111111111111,0.7680580427402287,0.7365786562973622,5.040156796132217,2.264427261529655,0.2276473156377498,1043
GSCX,0.0,0.413935329294897,0.2912524493404764,2.7842620671019485,1.0308919243029884,0.3838996558495936,1043
PID,0.6561111111111111,0.928114795830858,1.695250300193404,6.1407494165834215,4.196139574062751,0.1517142846939829,1044
GSCX,0.0,0.3367166897247474,0.2429632571411519,2.277286043655665,1.0901720197887037,0.4261388724892311,1044
PID,0.2619444444444444,0.8442735787196711,0.8736188362630543,5.580908862971592,2.598347095655669,0.2054245209071496,1045
GSCX,0.1794444444444444,0.7046447753879254,0.6984280123232623,4.590656625610106,2.2468326171121022,0.2414785165508445,1045
PID,0.2938888888888888,0.8562084844486473,0.9608276649580932,5.628370133742411,3.1762692916875914,0.1965727540273591,1046
GSCX,0.1005555555555555,0.7396517338390994,0.6443844559715322,4.893812066035358,1.7974640753430022,0.2456548780423655,1046
PID,0.1216666666666666,0.6746480662107065,0.574034812251692,4.532946986401532,2.589840153423428,0.2529078808440548,1047
GSCX,0.0,0.3624327396126393,0.2645117368602294,2.436744089775863,1.0786417185439596,0.4104492024954949,1047
PID,0.6927777777777778,0.9366912678082528,1.8331750964893243,6.187618058963778,4.25111062390869,0.1469166373930691,1048
GSCX,0.2358333333333333,0.8040726097161993,0.8440750575166504,5.292585878409711,2.385659326463987,0.2143699579617265,1048
PID,0.3033333333333333,0.8679876456497494,0.9557943121643468,5.731719641596678,2.571807574327667,0.1976276656152567,1049
GSCX,0.1977777777777777,0.7789557576570254,0.7744631622320329,5.128055205901592,2.1594911446748646,0.2245084362001967,1049
PID,0.2291666666666666,0.8381934355324311,0.8551564192214274,5.523570654926481,3.1940236608841803,0.2056107749950184,1050
GSCX,0.2352777777777777,0.7866576228161207,0.8126110524680794,5.16731217045874,2.2976029634902924,0.2189421055008202,1050
PID,0.2869444444444444,0.8562647881441594,0.909338074526662,5.6580776030740605,2.5362438255439823,0.2017262969436324,1051
GSCX,0.0005555555555555,0.3724853682721403,0.262003141563412,2.5079099838221706,1.2012239554223083,0.4035035737583465,1051
PID,0.6366666666666667,0.9255182721217587,1.6851592112857263,6.116584705657507,4.506156632045165,0.1517826462513952,1052
GSCX,0.02,0.4539168004293877,0.3512553781498506,3.080393284689362,1.4121873137303311,0.349865210506908,1052
PID,0.2788888888888889,0.8407952526321704,0.9171114880827724,5.569841935198318,2.9413542849881167,0.2012689370073015,1053
GSCX,0.2425,0.801571962106285,0.8261544316509731,5.277412378281717,2.218900359769483,0.2162003397097581,1053
PID,0.7472222222222222,0.9437439031298088,2.0567551395924504,6.234989438895951,4.891941087876638,0.1388191541213828,1054
GSCX,0.0836111111111111,0.5746072271043633,0.4999215662819069,3.906474908280567,2.0362133840905656,0.2854117565745765,1054
PID,0.3752777777777777,0.8637041865553788,1.0542720520795168,5.704202114429654,3.476561383823856,0.1873605794262113,1055
GSCX,0.0183333333333333,0.5065113996588191,0.3792735944581589,3.41673157753931,1.5671999892602335,0.3281502582042219,1055
PID,0.2625,0.8521268888278848,0.8981799401681211,5.638323074620319,2.594615551037619,0.2033048431682408,1056
GSCX,0.0,0.3564991480047413,0.252206697607382,2.40003360976248,0.8332354632412722,0.4205476197628863,1056
PID,0.0,0.599035300716437,0.3601491794876656,3.967940518729095,1.048347316302633,0.3144346730856441,1057
GSCX,0.0316666666666666,0.5247310821142053,0.4153067932855444,3.576039730515112,1.3864039375741504,0.3182062834581896,1057
PID,0.1719444444444444,0.7407876453809157,0.6913903888844273,4.839480727005202,2.4587867588096235,0.2350341434418155,1058
GSCX,0.0852777777777777,0.5985062623866118,0.5128425037429002,3.9575569029007487,1.8891626062518527,0.2832398394571837,1058
PID,0.6494444444444445,0.9278843831919038,1.6695800187361571,6.131845723378084,3.649258367800336,0.1541405042332264,1059
GSCX,0.0219444444444444,0.4268273623945807,0.32050423910903,2.8609397629010487,1.5468020382676133,0.363171954904078,1059
PID,0.6802777777777778,0.934249003968986,1.8225028820138505,6.183550092060543,4.505442723724673,0.1468355760401012,1060
GSCX,0.2966666666666667,0.8092116400052481,0.9046491143596388,5.340763306968752,2.5558232708274065,0.2069582732295324,1060
PID,0.2258333333333333,0.8506110537471577,0.8631293139329406,5.630360814624801,2.078427659025212,0.2092887295361093,1061
GSCX,0.0,0.3783261502201104,0.2723245092995596,2.5595163322765178,1.012556943170371,0.4020680325338235,1061
PID,0.3472222222222222,0.8752183140894022,1.0246479672625153,5.778366848573385,2.650350979704687,0.1919881891772024,1062
GSCX,0.1302777777777777,0.6369138956269028,0.5875377016663997,4.317889519324418,2.067220019898498,0.2616083309839092,1062
PID,0.7352777777777778,0.9433326696241046,2.0663814393670457,6.228598081006694,4.911302092694267,0.1388471837867094,1063
GSCX,0.0011111111111111,0.4155997844113269,0.2981469518511139,2.814205937023396,1.203812773204391,0.3779971957261955,1063
PID,0.4916666666666666,0.9018855796095384,1.3238683849581094,5.947974209982506,3.704554764446745,0.170064905126605,1064
GSCX,0.0,0.3888317062674241,0.2880633891904571,2.637803963206781,1.1239925636580104,0.3921638616103086,1064
PID,0.4455555555555555,0.8925338387504289,1.233810632948967,5.883930550610806,3.2740811475360343,0.1767829873904975,1065
GSCX,0.1619444444444444,0.6820416255858959,0.6641750734909184,4.4359375714901095,1.9686468521716247,0.2507351850816977,1065
PID,0.2794444444444444,0.8601774839936527,0.9026940334796836,5.67973718044628,2.1907420180505266,0.203654174826204,1066
GSCX,0.0105555555555555,0.3868480313333485,0.288051171530119,2.6207679369424044,1.4381388970702027,0.3859008941240537,1066
PID,0.72,0.9395023759478708,2.009329171024338,6.213841195909459,4.7087683689047815,0.1409853651551881,1067
GSCX,0.0030555555555555,0.3870740898016443,0.2848464778997182,2.61578628088569,1.2225157162551863,0.3917271755292683,1067
PID,0.245,0.8403213476962343,0.8603954982086247,5.554714058042129,2.507589272831821,0.20769983638994,1068
GSCX,0.0066666666666666,0.4103471699126728,0.3048217665229851,2.7733547861665957,1.2903826641715093,0.377053016275398,1068
PID,0.6341666666666667,0.9252206285995116,1.6003955360682915,6.114394487991076,4.172930158582362,0.1549969290456989,1069
GSCX,0.0,0.3449990899748268,0.2406729007063689,2.327983382117214,1.1415245149850226,0.4216265928708553,1069
PID,0.7294444444444445,0.9402656806992018,1.979130835668481,6.211031815496012,4.926314091864839,0.140951742176082,1070
GSCX,0.0,0.3546488469442828,0.2452357535861165,2.380059794349784,0.9987996800255214,0.419775066103227,1070
PID,0.2472222222222222,0.824643698456498,0.8360019548729649,5.430477325144935,2.272556966474945,0.2122561841778961,1071
GSCX,0.0,0.4338809784672024,0.3245314955523209,2.942228786562481,1.172963154786003,0.3672734742826841,1071
PID,0.2663888888888889,0.8443287760733521,0.8836491402450093,5.584961100578548,2.3599262108223864,0.2059190007076163,1072
GSCX,0.265,0.818477940454804,0.8637200462843884,5.399361381803928,2.150430467357375,0.2113612923974777,1072
PID,0.2744444444444444,0.8718180845405523,0.9053651245216242,5.75962484645942,2.201768242765161,0.2023167245703071,1073
GSCX,0.1247222222222222,0.7201046750526057,0.6531861779963516,4.702583074721745,1.8282448007197287,0.2479809653878716,1073
PID,0.5097222222222222,0.8925696778929101,1.348464059273587,5.891324471328679,3.45785444848766,0.1703114700421353,1074
GSCX,0.2666666666666666,0.8160593728605706,0.8745839242545319,5.382002954382774,2.2982888733547004,0.2102858638663603,1074
PID,0.6611111111111111,0.9304407402682164,1.740397078786189,6.149694888539744,4.118262054465792,0.1505835665448947,1075
GSCX,0.0,0.3608569848568105,0.2472549602478399,2.43388198250647,0.9286156581897878,0.4170735440975543,1075
PID,0.7302777777777778,0.9419296967550012,2.1103118992655183,6.223734791070293,6.20415219544413,0.1351662841900292,1076
GSCX,0.0986111111111111,0.5635850905361115,0.515864138096456,3.8221305079521217,2.940579888073423,0.2769860425579195,1076
PID,0.5538888888888889,0.9106815417302716,1.5161433650635048,6.020649681339396,4.2937858047740445,0.1598993281689465,1077
GSCX,0.0,0.3252579303800176,0.2275866119892228,2.175736463801033,0.8629476376108006,0.4421310535022105,1077
PID,0.5933333333333334,0.9208935445645268,1.4739385074608016,6.086051286860561,3.596261883247016,0.1615316518328511,1078
GSCX,0.0,0.3830938724363957,0.2730432569870051,2.591647874747702,1.0535227139686258,0.3990041961113149,1078
PID,0.655,0.928483746888745,1.6590146378151738,6.141896445098016,3.6162158190690734,0.1542890002642768,1079
GSCX,0.2586111111111111,0.818449309923783,0.8740982696536083,5.402266452698627,2.241301281087121,0.2106074191826564,1079
PID,0.4038888888888889,0.8836543717287886,1.1237152158738184,5.844709942276592,2.816525011259953,0.1844592500840196,1080
GSCX,0.0,0.4130017829774937,0.2915484577015765,2.7844849058343697,1.0736107846891,0.383148057675058,1080
PID,0.2883333333333333,0.8573436921706649,0.9036282547862658,5.654969804415137,2.355277813079216,0.2028396807150352,1081
GSCX,0.005,0.3824319999177474,0.2792819507885649,2.5995164812843745,1.2611854925769566,0.3928535888330578,1081
PID,0.33,0.8517237670214756,0.9563643888208336,5.615179462481586,2.520145069781086,0.1986883886793879,1082
GSCX,0.0086111111111111,0.4661330407981728,0.3426920519234654,3.16299457736592,1.3763128275946743,0.3487312260739846,1082
PID,0.7497222222222222,0.945315938185341,2.26947814680417,6.265695127260199,5.294581220450144,0.1333354063098234,1083
GSCX,0.0,0.3735489426789336,0.2670041991841901,2.533213164235117,1.0713102260012215,0.4037168632402584,1083
PID,0.7547222222222222,0.945175851270173,2.254409800593205,6.264567563954115,5.36949049129123,0.1333895411553949,1084
GSCX,0.135,0.7099846070718194,0.652683530350916,4.649044363170177,2.008878937009737,0.2474833445838772,1084
PID,0.7208333333333333,0.9379329716837468,2.062504536626054,6.194309312120559,5.337829941286934,0.1385002032059651,1085
GSCX,0.1861111111111111,0.8022874108948429,0.7767730252913696,5.315764752577139,2.2298106882334814,0.2207658680652983,1085
PID,0.3708333333333333,0.8767287684498353,1.0635733579796507,5.7927891259772295,3.100549498017656,0.1874472532766194,1086
GSCX,0.2361111111111111,0.8064219569471576,0.817118664954532,5.311926301902786,2.228490088315088,0.2162431220293401,1086
PID,0.4302777777777777,0.890785925720257,1.1965099925652003,5.9058361540099655,3.05093909869334,0.1791970893876705,1087
GSCX,0.0,0.4236896043809696,0.3004788581625987,2.848032755915027,1.1639198789085985,0.3762695924927311,1087
PID,0.2858333333333333,0.8567204926345936,0.928408615478166,5.663519550065197,2.5297065252720685,0.200867601098062,1088
GSCX,0.2536111111111111,0.8163560498141619,0.8759928880042234,5.38954107448417,2.4537482040278125,0.2098480572297915,1088
PID,0.2655555555555555,0.8537947855357033,0.8754480311007289,5.633343088840927,2.70847276695208,0.2036891006276286,1089
GSCX,0.0519444444444444,0.6472208581105873,0.5344776316511735,4.291116666349317,1.7475591778328352,0.2745203528257171,1089
PID,0.2533333333333333,0.8493993766592083,0.8718043191899069,5.594886670629282,2.246414920870135,0.2073687262022132,1090
GSCX,0.0194444444444444,0.447440273433908,0.3305991830498884,3.037309650767267,1.3560690328220169,0.3558417053558795,1090
PID,0.2841666666666667,0.8477618858090844,0.8930327986707791,5.576497490524746,2.0996873429526866,0.2061119533120801,1091
GSCX,0.0033333333333333,0.4491036100586612,0.3302044970056834,3.030790697996633,1.225669924059832,0.3601641144294575,1091
PID,0.3886111111111111,0.8750175423460795,1.070882796240602,5.777092124404312,3.11284773080519,0.1867112365513147,1092
GSCX,0.0,0.373172566246252,0.2580167198468842,2.50290618187568,0.8767982052374266,0.411018756053771,1092
PID,0.4219444444444444,0.8769473503595893,1.128571412880221,5.781540808720891,2.9492093982821315,0.1839776202355255,1093
GSCX,0.0,0.4266091606123163,0.3076948724362243,2.867414763684766,1.1704527198587795,0.3739033449066628,1093
PID,0.2683333333333333,0.8570086585688657,0.8843448727223792,5.6533661851305705,2.2471267222116134,0.2051239990913184,1094
GSCX,0.0038888888888888,0.3652497675004998,0.2562485137094492,2.474079800483819,1.2328169258861834,0.4058457023699047,1094
PID,0.7366666666666667,0.9413142670932756,2.0773512157798524,6.213726728207822,5.266321500559871,0.1378909536877463,1095
GSCX,0.0036111111111111,0.3897208416910634,0.2738419006143261,2.6479696819476293,1.2276315720771862,0.391494123395426,1095
PID,0.3066666666666666,0.853699650027335,0.910407025490437,5.620402261972307,2.2835868319967747,0.2026978907335945,1096
GSCX,0.0,0.4136804410165535,0.2958910171492883,2.8136731052844173,1.1700010988010126,0.3792444034283828,1096
PID,0.2947222222222222,0.8594472053006302,0.9089360788658172,5.673951210543029,2.4269408207118737,0.2016771889058404,1097
GSCX,0.0,0.3355011152886659,0.2420365987566507,2.2738805857491644,1.074957346597464,0.426972930890285,1097
PID,0.1338888888888889,0.6978527685980387,0.6126151164590772,4.683430121678987,2.9546890904462897,0.2429801517770677,1098
GSCX,0.1805555555555555,0.7043653965448271,0.6989008238400576,4.591701503664737,2.397059924093488,0.2403237483463141,1098
PID,0.735,0.9413481821510952,1.948421936035762,6.219027400693439,4.153165398755806,0.1433299217290195,1099
GSCX,0.0066666666666666,0.4342888089819611,0.3021940319243183,2.9264533506362245,1.29302046264033,0.368469179390742,1099
PID,0.3302777777777778,0.8689213242092461,0.996653288950035,5.755179167178354,3.4998605901272417,0.190407028447263,1100
GSCX,0.1358333333333333,0.6338186265321909,0.5983757585823709,4.3139350776047145,2.151098336579083,0.2599242910488953,1100
PID,0.3238888888888889,0.8635016761333956,0.9758026584336112,5.707248245520671,2.7977480832452977,0.1953462955444793,1101
GSCX,0.1736111111111111,0.7861267954315736,0.7596644964607382,5.190987222394337,2.035450449193726,0.2260347402963546,1101
PID,0.2627777777777778,0.8268389635141995,0.8849270954534394,5.44844799527865,2.5031199756215377,0.2076581712159014,1102
GSCX,0.2341666666666666,0.7894628602627971,0.8181487655930888,5.2032498108280745,2.728318055514547,0.2156137007971376,1102
PID,0.2769444444444444,0.8562807655289556,0.8991080805523198,5.666162585275947,2.563024529964127,0.2023468378080946,1103
GSCX,0.0,0.5259998510977858,0.374852265214361,3.561446952574109,1.0742214583151006,0.3306385811605384,1103
PID,0.3052777777777777,0.8612129625753329,0.957914891214604,5.687094742517935,2.8734698467310893,0.1967795246875477,1104
GSCX,0.0,0.4863760780121905,0.3524698174611842,3.232911255681796,1.138046992857708,0.3478659417524583,1104
PID,0.2933333333333333,0.8589988568955991,0.921556148779368,5.673268145857442,2.5359775193359906,0.2006599410102809,1105
GSCX,0.0094444444444444,0.369165249192548,0.2696983646004584,2.47365807276876,1.3663739909454362,0.3996830973434443,1105
PID,0.6461111111111111,0.9277084888340504,1.6386551606350337,6.134453150869403,4.300140811827104,0.1531586808898333,1106
GSCX,0.0,0.3588054401638289,0.2586689307912753,2.4003461552809706,1.07637611862989,0.4140298896215237,1106
PID,0.2686111111111111,0.8372801314731096,0.8835069129888713,5.514362399734038,2.570712637738183,0.2059411072305056,1107
GSCX,0.0,0.3897985916040284,0.2765611663715192,2.651784383984649,1.1539299525889877,0.3927386121377388,1107
PID,0.4183333333333333,0.8814991804532056,1.1170952885060743,5.885500935946925,3.14883824483725,0.1824285313349781,1108
GSCX,0.0,0.3972266865177525,0.2773152678008938,2.692794672696268,1.033627002348248,0.3921088595115506,1108
PID,0.4780555555555555,0.8993565286553915,1.3020539931401496,5.927163162267664,3.707674236629837,0.1713956614706201,1109
GSCX,0.0,0.3215484393027839,0.2263028584410565,2.14961257304823,1.009706144797865,0.4410806497256979,1109
PID,0.2908333333333333,0.822346579948056,0.898366747424674,5.400423168889267,2.278503266308798,0.207785247038442,1110
GSCX,0.0072222222222222,0.3771765534713209,0.2751364233539953,2.522006461421195,1.3170027896766645,0.3967711819430263,1110
PID,0.365,0.8637495570204371,1.0560153508415449,5.706926573858535,2.731108519265774,0.1908228880490767,1111
GSCX,0.0,0.3613774035056452,0.2564982499860564,2.429259282745405,0.957541031140898,0.4149526392174877,1111
PID,0.6447222222222222,0.9256283074411232,1.634646290899893,6.107824506104016,3.703646704974203,0.1552423302261084,1112
GSCX,0.2552777777777777,0.7846090394344073,0.8350567727859538,5.170931390341854,2.4168169281453857,0.2161340472580639,1112
PID,0.205,0.7704818714888395,0.7320600858191765,5.050149848449836,2.32252133154389,0.2271056011221192,1113
GSCX,0.2447222222222222,0.8154057759539968,0.8531216450671122,5.37166850949728,2.145204863019991,0.2133289100699152,1113
PID,0.6436111111111111,0.9272792349298836,1.6951358915097492,6.124526666504154,4.2446363097272135,0.1520108696032085,1114
GSCX,0.0,0.3865400638119349,0.2813820197537268,2.5889140783230222,1.1686959426828505,0.3952839945778385,1114
PID,0.2836111111111111,0.845825118301069,0.8965213752526097,5.590485077333037,2.321735935529559,0.2046796306580786,1115
GSCX,0.0205555555555555,0.5009696777314592,0.380860267784213,3.4137598260920035,1.3706383875474033,0.3306625989954255,1115
PID,0.2366666666666666,0.8561361940812215,0.8677750479297744,5.6554328896922295,2.138357904659673,0.2077928568970493,1116
GSCX,0.0,0.389603941073962,0.2765838851620836,2.6120949182062647,1.1213670117400618,0.3955130922418332,1116
PID,0.7022222222222222,0.935882455451579,1.8073187899046583,6.181509493223031,3.8483122278055135,0.1484396222984868,1117
GSCX,0.0086111111111111,0.3870015588867404,0.2814981322214613,2.625167239972804,1.273949821150185,0.3900015656507242,1117
PID,0.2458333333333333,0.8347250441679396,0.8702818034317412,5.529895934590604,2.571248963486194,0.2073491574815615,1118
GSCX,0.0,0.3386218485023278,0.2476645495252381,2.2758488610644165,1.091848796530957,0.4251014240409452,1118
PID,0.4061111111111111,0.8771509959080921,1.074017450540938,5.8015620969110975,2.963186998880373,0.186276023489578,1119
GSCX,0.1933333333333333,0.6854507170949398,0.6851240870578093,4.628691402480444,2.391315595145219,0.2402447124525444,1119
PID,0.1216666666666666,0.6089783264511688,0.5146239901736479,4.098048448417512,2.141002010308849,0.2737453190554015,1120
GSCX,0.0616666666666666,0.5760176163831737,0.4935414264224928,3.914676916140993,1.7304993100373425,0.2905653150793623,1120
PID,0.6911111111111111,0.9348968743042788,1.7952830067239358,6.185517751285992,3.909803461918573,0.1487932796502984,1121
GSCX,0.2125,0.7783338660840804,0.7798113395085918,5.12628445694606,2.164260158396909,0.2234909809114174,1121
PID,0.6869444444444445,0.932764522852996,1.8371028964555431,6.175666490693459,4.111899927201395,0.1474401530093186,1122
GSCX,0.1530555555555555,0.6928983821133363,0.6545540790000195,4.513232055412313,1.9771230912018969,0.2498903415744189,1122
PID,0.6438888888888888,0.9263816798419358,1.7396585860522271,6.127093293677744,3.913416597744672,0.1517801289424904,1123
GSCX,0.0,0.4000270845370285,0.2795829612213449,2.6894669018270148,0.9958474216087652,0.3924079189272766,1123
PID,0.2877777777777778,0.8471933921364173,0.8810929439298772,5.57556514478528,2.3752755598311226,0.2051409171147049,1124
GSCX,0.0,0.32465940259325,0.2296802642455549,2.1729348498627963,0.9692097766012776,0.4394489079141524,1124
PID,0.2355555555555555,0.8415896477028277,0.8244706638795141,5.5512862582656615,2.467316917303841,0.2100744634082862,1125
GSCX,0.0172222222222222,0.5489566875294667,0.4146231666946542,3.728161131457455,1.3216419020309582,0.3140909058490851,1125
PID,0.2122222222222222,0.8457614544876721,0.8576842515748583,5.572853820872962,2.722745587611003,0.2077492177860533,1126
GSCX,0.0733333333333333,0.7055570743585335,0.5902867289383021,4.725685783667123,1.7189441020430696,0.256383123505554,1126
PID,0.3080555555555556,0.8542684818145853,0.9438114637752552,5.651426490364938,2.695768617447805,0.1987218019647234,1127
GSCX,0.0,0.3809097976896068,0.2771650406027838,2.580510775925092,1.1898226545848944,0.3964716491267926,1127
PID,0.2863888888888889,0.8468103859231795,0.91691054692988,5.574694500681213,2.8098374600523472,0.201435074448679,1128
GSCX,0.0091666666666666,0.4182218683714021,0.3095664712028794,2.8352113152568403,1.2979316665359923,0.3723056168862247,1128
PID,0.6483333333333333,0.9276270927310885,1.6588885345578814,6.132204126064731,4.069663079093541,0.1532526199661448,1129
GSCX,0.0,0.3738807132428511,0.2662064542146697,2.5344924449869035,0.9282495342409036,0.4065807996547994,1129
PID,0.255,0.8394743701150302,0.8760454010022368,5.528567925183872,2.553953451042801,0.2067018273869393,1130
GSCX,0.0113888888888888,0.4563835158280359,0.3334392136015535,3.070590042905703,1.3187595707851936,0.3550503086166702,1130
PID,0.3816666666666666,0.8531725560904556,1.062645805506049,5.645125694645438,3.024880105396505,0.1896351384549968,1131
GSCX,0.0,0.380750404035011,0.2740712166439075,2.577269876984047,0.9115288840313804,0.4025369580779207,1131
PID,0.2494444444444444,0.8263617648311176,0.8437982260533075,5.465779071024335,2.535217430048464,0.2097872439967776,1132
GSCX,0.0225,0.455818472206648,0.3469370482099668,3.0850425020585712,1.522947305262808,0.3482175903702184,1132
PID,0.6444444444444445,0.928187336087964,1.6432120409234985,6.132453740346157,3.702166631664639,0.154792033293331,1133
GSCX,0.2072222222222222,0.7804988814085914,0.7746658632867158,5.140665447210115,2.200089730283642,0.2235224851711713,1133
PID,0.2975,0.8597738874028599,0.8989850312445541,5.670105718046759,2.218282354154459,0.2030863987408525,1134
GSCX,0.0,0.3538724493050328,0.2543748005785458,2.3742458039907524,1.1841028009697516,0.4145707953158778,1134
PID,0.2594444444444444,0.8455333531533572,0.879508690320533,5.592733758398047,2.562282979456328,0.205240833479938,1135
GSCX,0.0,0.4164237717589161,0.2918845463251004,2.7933000134179475,0.9556881085882876,0.3844968891845577,1135
PID,0.5594444444444444,0.8725812464968655,1.4613311725199891,5.74025608299366,4.08390293624702,0.1650511385157378,1136
GSCX,0.2036111111111111,0.7810597243593835,0.7661170871773326,5.159416648689858,1.9749805798976228,0.2251942721915102,1136
PID,0.3233333333333333,0.8321632491359946,0.9766212921142704,5.458310244104546,3.192246815639765,0.1974112117477821,1137
GSCX,0.1738888888888889,0.8045846301846489,0.7791081996719462,5.321785249172705,2.466955506979961,0.2197014898643566,1137
PID,0.6830555555555555,0.9333169333386316,1.712994025791484,6.163003026068695,3.517268443476037,0.1522889437228022,1138
GSCX,0.2730555555555555,0.8132721631487657,0.8569847504700308,5.373730285898385,2.1473626111957773,0.2118554133424285,1138
PID,0.2577777777777778,0.8403139874971036,0.8984983739192145,5.553392570049575,3.0926403880026947,0.2024672034043364,1139
GSCX,0.1669444444444444,0.7200565002771228,0.7097012363888131,4.706212387172334,2.201046399782655,0.2390662378897544,1139
PID,0.0036111111111111,0.5670197764380389,0.3408208513821832,3.752365057501915,1.2328082732244463,0.3231082799462829,1140
GSCX,0.0,0.3592676738809991,0.2528696304128064,2.4177891876878523,1.1104853983789844,0.4133407359016243,1140
PID,0.4966666666666666,0.9035522140190652,1.3365951250953745,5.973184222699786,3.806905197224024,0.1688914483199676,1141
GSCX,0.1127777777777777,0.7112989991580391,0.6518248018288834,4.842121646060347,1.9760009733373176,0.2449940186985336,1141
PID,0.2211111111111111,0.8148218898336538,0.8640784707835888,5.388622847578505,2.9576609397526945,0.2092398392692984,1142
GSCX,0.0,0.3703024150764253,0.2612858862149255,2.494310750356073,0.9688853200079262,0.4092782457188766,1142
PID,0.3252777777777778,0.8422285892950523,0.9336795989977842,5.547968297189588,2.6715935662449777,0.2002519837265431,1143
GSCX,0.0,0.3207317835053877,0.2285745737750454,2.140680435383408,0.9527493234198412,0.4426092086529523,1143
PID,0.1075,0.7011114568939789,0.5843872005280492,4.71566800927969,2.567030575539045,0.2484871142531187,1144
GSCX,0.0,0.4876217097621778,0.3564317805071642,3.295037627356011,1.0460941968418649,0.3459849414909474,1144
PID,0.6872222222222222,0.9344282897988354,1.7972890446535672,6.171137937281166,4.511896574863773,0.1473609401380685,1145
GSCX,0.0,0.3952726946246969,0.2801159453905191,2.659270393351923,1.0285927321351478,0.3936735064413254,1145
PID,0.2691666666666666,0.8601781743984924,0.874790048617902,5.677564969183704,2.2014995099719554,0.2053454045843968,1146
GSCX,0.0030555555555555,0.3352438280982994,0.2425888338384951,2.2638144930370085,1.2255366225395496,0.4236996460236547,1146
PID,0.3294444444444444,0.8628568971577841,0.92426723460006,5.700773809790714,2.368312159228524,0.1994458477393652,1147
GSCX,0.1527777777777778,0.6866869623901989,0.6405569107932398,4.480259810965321,2.035318396911236,0.2513365667563457,1147
PID,0.7025,0.9340676758043148,1.80612067302512,6.178523689232905,4.159663830240031,0.1476841759860067,1148
GSCX,0.0,0.3875738291422576,0.2822117239019193,2.6104334785910943,1.1123953812542018,0.3949477833010812,1148
PID,0.3036111111111111,0.8437221104822711,0.961666903362972,5.601877329137838,2.955055324943208,0.197769814718593,1149
GSCX,0.09,0.6656781193209185,0.5927954569420394,4.435100032810421,2.429693667543174,0.2573685644377211,1149
PID,0.2672222222222222,0.8374842029209357,0.8570839356833014,5.52806786087888,2.357555391107204,0.2081333154381454,1150
GSCX,0.1502777777777778,0.5982339740301474,0.5786027099761339,4.05127982562647,2.4128150046612045,0.265714926350533,1150
PID,0.2797222222222222,0.8384098097003212,0.8862434439068294,5.527668228114036,2.2101013808904657,0.2069634735589302,1151
GSCX,0.1411111111111111,0.687392717744308,0.6345734815795165,4.694286248461764,2.398944401669266,0.2451375629014415,1151
PID,0.3025,0.8543083409775235,0.9224775877751452,5.630018002505267,2.345399941881997,0.2018726354118004,1152
GSCX,0.0,0.3648432880106034,0.2508305259628707,2.44031422286174,0.77208211065499,0.4189617233732763,1152
PID,0.54,0.8955643089711854,1.4811508048656945,5.908944033048937,4.119523210557119,0.1630060128909194,1153
GSCX,0.2811111111111111,0.8232361788190764,0.8750330025302981,5.445712502126384,1.9884867013420269,0.2101404768922223,1153
PID,0.2372222222222222,0.8542646765192743,0.8609830823093803,5.628447951781822,1.971031487909716,0.2094151686536881,1154
GSCX,0.0,0.3542262641321242,0.255173253945116,2.37260116386308,0.985701696950078,0.4186225042897842,1154
PID,0.5333333333333333,0.9068361873195612,1.4815976729396474,5.978923914575631,4.068354325139688,0.1625489509852353,1155
GSCX,0.0247222222222222,0.4646560198115474,0.3629157050295297,3.157683827357885,1.5001150048807186,0.3426737227135932,1155
PID,0.2888888888888888,0.8593942059227813,0.9183425963022516,5.680699303741365,2.523815062561955,0.2009284622416507,1156
GSCX,0.1586111111111111,0.7436982535293079,0.7272437824322582,4.867169020162594,2.349077701755596,0.2337190182491207,1156
PID,0.2675,0.8522103936243195,0.897020108915373,5.644347485451664,2.449552533024276,0.2037828320909774,1157
GSCX,0.0675,0.605918726493077,0.5081663442171045,4.13457661779863,1.697112486184795,0.2816979395031546,1157
PID,0.405,0.8762251165971113,1.1245638505712598,5.790834019038088,3.360789556598567,0.1829354788296626,1158
GSCX,0.0,0.500435421435473,0.3730795373198313,3.373875857107802,1.1251965689414527,0.3388149562533417,1158
PID,0.3413888888888889,0.8581787111275831,1.0214483431880537,5.729709491361935,2.755068984337011,0.1927833820961267,1159
GSCX,0.1525,0.7885203855296392,0.7542453071799999,5.225315272524319,2.572250642945248,0.2234869380864722,1159
PID,0.5477777777777778,0.9107642230511644,1.4114979496596538,6.008751384880672,3.6396231145050426,0.1652868743946728,1160
GSCX,0.2383333333333333,0.8204984085283067,0.8310887842630582,5.411849217798311,2.095972589281511,0.2142511639836857,1160
PID,0.3102777777777777,0.8484589340390775,0.9413125410856056,5.588611570927955,2.4297550413021742,0.2010004698662991,1161
GSCX,0.2538888888888889,0.8080827645617688,0.8137511610416557,5.3223841314574765,1.9720412948208876,0.2168194754347115,1161
PID,0.6375,0.9276143001245049,1.6267597339287987,6.124964394219947,4.051340977010321,0.1544577925039545,1162
GSCX,0.0227777777777777,0.4599579474319691,0.3486446151843521,3.123240727671067,1.4803616676474656,0.3467351573717987,1162
PID,0.1247222222222222,0.6210152473499491,0.544061101224611,4.127907024079739,3.0174272137364038,0.2625012947941531,1163
GSCX,0.1455555555555555,0.7092057397346943,0.6804912197436448,4.861867623597602,2.2819833337107958,0.2387358374871629,1163
PID,0.7480555555555556,0.945066571064552,2.1859777789721506,6.250532668493233,5.069915091715559,0.1356118416490311,1164
GSCX,0.2122222222222222,0.7896067236065917,0.8025855720205892,5.195120906849754,1.975161140505618,0.2219410460320139,1164
PID,0.2244444444444444,0.8449976827445097,0.8456758479514697,5.583369673031514,2.5969854187129937,0.2083005923757506,1165
GSCX,0.2991666666666667,0.826570280732383,0.9019664419129588,5.439442794369985,2.0509484163976364,0.2077617648289416,1165
PID,0.2616666666666666,0.8576030954741256,0.92249466465042,5.658057545705428,2.567240307671393,0.2019907738552909,1166
GSCX,0.0602777777777777,0.5660418250152252,0.4585136124400471,3.8482631016638384,1.571473272161704,0.2980776568645123,1166
PID,0.0,0.5703896418931946,0.346570781934449,3.812331719671617,0.941761692139802,0.3241248697314233,1167
GSCX,0.0183333333333333,0.518935869021297,0.3861710346426005,3.510290840080184,1.408584127103257,0.325279996767018,1167
PID,0.2338888888888889,0.8218534314154068,0.8437460544278671,5.414561137691777,3.0642910837970456,0.2085655832268634,1168
GSCX,0.2063888888888889,0.7980525081609603,0.7827601965686989,5.2562664330864735,1.824663316508732,0.2229554193757106,1168
PID,0.2844444444444444,0.8587394709804786,0.9171431750016686,5.665823949957155,2.483225610469917,0.2015820093754984,1169
GSCX,0.27,0.8231575392040248,0.8721982247362822,5.429485142727439,2.535929227619857,0.2081394927149969,1169
PID,0.2997222222222222,0.8506878090978307,0.9115516768669844,5.611453333760126,2.4555748709940213,0.2022687992741223,1170
GSCX,0.0072222222222222,0.4366631263771428,0.3056108333913764,2.9545385786565403,1.3154634751953895,0.3660540956472149,1170
PID,0.2927777777777778,0.8459411290586346,0.9304153371255428,5.574639469487793,2.982085436978051,0.1997649875411451,1171
GSCX,0.1494444444444444,0.7134665739740532,0.6736268137503492,4.67994856855275,1.8785787538255907,0.2454044731762836,1171
PID,0.3019444444444444,0.8479637803890111,0.9270436543960306,5.589935095013913,2.2023512359689503,0.2030854530385442,1172
GSCX,0.0,0.3925048408887466,0.2785103966695701,2.6490045627644254,1.1486750483863932,0.3924675712394361,1172
PID,0.1991666666666666,0.8404708999924113,0.8058110305341898,5.543796850057336,2.469396164520028,0.2127466227389065,1173
GSCX,0.0138888888888888,0.4488486911938286,0.3405876805146445,3.0305984139808637,1.4741856706068228,0.3535906633832638,1173
PID,0.3072222222222222,0.8712297034595675,0.9530604681609058,5.759555984997864,2.624786334768629,0.1969100458674012,1174
GSCX,0.1586111111111111,0.7978946562588319,0.7590537393519046,5.262808320320501,2.319982904818615,0.223563419896278,1174
PID,0.2866666666666667,0.8569239196938232,0.9059096282561924,5.6530176998518105,2.385310522665385,0.2026927127206927,1175
GSCX,0.0019444444444444,0.4437149999027696,0.3330215505317322,3.0058036808976563,1.2035116440139284,0.3617431204293529,1175
PID,0.2680555555555555,0.8554054591942453,0.8893625609378278,5.652053871316335,2.486612088371177,0.203753168623915,1176
GSCX,0.0083333333333333,0.4189231575342864,0.3119751659628055,2.823816107056728,1.3597068739216491,0.3715370104644983,1176
PID,0.2261111111111111,0.8172081601994713,0.8275625894136712,5.374444974407235,2.7546987921752444,0.2120534026247619,1177
GSCX,0.0,0.3272036106293159,0.2316491225077494,2.1977622525266263,1.0227891949474297,0.4359184318255967,1177
PID,0.6655555555555556,0.930601215695796,1.6723887711000482,6.148889446765296,3.716040840278858,0.1533274363246719,1178
GSCX,0.24,0.8201318200590819,0.8589353961460625,5.413227745459888,2.2040318701536705,0.2121789985518439,1178
PID,0.2605555555555555,0.8590440007363858,0.882859708615297,5.660905927107208,2.4330663565698227,0.2044339235102265,1179
GSCX,0.0,0.350965650027662,0.2462286929505024,2.361066295690704,0.9926704315067006,0.4211803582856354,1179
PID,0.2305555555555555,0.8364417060060393,0.8450483631733501,5.520823427088473,2.5050211241091422,0.2096700560718568,1180
GSCX,0.0,0.3650097363528876,0.2520677887268614,2.471584732888725,1.0853116479688063,0.4103707242658713,1180
PID,0.2625,0.8637619270674858,0.8934812234778718,5.718605140977494,2.415426467930854,0.203029806142852,1181
GSCX,0.0,0.3554363911718892,0.2507667838076011,2.3893542345164698,0.8543005942837073,0.4211271238053675,1181
PID,0.6488888888888888,0.927875347188208,1.6078897146383664,6.124251295964541,3.529979129053608,0.1561963824116811,1182
GSCX,0.0025,0.4193965870672475,0.3027354445835636,2.8118978961794734,1.217596282030016,0.3767168960980649,1182
PID,0.6677777777777778,0.9302128045524144,1.6936870789646294,6.150134542713886,3.867263845977417,0.1522986106859349,1183
GSCX,0.0333333333333333,0.5417099525214824,0.4257903554708041,3.680367841600902,1.403522784788213,0.3123024997312306,1183
PID,0.3019444444444444,0.8644905250253007,0.8954786359648579,5.697868292677252,2.120158178432125,0.2030595154209231,1184
GSCX,0.0,0.3389762509318254,0.2425242379700761,2.271039784659918,0.8322906605328374,0.4321418875887943,1184
PID,0.2627777777777778,0.8494781166331054,0.8783517640527995,5.604986367483616,2.4001042330216897,0.2057195123266119,1185
GSCX,0.0480555555555555,0.5574607392427212,0.4612746609278165,3.7744648501159768,1.57100880064684,0.3015773609837103,1185
PID,0.31,0.8573089589980565,0.9642798623753284,5.659911152476568,2.5011432588555778,0.1985071084489541,1186
GSCX,0.0066666666666666,0.4919189481740555,0.3694688346009721,3.2810232988308403,1.3098728751871889,0.3401373489082402,1186
PID,0.2266666666666666,0.842179005844684,0.8128554899994034,5.569009969946247,2.5568683580272653,0.2102710710236441,1187
GSCX,0.0347222222222222,0.480143598070195,0.3847335819226981,3.271121642065547,1.6887964219052505,0.330956850581361,1187
PID,0.3213888888888889,0.8549156515815705,0.9498968140446862,5.6344386467593885,2.701292203677488,0.1981298123478786,1188
GSCX,0.0058333333333333,0.3705896187653318,0.2782784721388402,2.504809968401963,1.2834797718520854,0.3985006742578338,1188
PID,0.2511111111111111,0.8562514666046754,0.9030291492032614,5.673611749987061,3.400291090048356,0.1990622028928415,1189
GSCX,0.0,0.3579194028108332,0.262168725004403,2.419627958419731,0.9843335032170925,0.4141748639128821,1189
PID,0.2269444444444444,0.8014702609037835,0.8069209263266852,5.282254661407295,2.62775005090196,0.2155479839843285,1190
GSCX,0.0341666666666666,0.4901895483766425,0.3735623463651208,3.345256709124534,1.7260451098841572,0.3285544210278519,1190
PID,0.2633333333333333,0.8630578565282832,0.8795328669893829,5.695186390263541,2.7466645604217983,0.2023427033298402,1191
GSCX,0.0,0.3434361101169675,0.2465474946000305,2.303812296467441,1.0675427521751932,0.4236950745702126,1191
PID,0.2544444444444444,0.8391833279075779,0.8375618180699932,5.54277868194522,2.1222847565097456,0.2106131482055112,1192
GSCX,0.1697222222222222,0.7927932187021781,0.7758613242363585,5.272029495913595,2.657787851932514,0.2200669601080206,1192
PID,0.2872222222222222,0.8590968750865916,0.924614158412706,5.665506704418337,2.435091717940936,0.2013681052588793,1193
GSCX,0.0080555555555555,0.4317831002523071,0.322607995799338,2.9221412363911488,1.2733608090129087,0.365927806773654,1193
PID,0.3266666666666666,0.8475791855109757,0.9294941218143562,5.584914007716338,2.4841960363532865,0.2006684562784133,1194
GSCX,0.1797222222222222,0.7717916155903414,0.7589548819285946,5.078988992454991,2.4529001802687267,0.225536455966897,1194
PID,0.4066666666666667,0.8903714012388753,1.1182708214619914,5.8835281282491145,3.3627424556752143,0.1818117145969688,1195
GSCX,0.0269444444444444,0.5974526368756843,0.4573792973037321,4.060561987194479,1.323270140366393,0.2959539130952009,1195
PID,0.2466666666666666,0.8031862649469321,0.8387878925572931,5.2940591612561,2.582665957799521,0.2130557227909569,1196
GSCX,0.0044444444444444,0.3605516691711607,0.2597430894403576,2.4413052828147808,1.2497115593648238,0.407028183308553,1196
PID,0.2163888888888888,0.789659538010944,0.7825354903678431,5.192625705680544,2.359383351646454,0.2206010632661799,1197
GSCX,0.0205555555555555,0.391835665670171,0.2950320586423131,2.645631652372144,1.4811147919502765,0.3809347167588067,1197
PID,0.4369444444444444,0.8844623217253282,1.1516283319298306,5.882435370262176,3.44305583357146,0.1794120144200706,1198
GSCX,0.0,0.3612757218506337,0.2702349123812621,2.427451130865909,1.1229640426344811,0.4091324818914851,1198
PID,0.2961111111111111,0.8722363985858574,0.9311523648783472,5.7529576718959445,2.246119724434375,0.2001619452677888,1199
GSCX,0.0269444444444444,0.4830391994650835,0.3756109872076856,3.2584115308334947,1.4422257394028084,0.3365875408150215,1199
PID,0.6447222222222222,0.9269840447685408,1.6959065927570365,6.129445996909239,3.9216680629776217,0.1528288179976626,1200
GSCX,0.0933333333333333,0.6170240458471714,0.5441716541986726,4.165191106244601,2.2272807745436265,0.2706599068799417,1200
PID,0.6911111111111111,0.933739666986424,1.7908778640881418,6.16972366590534,4.244930969136028,0.148146949559982,1201
GSCX,0.0,0.3534569225777922,0.2448871899616135,2.3600877382071666,0.8547565817188346,0.4242621934187671,1201
PID,0.5155555555555555,0.9076382981394616,1.3466525922323294,6.000620261684835,3.775487477844541,0.1678250446301576,1202
GSCX,0.0027777777777777,0.3800743953404665,0.2782067314975202,2.5680050518348523,1.2186570199687763,0.3960585409126241,1202
PID,0.1738888888888889,0.7443491787256421,0.6694952088821898,4.855937609227971,1.9263953132666465,0.2394615171446294,1203
GSCX,0.0463888888888888,0.5282356565843033,0.4220116345970421,3.601735031770088,1.610374380451557,0.3122892126684798,1203
PID,0.2733333333333333,0.860113951032253,0.8761946062550059,5.671347426561343,2.137588951799544,0.205521079151832,1204
GSCX,0.1777777777777777,0.8002926507165269,0.7819513744553084,5.281712723019759,2.125433052009018,0.2221379380633139,1204
PID,0.2797222222222222,0.8469115864055138,0.9052761991188408,5.625110988309959,2.757622533487952,0.2017617918324702,1205
GSCX,0.2419444444444444,0.7937324147355626,0.7988134396373104,5.227135064868313,2.2068306951893164,0.2187161646392546,1205
PID,0.2508333333333333,0.8555210429623838,0.8817612767814036,5.646303393912946,2.269693823298065,0.2060018790088536,1206
GSCX,0.0208333333333333,0.5772422631359496,0.4513808952289512,3.952592260500973,1.4843045769909802,0.2995235918305227,1206
PID,0.2772222222222222,0.8578643335250623,0.8848881516902258,5.658926667773458,2.1191141533366453,0.2052732155473498,1207
GSCX,0.1627777777777777,0.7073057320608885,0.6744801028658046,4.824113464138468,1.9689681534431296,0.2410969315617751,1207
PID,0.4980555555555555,0.9051915489637584,1.371047886234218,5.984807081875958,3.864911930761264,0.1674476329998205,1208
GSCX,0.1458333333333333,0.6400268395160215,0.6072046787653624,4.292997142622474,2.3455653202414646,0.2573480991272335,1208
PID,0.0927777777777777,0.5846892730159997,0.4565510141905692,3.952598384159584,1.9619896595521211,0.2876090326688619,1209
GSCX,0.1833333333333333,0.6975632329325685,0.6952027697820494,4.548072711100556,2.3279097967834463,0.241947125074212,1209
PID,0.2497222222222222,0.835199309274547,0.8595798550776635,5.518801476330378,3.148179475715263,0.204898642750393,1210
GSCX,0.0,0.4024002478618071,0.2846669488081765,2.7117578950995203,1.036808136284918,0.3894466204988677,1210
PID,0.4333333333333333,0.8879448023866257,1.1968478058168646,5.843427849935736,3.819159374747256,0.176899101754042,1211
GSCX,0.0,0.3719957977236989,0.2674240120524423,2.51918763482063,1.0339527361206435,0.4052923853372315,1211
PID,0.2908333333333333,0.8617864925150259,0.9158730061071928,5.692286772104524,2.4027017901490013,0.2013400328135685,1212
GSCX,0.0,0.3526100981413995,0.2560874090981784,2.3684311484225717,1.1649808906260917,0.415089447316681,1212
PID,0.3494444444444444,0.8797577992731919,1.0179037958325796,5.838185123573216,2.6237872223194527,0.1914517230870395,1213
GSCX,0.0691666666666666,0.6379486770849386,0.5438536688996504,4.330427098638699,2.066646046689141,0.2689524311780285,1213
PID,0.5786111111111111,0.9191822365107742,1.5224912956726742,6.069008939173637,4.122290772713453,0.1590884470181409,1214
GSCX,0.0,0.3708516396144115,0.2631567966653985,2.475906762067416,1.0331006646744942,0.408681179351074,1214
PID,0.5363888888888889,0.9078613995889876,1.407680610386315,5.981367315775054,3.840126652090273,0.1653529663163401,1215
GSCX,0.0,0.3294266583585086,0.2314224300615313,2.208743054552968,0.9597354008458664,0.4364839497790445,1215
PID,0.2752777777777778,0.8545101220453017,0.9220719853296542,5.638793172837972,2.5445143532734456,0.2018976012539279,1216
GSCX,0.0638888888888888,0.5882031294681497,0.4956050009693816,3.9917714979751615,2.6418736000385348,0.278715294386826,1216
PID,0.6347222222222222,0.9260685661392576,1.6593562199221208,6.130459353070012,4.055933899482211,0.1536306511585937,1217
GSCX,0.0025,0.3954555140033868,0.2887802826156842,2.676482557126057,1.217317945145828,0.3874526796375529,1217
PID,0.0811111111111111,0.6568948124312781,0.5259525312687928,4.250470011922587,2.01598975699968,0.2713818476695112,1218
GSCX,0.1027777777777777,0.6656375087174894,0.6021357256608406,4.34235004229085,1.584923987470017,0.2649233054237163,1218
PID,0.665,0.9318579412751168,1.7013938606564964,6.160317283606792,3.729747461025333,0.152449480544987,1219
GSCX,0.0275,0.5085663659409366,0.3881765553523303,3.44730281781532,1.3475039408595677,0.3276963515202415,1219
PID,0.7275,0.9424434256149784,2.20231621881307,6.22268980009718,5.891306367008624,0.1340654095448705,1220
GSCX,0.0,0.3608952577282197,0.2534943607679401,2.425944751488624,0.9164271147763576,0.416614836375783,1220
PID,0.6786111111111112,0.931134433772736,1.7343963016826307,6.152994718411426,4.231088762960604,0.1499984323403062,1221
GSCX,0.0,0.32228849624852,0.236578911977356,2.1544916509509986,0.9678243741440832,0.4394681745757592,1221
PID,0.255,0.830978377264581,0.8682325264297861,5.496608931599144,3.078139385640947,0.2050362689185944,1222
GSCX,0.0,0.3635666962369173,0.2541080876644361,2.4425590865164057,0.8503254188956251,0.41665648631025,1222
PID,0.4836111111111111,0.8842471172979074,1.2587059586210076,5.839701887466479,3.3020363270621127,0.1752467815641363,1223
GSCX,0.0202777777777777,0.4145149065259245,0.3104670586401894,2.7840431388946025,1.529420239967118,0.3695124476425993,1223
PID,0.6527777777777778,0.9288689769121944,1.7486226651341554,6.15406516995714,4.501883408221057,0.1495125315659163,1224
GSCX,0.1869444444444444,0.6973860939748908,0.6922510947781415,4.763540153699742,2.4147782672169646,0.2370085630403495,1224
PID,0.3133333333333333,0.86318183087704,0.9350790556247814,5.691089320722151,2.408125138660972,0.1995526668851627,1225
GSCX,0.0,0.3428530491718068,0.2486525028190815,2.293451629016996,0.9911115403850468,0.4256327843881666,1225
PID,0.2647222222222222,0.8505629784673104,0.8775669055004871,5.609842206544911,2.1635326452928885,0.2067881156739419,1226
GSCX,0.0,0.3725154875819838,0.2779244412810931,2.507521193866202,1.0673326566659167,0.4033785061212422,1226
PID,0.4,0.8844593949843903,1.1612552012570672,5.829700968134045,3.6223023701502903,0.180165277674821,1227
GSCX,0.0122222222222222,0.4626052967609153,0.3406594616125457,3.146511905425805,1.3416305199281529,0.3499691344756512,1227
PID,0.6977777777777778,0.9347069359781638,1.8760789351929068,6.1876297414057255,4.255385298961977,0.145806615451681,1228
GSCX,0.0025,0.4428010950020073,0.3201557823416908,3.0032212101415507,1.214421005080424,0.3635319575904836,1228
PID,0.2522222222222222,0.8324394983068917,0.8399834999385561,5.494999431752845,2.4417891015410005,0.2097726208829701,1229
GSCX,0.0913888888888889,0.632265174340851,0.5723979379205639,4.318432249768426,2.598970940874509,0.2611734064520267,1229
PID,0.6816666666666666,0.9308110523403884,1.763770005476811,6.143872133274457,4.185069439658263,0.1494044240873083,1230
GSCX,0.0,0.3957869083702712,0.284622973084843,2.6841218314618103,1.006996105037971,0.3919306875720192,1230
PID,0.2075,0.7604591461257489,0.7440600501635393,4.97409038973937,2.294841494322972,0.2280769428150734,1231
GSCX,0.1208333333333333,0.636564345836223,0.5725112734484257,4.206719353406991,2.3541296386725885,0.2637202420590273,1231
PID,0.4625,0.8967472922018438,1.2067311542870014,5.927116365808007,3.199292952894038,0.1769333282053468,1232
GSCX,0.0272222222222222,0.4647309607813354,0.3533708124495794,3.145169515789651,1.5248288671077632,0.3437787240947713,1232
PID,0.3002777777777777,0.8407201412394095,0.8995749722063365,5.543389970844376,2.343689002838393,0.2045172342902513,1233
GSCX,0.0,0.3416415918858593,0.2353446536756863,2.299710016373661,0.9509529873264572,0.4288843855807702,1233
PID,0.2522222222222222,0.8246199130007211,0.8194896243904743,5.435779950390847,2.331859101322736,0.2124456687201643,1234
GSCX,0.2466666666666666,0.8056082224386366,0.8383690383289077,5.30221494267156,2.097624326624645,0.2155689752361599,1234
PID,0.3580555555555555,0.8544172557917689,1.04343894316349,5.646066242177251,3.2811117913421177,0.1901074631874427,1235
GSCX,0.0,0.3611618989904581,0.2597052229875674,2.418254324739446,1.1181578520005653,0.4117316246966615,1235
PID,0.6291666666666667,0.9245481729500268,1.6495704519137528,6.11172897198423,4.171680654297234,0.153859228085912,1236
GSCX,0.0,0.3642205390166184,0.2584341719327802,2.454251814607522,1.0567583848187714,0.4108503991425837,1236
PID,0.0783333333333333,0.6991001402490615,0.5667796612547512,4.548761138071479,2.1785373814446505,0.2584061518733028,1237
GSCX,0.0108333333333333,0.3905291404320926,0.2852219902249198,2.6234477485991405,1.2985221397104922,0.3884483230617899,1237
PID,0.2288888888888889,0.8330096524387065,0.8467843618102466,5.4955124705315015,2.8859439155469184,0.2081187687348405,1238
GSCX,0.1594444444444444,0.7051945447750194,0.6871888102343731,4.592505274856782,2.318301689376697,0.24282083626422,1238
PID,0.6722222222222223,0.9338606892467836,1.8544874592982512,6.180741372195619,4.668592929584099,0.1458600604086665,1239
GSCX,0.1433333333333333,0.7652275359248797,0.7161161783941913,5.137760486980896,2.5964161418030627,0.2280397894706811,1239
PID,0.1802777777777778,0.7631162694537927,0.7066184422385148,4.99239310896593,2.0289677191120226,0.2330038759535999,1240
GSCX,0.0672222222222222,0.568962032922044,0.4864865894947161,3.8755556022663473,1.977299494713428,0.2896778412094208,1240
PID,0.7061111111111111,0.9365294785208766,1.7995229678177935,6.196755038318675,3.946415827249622,0.1481600272080883,1241
GSCX,0.0041666666666666,0.361389910127893,0.2619573013177303,2.419276139054609,1.2140743175248072,0.4086000964261256,1241
PID,0.2388888888888889,0.7970985914449291,0.8293353836165847,5.261469579603798,2.6384904384822074,0.2142251781142419,1242
GSCX,0.0011111111111111,0.3528589422796903,0.2466012359227672,2.3879496666920152,1.203254099337462,0.414708573496923,1242
PID,0.0722222222222222,0.6984713052093826,0.5560929244583112,4.663462278032236,2.7106140682452686,0.2527983505852218,1243
GSCX,0.0,0.3317589095300796,0.2347246151221391,2.214452781557162,1.039552579053155,0.4334082581155364,1243
PID,0.2975,0.8638833495375527,0.9067188541682368,5.70675226938773,2.326216135520552,0.2016069087766542,1244
GSCX,0.26,0.799495895560918,0.8128771267204019,5.268360228592604,1.836673004069285,0.2184233626713616,1244
PID,0.7455555555555555,0.9448973086235206,2.1500316409387965,6.248023569462101,4.684541558413303,0.1372731197173193,1245
GSCX,0.2138888888888888,0.7955043667014199,0.7822273076718789,5.249719620463695,1.9219555156800097,0.2222048200597795,1245
PID,0.3066666666666666,0.8509117064270219,0.931197311232877,5.6082615981301895,2.511935575155816,0.2008751001090247,1246
GSCX,0.2663888888888889,0.8047457190608177,0.8502335601502427,5.307230157524694,2.004165861735547,0.214508872285657,1246
PID,0.2719444444444444,0.8553390788606587,0.90914450445497,5.642653939678941,2.334915950643648,0.2035820349522903,1247
GSCX,0.0,0.4223626595317903,0.3069982547845258,2.8390420267253846,1.175134497773476,0.3755950186418428,1247
PID,0.6355555555555555,0.9233815029848262,1.605005878495939,6.108394380903667,3.762474475227581,0.1561031979041111,1248
GSCX,0.2563888888888889,0.8240930756971735,0.8781330336590457,5.443939415299971,2.230234471152309,0.2098114531908586,1248
PID,0.5316666666666666,0.9057095723696555,1.3618582170348488,5.986626076068843,3.4610164766677887,0.1681259687819711,1249
GSCX,0.045,0.5359056227752798,0.4349901097687647,3.6437940434039775,1.4359758042848425,0.3113042354190996,1249
PID,0.2369444444444444,0.8254412136789079,0.8652429491997965,5.432698390178596,2.2521650497974357,0.2113331869089139,1250
GSCX,0.0047222222222222,0.3802890076283214,0.2792435290656023,2.574156019269568,1.258554445317783,0.3944771155991351,1250
PID,0.1380555555555555,0.618146272172077,0.5510357839402313,4.202347001119491,2.5335588873050328,0.263351301510307,1251
GSCX,0.0,0.3668586937400468,0.259509174701436,2.482447719705789,1.0336064455891991,0.409259750735781,1251
PID,0.7163888888888889,0.9376345236142444,2.0210100556737647,6.196485582220147,4.4881830613393054,0.141466979049999,1252
GSCX,0.0,0.4210417406123034,0.2986342635742701,2.852449095422587,1.0550033726039514,0.3783687978917776,1252
PID,0.6997222222222222,0.937272723113598,1.8298560630264136,6.195249464052835,4.2046631088058914,0.1469025558831469,1253
GSCX,0.1155555555555555,0.6652954482444776,0.5994688984241372,4.379089868187887,1.8632650823368595,0.2610538311347609,1253
PID,0.6816666666666666,0.9333014240133544,1.8395452333967792,6.167404616632761,4.416593375268483,0.1467623875698798,1254
GSCX,0.2444444444444444,0.8074417250996938,0.8484000405428477,5.317690534686284,2.3968739829019285,0.2132264435233327,1254
PID,0.3522222222222222,0.8766431797698634,1.063813588744559,5.817250546975943,2.7122071156011534,0.1894510206258011,1255
GSCX,0.0,0.3239001273749851,0.2319750626393227,2.1695373980773005,1.1235152440274925,0.4357132268229211,1255
PID,0.2944444444444444,0.8617045519255736,0.949991572925464,5.685209639299898,2.5385846151944342,0.199137505568571,1256
GSCX,0.0,0.3099780743918917,0.2195460690034435,2.0839150365278383,0.8838350828549439,0.451177764837718,1256
PID,0.6455555555555555,0.9263074647552186,1.6373024241641088,6.110480414964623,3.457099715267375,0.1558373550450149,1257
GSCX,0.0,0.4080423093540903,0.2823718698318821,2.7383980432458475,0.9352942076650488,0.3898783348509296,1257
PID,0.1072222222222222,0.5886958030729564,0.5132816007859211,3.945366798370377,2.600029312738372,0.2755104043367898,1258
GSCX,0.0575,0.5316381560387282,0.4309671749139288,3.6113116625402855,1.810578507228278,0.3075002794088629,1258
PID,0.3008333333333333,0.840103709271026,0.8991450608323768,5.535410276885543,2.4290914885918498,0.2042139906185637,1259
GSCX,0.0,0.3635624951418928,0.2607472677319409,2.43664638379057,1.143144535107395,0.4097640720652923,1259
PID,0.2508333333333333,0.8593584163761417,0.8879143804600201,5.687503833221377,2.676138895298988,0.203003911885542,1260
GSCX,0.0352777777777777,0.5168577573162131,0.3984269586907804,3.5137445112741736,1.46986762022474,0.3213028840685475,1260
PID,0.6866666666666666,0.9332081590839908,2.052409691965479,6.159928699243743,5.357419676090639,0.1396038466196154,1261
GSCX,0.1605555555555555,0.7159236799393558,0.6783793715539483,4.678752238407314,1.8812753335834125,0.2443640580050889,1261
PID,0.7291666666666666,0.9414737375719509,2.015503888714753,6.234778955625158,5.580117312894992,0.1384721101817079,1262
GSCX,0.0,0.362982405942663,0.2511208673061216,2.445588427249841,0.8647804794231326,0.4167874232197945,1262
PID,0.4911111111111111,0.9036121581629308,1.2492654745599951,5.963824178017393,2.9625435279575627,0.174985099888687,1263
GSCX,0.0,0.4115118647181491,0.2945679147524637,2.7916604657680044,0.9478260236638172,0.3846116374315764,1263
PID,0.7036111111111111,0.9349182880311844,1.8763084070998528,6.187342825454996,4.794989854400776,0.1443161302796886,1264
GSCX,0.1575,0.727546932102944,0.7090488640802173,4.7568988361874425,2.0876232516622517,0.2392184683188987,1264
PID,0.2108333333333333,0.7966968790818885,0.74168501239732,5.285757613133293,2.2560776960256046,0.2219290327300477,1265
GSCX,0.0,0.4374641188415757,0.3176557388941283,2.955099766103139,1.060316019086985,0.369303083544043,1265
PID,0.5280555555555555,0.9043825600769604,1.3911240026227338,6.025752301917294,3.848406821307592,0.1656702639950235,1266
GSCX,0.2772222222222222,0.8171331282585329,0.8724795309073196,5.384063365786608,2.285907145058152,0.209934492803459,1266
PID,0.0872222222222222,0.7161512883957667,0.5680973139969064,4.675756777370815,1.9698058795226137,0.2559319311138557,1267
GSCX,0.0,0.3045997008544163,0.216338544995604,2.045148716430792,0.8861769046262633,0.4551276985443051,1267
PID,0.1083333333333333,0.7812293441059726,0.6475619182460097,5.143079875746367,2.0268312948968017,0.2372196513167896,1268
GSCX,0.0013888888888888,0.4523807373573782,0.3322410482897494,3.077597174813805,1.2047258484336618,0.3581467569800764,1268
PID,0.6666666666666666,0.9308329989856396,1.7012371345677553,6.152941824375769,3.995961997920484,0.1517462785132772,1269
GSCX,0.0,0.387172019808938,0.2744230146804923,2.5976311604011,1.0774697514581697,0.3976838888123646,1269
PID,0.3216666666666666,0.8646936224283899,0.9534898439135536,5.708291526077493,2.2305345406953028,0.1989976962015006,1270
GSCX,0.0294444444444444,0.5659273763679887,0.4459338361749144,3.86185427768401,1.6164466321783282,0.301181089776661,1270
PID,0.6422222222222222,0.9295049682814192,1.665923013233125,6.148140940993357,3.809413824679768,0.1537989787112197,1271
GSCX,0.0,0.3215623009939485,0.2283496687069288,2.1683188979931654,1.081777472235445,0.4377109746671457,1271
PID,0.1961111111111111,0.8331886260089612,0.8090608612681237,5.508143839765413,2.336008345072611,0.2141701716716579,1272
GSCX,0.2061111111111111,0.7750383852300984,0.7890345792740807,5.107360567500931,2.961058758720067,0.2190235213689703,1272
PID,0.2833333333333333,0.8279534068196386,0.8764791554134274,5.455407575532295,2.530478754164786,0.2069069881428845,1273
GSCX,0.0,0.4060308957426908,0.2786107221149637,2.743444490244575,0.9324668471868184,0.3904286737560113,1273
PID,0.2436111111111111,0.8454250121217853,0.8454401022815664,5.586447842458772,2.215940347450754,0.2094150464411437,1274
GSCX,0.0,0.470957725600909,0.3411007389683395,3.1908866966124143,1.1790282606622304,0.3514400489475021,1274
PID,0.6355555555555555,0.925905404971622,1.6643984028105248,6.117934709252032,4.877302460868085,0.1512949789371072,1275
GSCX,0.0233333333333333,0.4898542690952474,0.3741405432992485,3.333735897919211,1.3395017445946913,0.3352475829877271,1275
PID,0.4133333333333333,0.8730612481109308,1.1706000443183413,5.746617474193426,3.572318779967456,0.1807055183647348,1276
GSCX,0.0158333333333333,0.5062742910430662,0.3920543512628373,3.449027252985257,1.408028456080621,0.327757145949766,1276
PID,0.2786111111111111,0.8496466392035149,0.8806832034934101,5.610111918530464,2.211710513529198,0.2058185710376542,1277
GSCX,0.1908333333333333,0.7777670928897099,0.7924876004586324,5.123312889412714,2.973148146316849,0.2191779777314043,1277
PID,0.5016666666666667,0.8768410142455658,1.3815018918280604,5.778644011449594,4.556922435628576,0.1670773064755745,1278
GSCX,0.0,0.4117290207021537,0.2927961445917498,2.778542888553977,1.1127870618683544,0.3826464805662243,1278
PID,0.4902777777777777,0.90409242996909,1.383099056140577,5.955834020351437,4.024193544038277,0.167057205611722,1279
GSCX,0.2888888888888888,0.829766392629303,0.8985672774233157,5.485302406787248,2.121307553553444,0.2072487093224777,1279
PID,0.5325,0.8874019412045968,1.3117345147697363,5.8503806354355765,3.071632695111768,0.1726827021813674,1280
GSCX,0.1425,0.6652944960079891,0.6303542629346802,4.338406855992353,2.43072690696045,0.253459606989216,1280
PID,0.275,0.8688210811034718,0.9192053473594148,5.73852214716931,2.1314206332686423,0.2023739027014995,1281
GSCX,0.0119444444444444,0.4715587962705023,0.3482847593222246,3.174062906327765,1.4767625056390392,0.3453762991206489,1281
PID,0.2725,0.8600994060607544,0.8758898786799685,5.677276787667967,2.144873747142341,0.2054461588877255,1282
GSCX,0.0,0.4918358515194356,0.3482405789319707,3.3274938750793392,1.12514944269393,0.3443488748459681,1282
PID,0.295,0.8590222268559667,0.9218410133071946,5.662662927624928,2.366110720576809,0.2015539638135849,1283
GSCX,0.0,0.3487658878534711,0.2459696726680584,2.332229768104419,1.1178947774918613,0.4205322195744635,1283
PID,0.1827777777777778,0.758523167196584,0.7147709441336779,4.961076180707014,2.1417139239118224,0.2323558507646359,1284
GSCX,0.0036111111111111,0.374886447183009,0.2743218131760973,2.5244051717236844,1.2313528628073478,0.3991429346693189,1284
PID,0.2108333333333333,0.8271678915234257,0.7929512217126465,5.4400868098579,2.0418459665629585,0.2171855857907766,1285
GSCX,0.0,0.3000979661509074,0.2162976435334814,2.009478690382112,1.0304905631703956,0.4545562188770329,1285
PID,0.5494444444444444,0.9127122144032056,1.354140184939558,6.030924581110811,3.156724017918061,0.1683686030143866,1286
GSCX,0.0,0.3657187247711941,0.2539042427634843,2.460035093762232,0.8687083982609353,0.4150883996019978,1286
PID,0.4558333333333333,0.8941092955623293,1.167301760978048,5.924048806858482,2.94178596005287,0.1795768714250346,1287
GSCX,0.1405555555555555,0.7024206764856712,0.6506001031848346,4.800417934279986,2.22595467869968,0.2427440282921663,1287
PID,0.6158333333333333,0.92152365575903,1.644846623986992,6.080225238678156,4.056405001401875,0.1549259232124664,1288
GSCX,0.0591666666666666,0.5665468007912977,0.4699486319101898,3.8448037624099367,1.6330140471573755,0.2964984225982365,1288
PID,0.3927777777777778,0.8825338829772682,1.1129244875313722,5.855244256073319,3.0373241573818364,0.1842316380523942,1289
GSCX,0.0052777777777777,0.343281750287255,0.2487578966053718,2.314264277069529,1.2741088133992338,0.4173145812426009,1289
PID,0.6311111111111111,0.9261468823200965,1.7205178320808026,6.108414721959393,4.768212801259421,0.1503628817427359,1290
GSCX,0.0,0.4952794942607081,0.3590038325731666,3.346937556611845,0.9481653050084092,0.3444726641826567,1290
PID,0.1455555555555555,0.6456056860931603,0.5857531939939963,4.292137374811965,2.6580537314234327,0.2563037157763608,1291
GSCX,0.1838888888888888,0.6846563580511493,0.6845242707570333,4.452226775005335,2.029386784573432,0.2471108581042539,1291
PID,0.4575,0.8728214913064125,1.2476967963106662,5.7501795141536265,3.947914987685296,0.1751605283686571,1292
GSCX,0.0572222222222222,0.6051111397095743,0.510765489584847,4.093920586781438,1.9129911240136253,0.2813892989144795,1292
PID,0.6852777777777778,0.9373440360974956,1.965947382472366,6.189477682682975,5.027759262702762,0.1420601243679608,1293
GSCX,0.28,0.7965099535692338,0.8411951719226838,5.249213569028387,2.046669960942303,0.2152125434281301,1293
PID,0.3358333333333333,0.8498094710743832,0.9864901002662084,5.609046397628642,3.33972979081765,0.193523896222787,1294
GSCX,0.0,0.3704659557201317,0.260654732448569,2.4864801643259398,0.8691259933884465,0.4118627913109489,1294
PID,0.2911111111111111,0.8498945391715264,0.9331396157427572,5.595704420651962,2.626064560874474,0.201059926586021,1295
GSCX,0.0,0.3162902552292728,0.2239350441784965,2.1208039010208672,0.885849943621494,0.4469788099179953,1295
PID,0.5133333333333333,0.9072547013667944,1.3844700982845417,6.034076543050148,3.904285603884584,0.1659763125490125,1296
GSCX,0.0,0.4340496389766364,0.3097002927639424,2.9322132138512496,1.1771623875728494,0.3698872194461754,1296
PID,0.6316666666666667,0.926087404795074,1.6077303971614625,6.108567221144682,4.104774514548701,0.1550993348810067,1297
GSCX,0.0,0.3793125451642098,0.2624540212604154,2.568835140063276,1.1169810504514337,0.4012003764755157,1297
PID,0.4044444444444444,0.8669853257375616,1.0600127307780742,5.733233444378282,2.901028513052786,0.1881341187941538,1298
GSCX,0.0,0.4183455566306027,0.3017426567462167,2.8188737548529006,1.1956821344146806,0.3773214570726009,1298
PID,0.4091666666666667,0.8780631460117441,1.125386099567696,5.788693086818037,3.530472754929827,0.1820857119830169,1299
GSCX,0.0,0.3886382043645419,0.274865131223506,2.6065956261956837,1.1391278053013096,0.3958447946880382,1299
PID,0.2833333333333333,0.8540362572720138,0.9582122178126098,5.624132000848481,2.5832493487080725,0.1999952316800252,1300
GSCX,0.1611111111111111,0.6871579837045559,0.6519604133872017,4.49600898440981,2.202537652085914,0.2484227440436449,1300
PID,0.2347222222222222,0.8490539422965374,0.8501170171711131,5.637879832744994,2.3802513526274063,0.2078650601691836,1301
GSCX,0.0233333333333333,0.4041675825264482,0.3097727163483104,2.732688896962261,1.4965472125898114,0.3728580915854236,1301
PID,0.1063888888888889,0.5609273409128469,0.4940532825629166,3.760282213746024,2.873702875922541,0.2806459857516937,1302
GSCX,0.0030555555555555,0.3876645212802631,0.2792638505065662,2.612227377801643,1.224417385149608,0.3927877115197162,1302
PID,0.6316666666666667,0.9285297993537112,1.655054866815475,6.134105274962778,3.7280089417158906,0.1546942747481529,1303
GSCX,0.0,0.3216353784658495,0.2267735658492919,2.151713412107926,1.033035306071897,0.4402860360357418,1303
PID,0.2788888888888889,0.8485619626913432,0.9068537003419193,5.578550437840036,2.3749226517406097,0.2042582028674684,1304
GSCX,0.1180555555555555,0.7055122762016098,0.6391745655299966,4.610130702257096,1.823464499854761,0.2518263969004108,1304
PID,0.2463888888888888,0.8569291960438848,0.9056667649212232,5.659771770944568,2.9440816468520223,0.2015133497004343,1305
GSCX,0.0125,0.4234373675933762,0.3172715452832687,2.8792335407691096,1.4676249149650011,0.3655114714717853,1305
PID,0.7263888888888889,0.9402335631111324,1.9393539458358704,6.210758663494479,4.306625898990544,0.1434032228869094,1306
GSCX,0.0719444444444444,0.5987325957918496,0.5013051162609236,4.007330437941885,1.8280635831751029,0.2845158218559399,1306
PID,0.7377777777777778,0.9431332938004297,2.0793403899371,6.231033637967358,4.833462980067436,0.1386897242843836,1307
GSCX,0.0,0.3951794115161858,0.2770900847680795,2.64623863917174,0.9653035540408904,0.3960945428818029,1307
PID,0.6675,0.9322830464880382,1.7337275275823534,6.166815152084111,4.038948293301133,0.1506662442558727,1308
GSCX,0.1672222222222222,0.6780168579337278,0.6600837731226337,4.40801467716522,2.0672863252560942,0.2506704522931806,1308
PID,0.2647222222222222,0.8545930256943938,0.9041750101499968,5.635831369990385,2.428538516899362,0.203755324884277,1309
GSCX,0.0,0.3858829161619715,0.2736930965314759,2.6045604716836723,0.9520846569228048,0.3999110530029147,1309
PID,0.1166666666666666,0.674700007814319,0.5596194977008596,4.537463621936897,2.514031317860896,0.2547342913513188,1310
GSCX,0.0044444444444444,0.3615186677637622,0.2645674482613735,2.4270432843520404,1.2533264531395496,0.4068321169418907,1310
PID,0.0986111111111111,0.5777007605279058,0.4785827181902722,3.8502377722181818,2.729447206906941,0.2808882777273404,1311
GSCX,0.0,0.38331157672689,0.2680069394198175,2.6034389134680382,1.183975940922551,0.3967343092235515,1311
PID,0.6361111111111111,0.9244219103429469,1.673087009313465,6.097231314412316,4.104766391164034,0.1533954165654594,1312
GSCX,0.2486111111111111,0.8138273929994668,0.8571758466140482,5.373372140229172,2.2958984963284315,0.2121378966695127,1312
PID,0.6916666666666667,0.9345438162498412,1.7620350529987454,6.170767125151345,4.302092787266788,0.14866639765648,1313
GSCX,0.0438888888888888,0.5012605918872848,0.4027709220198619,3.4135433383825213,1.742098560603561,0.3208937620172014,1313
PID,0.6988888888888889,0.9347336291044088,1.849058691801971,6.186064503946665,3.971884037964729,0.1471620047860662,1314
GSCX,0.1991666666666666,0.7913044095985773,0.7862551890797405,5.203335956992527,1.9353399151870927,0.2235364809320093,1314
PID,0.6647222222222222,0.9301007901950976,1.6824159258383753,6.164860073850937,3.975040869297126,0.1522387231040304,1315
GSCX,0.2330555555555555,0.8152316387615076,0.8386023440697439,5.378537336148242,1.9913626027081464,0.2153397739566261,1315
PID,0.2916666666666667,0.8389083599426327,0.9114127881290852,5.5425182113832046,2.440216292696605,0.2038970091256286,1316
GSCX,0.0,0.3694846416072067,0.2620241159663883,2.4944632830745457,1.1266099529475098,0.406050153835062,1316
PID,0.3380555555555555,0.8681967629464511,0.9839727468561554,5.750931715339563,2.8565591263902395,0.1935461151416324,1317
GSCX,0.2922222222222222,0.795882848777009,0.8746883824193752,5.243225702465753,2.20476503919177,0.2122138616206315,1317
PID,0.3375,0.8507055746132619,0.9620714496520816,5.602199917753486,2.9834137159976994,0.1961793783440997,1318
GSCX,0.0030555555555555,0.4367764309926181,0.3248452439932902,2.9647269229697164,1.2111485797574957,0.3649732313177795,1318
PID,0.4677777777777778,0.8990337861323614,1.2183969442903582,5.929966752852726,3.2312765983137286,0.1761859595413694,1319
GSCX,0.0102777777777777,0.5339255633418737,0.4015122062277236,3.629554941739522,1.2428753077646093,0.3213680535538596,1319
PID,0.1483333333333333,0.7177070987673416,0.6326280270845754,4.7595648303165605,2.085859208210165,0.2448973702404222,1320
GSCX,0.2355555555555555,0.8057298712100401,0.8254577168720736,5.310973322232298,2.052132513876763,0.2168616880048866,1320
PID,0.2894444444444444,0.8545067383633504,0.9545415249985196,5.631361959560018,2.7903404469353625,0.1988156277225897,1321
GSCX,0.0044444444444444,0.3954841004644123,0.2886341857234367,2.6860617567469074,1.2508789659426025,0.3860799663870513,1321
PID,0.3188888888888889,0.869350673827072,0.9889352851938188,5.757822658883259,3.568624546635117,0.190788779465523,1322
GSCX,0.1152777777777777,0.6368477029750529,0.5985939793349688,4.149043288984052,2.645384750652584,0.2611017907888565,1322
PID,0.6661111111111111,0.9297520024588106,1.6885275274794056,6.143672079023208,3.901907649408487,0.1524298707433981,1323
GSCX,0.2125,0.7392167381275109,0.7524801034565692,4.854321310326218,2.2038931710752827,0.2306084105782143,1323
PID,0.3733333333333333,0.872098628172506,1.0569463449736352,5.736858582364902,2.830407263591989,0.1895386754722528,1324
GSCX,0.0,0.3515505728501099,0.2519968496456057,2.367240069691462,0.9850387722453487,0.4197918474001622,1324
PID,0.0,0.543897282976873,0.3145320807232554,3.561631448373737,0.8930729586258784,0.3396186756231174,1325
GSCX,0.0033333333333333,0.3655350707628095,0.2694506295129655,2.45842917524477,1.2292924927721405,0.4045004529292026,1325
PID,0.6,0.9198005829210516,1.623995178145973,6.080380995160435,4.382923645772697,0.1549333295030943,1326
GSCX,0.1738888888888889,0.69184859488456,0.6690790603857536,4.52002553290231,2.0760663609218954,0.246770719934411,1326
PID,0.0,0.6236807280909468,0.3868343408770234,4.171722350107152,1.0430639967702329,0.303817964475285,1327
GSCX,0.0422222222222222,0.4817845622068568,0.3736926560738815,3.281403375659204,1.52162226913477,0.3332030453144304,1327
PID,0.6930555555555555,0.9343332470106211,1.8295742056601665,6.172258836544491,4.021523892629972,0.1477342601599787,1328
GSCX,0.0083333333333333,0.356488359440365,0.2641250836215974,2.396106813043105,1.3713531328372368,0.4060929458575066,1328
PID,0.4675,0.8659107784112136,1.2374627427188811,5.69509214602049,3.742498506912355,0.1766550075667383,1329
GSCX,0.0183333333333333,0.4049364821466543,0.3082347079733539,2.73604358360178,1.565257446652576,0.3724312841353775,1329
PID,0.5980555555555556,0.9189245561224144,1.5728906284970958,6.076354415821676,3.94687496603989,0.1576764709808457,1330
GSCX,0.0,0.3479100757652386,0.2421104439051898,2.3293371369526685,0.8303917072478936,0.4277533151838333,1330
PID,0.7186111111111111,0.9386103073903234,2.116802368184249,6.20987002233781,5.433472162472144,0.1370813283671357,1331
GSCX,0.1802777777777778,0.7794084108157767,0.7482033901319327,5.145521174899449,1.7892439870159005,0.2288498679069222,1331
PID,0.2952777777777777,0.8627108411960273,0.9577061021521296,5.706144528743022,3.399340721283287,0.1944751235321865,1332
GSCX,0.2275,0.7977840798237467,0.806496261971311,5.264370969052482,2.061945194925739,0.2191246764461186,1332
PID,0.2808333333333333,0.8736155098026489,0.9389600687752916,5.762075037377486,2.305928938449098,0.1999898355528718,1333
GSCX,0.0069444444444444,0.3410856439797938,0.2382240477699977,2.287580112959565,1.3356976766338224,0.419565832036777,1333
PID,0.4383333333333333,0.8899699936906368,1.1359758412802825,5.903842453325041,2.818192294580816,0.1820524936414228,1334
GSCX,0.0144444444444444,0.4552493226415516,0.3352111971577517,3.072522706892022,1.3421509811554162,0.3540474679701068,1334
PID,0.2994444444444444,0.8355226569317319,0.9276007489201372,5.5213366992108535,3.101937390281487,0.199980370109514,1335
GSCX,0.1675,0.6894316647492331,0.6684072885057316,4.495366642317531,2.327496825265104,0.2459619074507414,1335
PID,0.7255555555555555,0.9396907276489208,2.0067576712602144,6.212211913448144,4.861688487939329,0.1405772487930755,1336
GSCX,0.0372222222222222,0.4993583802063447,0.400248073364603,3.4109222367940526,1.7384766228363078,0.3220978774196159,1336
PID,0.4436111111111111,0.8999361828379479,1.2271659699187856,5.931781149698699,3.328803953697961,0.176241116999095,1337
GSCX,0.1716666666666666,0.6798585265039633,0.6631711515049751,4.427169825455567,2.58389827860692,0.2459015283303322,1337
PID,0.2483333333333333,0.82085589279263,0.8590402421911947,5.421905636151429,2.8451865185781235,0.208257314797812,1338
GSCX,0.0,0.4185719783002356,0.3067153823412498,2.8298522309281813,1.1032738551799943,0.3775600286533131,1338
PID,0.7069444444444445,0.936969034449,1.8015829028941488,6.198075430151062,4.050385093532333,0.1478044903383687,1339
GSCX,0.1772222222222222,0.6965825571887172,0.7017822545023282,4.540693851243516,2.8227346368107744,0.2386284102531196,1339
PID,0.2736111111111111,0.8457015724591029,0.8721101887798289,5.597908397517348,2.272514539151982,0.2063784261515031,1340
GSCX,0.0105555555555555,0.392175541910345,0.2833421237508352,2.646431101479974,1.3219962492390032,0.3870566220431434,1340
PID,0.6083333333333333,0.9221825157241276,1.5893869908670588,6.086759845922657,4.234735129107828,0.1560019735121861,1341
GSCX,0.0083333333333333,0.4527999248461286,0.3338471709337198,3.0619846516045253,1.3245945557831929,0.3558755383036183,1341
PID,0.2725,0.8636685089819368,0.8953326967360591,5.704252010415213,2.394900267490448,0.2028441578087255,1342
GSCX,0.0580555555555555,0.5253790096300816,0.4332203370357617,3.5687359545275568,1.488381340900518,0.3126287810153842,1342
PID,0.2825,0.8624328559021902,0.9278734141221716,5.703068254401648,2.404364286256298,0.2009705614381731,1343
GSCX,0.1422222222222222,0.6846103464821955,0.6312521911551745,4.472707263022784,2.3738087547257347,0.250314214362238,1343
PID,0.2630555555555555,0.8367453546126307,0.865387344124705,5.499933142598786,2.479685883717344,0.2077250473331308,1344
GSCX,0.0358333333333333,0.523472378293036,0.4246301847560747,3.5603322376139843,1.6881037348292225,0.3137572017578994,1344
PID,0.2975,0.8517236114270147,0.9126651535006826,5.640802280350439,2.268909704161196,0.20278804125633,1345
GSCX,0.0072222222222222,0.3960953735898428,0.2922479801723359,2.6542953670933245,1.3351405546159447,0.3851845446223816,1345
PID,0.3205555555555555,0.8562472749681016,0.9488367926749972,5.645855712097935,2.652643727687667,0.1982571590710764,1346
GSCX,0.0,0.3726173390865797,0.2684749809125986,2.4955261610594253,1.094013405182917,0.4052330094394938,1346
PID,0.4177777777777778,0.8770135007641988,1.2203002877690667,5.773202113233668,3.546163289420284,0.1785419530794427,1347
GSCX,0.265,0.8235185211543327,0.8664492637377766,5.4238295560006895,2.038409390783816,0.2113437937561209,1347
PID,0.3011111111111111,0.8488747587081502,0.9526999884661504,5.594562536922939,2.9590807667832504,0.1982450822043653,1348
GSCX,0.2888888888888888,0.8201237987488352,0.8688180263948937,5.426887638574852,1.856448196297611,0.2111562778989787,1348
PID,0.2413888888888888,0.7877950916634209,0.8212403918659273,5.185925564043167,2.5296983492395446,0.2165487010879958,1349
GSCX,0.2866666666666667,0.8166221527560751,0.8803447959686319,5.392398858003718,2.0858281251379145,0.210076756559442,1349
PID,0.5191666666666667,0.854765811039776,1.3090614771817972,5.630145866864784,3.5282385569191907,0.174285299091912,1350
GSCX,0.0,0.3833137882708968,0.2795876906906168,2.5943819504379078,1.0232144441368716,0.3982703785865169,1350
PID,0.1391666666666666,0.6909520624668,0.6193824670228484,4.730636797662308,2.178419964618485,0.2470020689858686,1351
GSCX,0.0291666666666666,0.5139114828706945,0.4095854636125543,3.477061431788739,1.421685937889754,0.3227321567064021,1351
PID,0.2683333333333333,0.8417061694490265,0.9051844259664868,5.561359245767592,2.399689027519836,0.2050338938492834,1352
GSCX,0.1908333333333333,0.7332155502756332,0.7453085628584946,4.7916314795706745,2.7620501976133034,0.2299306846168789,1352
PID,0.2516666666666666,0.831979017473998,0.8727374072096661,5.472230244078742,2.5160916688389308,0.2081910712498626,1353
GSCX,0.0,0.3254281703388762,0.2301346300916323,2.179759861724815,0.9044206606844508,0.4403274414521184,1353
PID,0.2969444444444444,0.8624139608321656,0.9135405797494458,5.697014223344448,2.362577777191724,0.2013129762772925,1354
GSCX,0.0,0.3685300522364141,0.2552406134182763,2.456527466164343,1.0407030286890238,0.4113073025461783,1354
PID,0.4744444444444444,0.8953812271115914,1.2121970127847432,5.908661344854946,3.099328378400294,0.176968173182558,1355
GSCX,0.1555555555555555,0.6903444204641576,0.6730055500947735,4.732672283377905,2.142554188946017,0.2427150031285226,1355
PID,0.7008333333333333,0.9373177398121288,2.1159191483813227,6.191290518606618,5.35909890588882,0.1377376142116449,1356
GSCX,0.0433333333333333,0.4876483228117203,0.3928935020720108,3.3230304347519084,1.607739222676519,0.3277670523367032,1356
PID,0.3,0.8503986863557913,0.9049485204296696,5.610824960806541,2.3567187253448107,0.2030573218178663,1357
GSCX,0.0138888888888888,0.4146514952439454,0.3084988278342921,2.79833974844164,1.450652363057954,0.3712878683631656,1357
PID,0.2566666666666666,0.8249055886838214,0.8449110733713429,5.430528383670934,2.5513276106530243,0.209902326555984,1358
GSCX,0.1922222222222222,0.6930247215199083,0.6911723221347204,4.534940614067447,2.4293289784574994,0.2413639033781792,1358
PID,0.25,0.8236799093690347,0.8416623546310976,5.444291060538924,2.5951091238028567,0.2099341020580809,1359
GSCX,0.2222222222222222,0.8049954353610019,0.8119014981100106,5.298723602868466,1.902636636082225,0.2192774972796062,1359
PID,0.2813888888888889,0.8255722792864217,0.8969560261245905,5.4304019771745615,2.617188146768531,0.2060049914055205,1360
GSCX,0.0,0.4281698090344158,0.3213958985495069,2.903334329802031,1.192526856503464,0.3696198858471349,1360
PID,0.3355555555555555,0.8332347311274763,0.9833822512078184,5.4994535146498045,2.9794720472687937,0.1970607585163459,1361
GSCX,0.1588888888888888,0.6778097877369528,0.642272761379528,4.410276017744812,1.886789305757251,0.2537803982223763,1361
PID,0.2694444444444444,0.8534221600144184,0.883357190419407,5.625057139812798,2.117265917469925,0.2062698086658326,1362
GSCX,0.0,0.4501879350455524,0.3178131215044742,3.0336488368189456,1.1448697010293822,0.3634591988947185,1362
PID,0.0,0.5469053747982416,0.3328820065808355,3.6832948896009294,1.1812539491420104,0.3286034901483738,1363
GSCX,0.0,0.384210233934195,0.2682188236042532,2.568030708790886,1.0285372728843418,0.4015789228593721,1363
PID,0.6572222222222223,0.9286265450894992,1.6797754892883567,6.137144594454886,3.752377342405084,0.1533473480723832,1364
GSCX,0.0008333333333333,0.3741077777813017,0.2740605672254658,2.512875327491699,1.2008606763385274,0.400920818407252,1364
PID,0.6613888888888889,0.9298533544286052,1.6879300326424982,6.143971270469899,4.048674038531681,0.1521426994967375,1365
GSCX,0.0419444444444444,0.452538212982826,0.3617532929839524,3.077031766950712,1.5639459522920969,0.3438612299950918,1365
PID,0.2680555555555555,0.861675911696656,0.8690536000377048,5.681029454097375,1.9607510663079892,0.2068073059815814,1366
GSCX,0.0,0.3999035675527748,0.279149733273072,2.700984002021676,1.0218027634328637,0.3913921830580504,1366
PID,0.2161111111111111,0.8452170397068893,0.8225649900138499,5.570502583146276,2.0230657167837443,0.2130504451518035,1367
GSCX,0.27,0.8082586866437421,0.8495857741855444,5.315378671862496,2.1560991592541496,0.2133390135053372,1367
PID,0.6044444444444445,0.9209714643688308,1.514087233117791,6.088328521109996,4.065839466940759,0.158649744003381,1368
GSCX,0.0319444444444444,0.4915308636736368,0.3922060823491582,3.3407145991769154,1.3470277075668848,0.331625081875159,1368
PID,0.2794444444444444,0.8550640532862448,0.8918631230014915,5.63845013802827,2.262598436479613,0.2044888549131911,1369
GSCX,0.1441666666666666,0.7757187503226303,0.7399062339963997,5.12829096548662,2.101791985406852,0.2296604739257834,1369
PID,0.185,0.7625789449501368,0.7117655944578521,4.989664438610245,2.212053953004789,0.231324496378115,1370
GSCX,0.0466666666666666,0.4738918972626416,0.3847146324388969,3.223525697975477,1.8073857797236488,0.33022651778615,1370
PID,0.2652777777777778,0.855172922797464,0.9004047593784027,5.639894321507385,2.2434338495306085,0.2047616962740936,1371
GSCX,0.0,0.3284312857628719,0.2320203583838639,2.22519787723896,0.9585701654105078,0.4353762063512952,1371
PID,0.2275,0.7742997349260289,0.7768572038542664,5.095144633921954,2.514380223610852,0.2214592187529827,1372
GSCX,0.2313888888888889,0.8107894961786409,0.8401620288623791,5.365023939968061,3.076658985414078,0.209758825858492,1372
PID,0.2883333333333333,0.8548798082927654,0.9116027683496332,5.634721019027049,2.3642410954752133,0.20277174454856,1373
GSCX,0.0908333333333333,0.681215664769567,0.6103872848217924,4.625481545114295,2.502916311146349,0.2507475477771889,1373
PID,0.2861111111111111,0.8552340809180391,0.9057721319653214,5.646245282789893,2.273969357244288,0.2034017740731658,1374
GSCX,0.0,0.387394195673873,0.2785002968333951,2.616998551910364,1.112717775109981,0.3952329623242767,1374
PID,0.7375,0.9418666816430832,2.081207806458125,6.217943817843545,4.205729194894387,0.1402202719288943,1375
GSCX,0.2311111111111111,0.8017434627288433,0.8383092476748215,5.268485479486389,2.2839151372269475,0.2158859421824626,1375
PID,0.5980555555555556,0.91871805487853,1.473331248403042,6.071471836555751,3.5181391459842226,0.1618297142306098,1376
GSCX,0.0052777777777777,0.3973635936247729,0.2806383210935497,2.678075560165708,1.2632945269998743,0.387339372977999,1376
PID,0.6630555555555555,0.930447148667546,1.7370845243901587,6.154196409196797,4.068736610021248,0.1507211959706264,1377
GSCX,0.0094444444444444,0.3976878193219031,0.3041927909995948,2.692886385394298,1.4223314432393743,0.3793330203814249,1377
PID,0.2963888888888888,0.8599352269557732,0.919507028740752,5.690030774767587,2.5012351733532125,0.2005424084718393,1378
GSCX,0.0061111111111111,0.3428070690404843,0.2402216387074101,2.300034033536166,1.2586290678321266,0.4200506128448428,1378
PID,0.295,0.839040479300879,0.8952267451863034,5.530084202069017,2.246296820825625,0.2056596412588336,1379
GSCX,0.1922222222222222,0.7296940414081369,0.7343914690314167,4.780296331457536,2.0284316875381427,0.2355751074611159,1379
PID,0.2716666666666666,0.8043410741231896,0.8812932927722088,5.299672682127008,2.7258910365066567,0.2089848813532014,1380
GSCX,0.0311111111111111,0.4756791215206487,0.3725138791989179,3.2447537879233184,1.5523253507434631,0.335922754609293,1380
PID,0.7025,0.9362476299634088,1.7843636044310458,6.186059992272162,4.113853228577951,0.1482492918736258,1381
GSCX,0.2238888888888889,0.7958980765615388,0.8051831100753205,5.23193779882909,2.4466617361343177,0.2177452785350873,1381
PID,0.2380555555555555,0.852143546286008,0.8876881629700754,5.674544567528293,2.8154978435404763,0.2031724372192258,1382
GSCX,0.3025,0.819950196030318,0.9042740895274106,5.408378003787836,2.3377044019772675,0.2066271135481291,1382
PID,0.3041666666666666,0.861539840552869,0.9172789908943382,5.690994655804041,2.372631799641692,0.2009068763462594,1383
GSCX,0.1341666666666666,0.6600865983996596,0.605827183997859,4.31680939246577,1.7176804775551573,0.2621492765670715,1383
PID,0.4788888888888888,0.8940355311082878,1.2325802966272057,5.8941325051246345,3.453086717561858,0.1749977254252825,1384
GSCX,0.0036111111111111,0.3932028125880714,0.289754068145279,2.668654307921287,1.2349799245686792,0.3873704150855153,1384
PID,0.2877777777777778,0.8376826318197296,0.9406916468525036,5.505245375580335,2.668424285510957,0.202161405866894,1385
GSCX,0.0197222222222222,0.3812911788233709,0.2888344039629573,2.5516449652130526,1.4778910690144265,0.3876804814599221,1385
PID,0.2802777777777778,0.8541937457834888,0.9164299178796096,5.636233509820119,2.567722749464993,0.2018755721849044,1386
GSCX,0.1544444444444444,0.6316652911667691,0.6236349969032399,4.271385825064652,2.312401140820541,0.2565967497611817,1386
PID,0.4761111111111111,0.8714529383989414,1.2444826314658564,5.733731490993263,3.484775569392183,0.1766105806427158,1387
GSCX,0.0,0.3753668317780442,0.2683372423914755,2.5381232519058763,1.1629133981193824,0.4012875251057723,1387
PID,0.2922222222222222,0.851887982143078,0.9394476561786383,5.61733074025724,2.478898871147728,0.2011061700242252,1388
GSCX,0.1111111111111111,0.6621600281621716,0.5854221637948324,4.375911821897343,1.5926200998824331,0.2648493724266527,1388
PID,0.1208333333333333,0.6849920839987436,0.6196215160868004,4.694081178480608,2.861188091476432,0.2440849417953437,1389
GSCX,0.2333333333333333,0.795268847948821,0.8203955111880641,5.2385136879050265,2.490077931185896,0.2161728171405423,1389
PID,0.2744444444444444,0.8541509604623022,0.889512132083185,5.642773648134469,2.391936388685496,0.2041116718330661,1390
GSCX,0.0,0.3484526442836104,0.251363752568243,2.343755458463032,1.024106552234589,0.4207849212167805,1390
PID,0.5875,0.9187040493618288,1.440240599485909,6.071537958576265,3.533923563940958,0.1630180351814631,1391
GSCX,0.0,0.4061124733285645,0.277944247263702,2.744137632726253,1.0948319958505317,0.3875492372863718,1391
PID,0.2813888888888889,0.845266036765694,0.9030555036617548,5.570171084029431,2.4729703661351445,0.2040218424779113,1392
GSCX,0.2808333333333333,0.8135245657162686,0.8633424451009495,5.360338601301704,1.9023439172836545,0.2127208851478515,1392
PID,0.2022222222222222,0.7404600014882479,0.7350441139590634,4.836152184209456,2.6669491871133864,0.2295333746042992,1393
GSCX,0.0011111111111111,0.3320337199476719,0.2439487655154869,2.227564083878142,1.2037248377589735,0.4268097402037564,1393
PID,0.3008333333333333,0.8630113053836089,0.8930022190665233,5.689324025838659,1.893585066432487,0.2044996266034645,1394
GSCX,0.2033333333333333,0.7856192004757471,0.7946258622602138,5.19603482835565,2.64403461738252,0.2189694665114056,1394
PID,0.1986111111111111,0.7947891689953169,0.7468764775610807,5.240412250570613,1.92884055561113,0.2250510885570544,1395
GSCX,0.0425,0.4773610294712244,0.3875930594803294,3.246870927533125,1.4751870059538934,0.3336567474813678,1395
PID,0.5402777777777777,0.9097076593777144,1.362694767631086,6.0110104895803405,3.747463458906093,0.1666066950508417,1396
GSCX,0.0794444444444444,0.5879441896379626,0.5043253196045727,4.001908903392598,1.974254769913504,0.2827769706394418,1396
PID,0.7258333333333333,0.9393077740284967,1.9379051853637952,6.211608040888845,4.763853449486711,0.1423296536306738,1397
GSCX,0.0233333333333333,0.592142544238778,0.4734375375463827,4.034762900116315,1.456162961794528,0.2943353392072709,1397
PID,0.425,0.8904197418473629,1.1538405581877635,5.913334357483749,3.35505193103748,0.1796239364808556,1398
GSCX,0.0,0.3557646107211938,0.2585828603772309,2.3794207270986085,1.0959151500205513,0.4151371812942572,1398
PID,0.6575,0.9290970449197944,1.6527507601896736,6.143224702657545,4.523828618411181,0.1518232241495904,1399
GSCX,0.0063888888888888,0.3584033282810159,0.2631901463979902,2.4240524100323806,1.2965932893571386,0.4063076688150813,1399
PID,0.2097222222222222,0.8405610792260412,0.8100240682742472,5.548229741474692,2.1703709952971444,0.2136146844057989,1400
GSCX,0.0,0.3778286801997991,0.2584624693810585,2.5489498953430902,0.8967324074239783,0.4074860111364325,1400
PID,0.3122222222222222,0.8483122896008651,0.9214225780496968,5.590267815635357,2.349203958047409,0.2021825280886067,1401
GSCX,0.0,0.3068233532112797,0.2198268591654916,2.058669189345605,0.9205258366376946,0.4523091209196399,1401
PID,0.3319444444444444,0.8448043325368192,0.9532498184585886,5.620410261066964,2.9534960051044057,0.1967634650591967,1402
GSCX,0.2838888888888889,0.8062774060288351,0.8560035232397417,5.306811979126516,2.0640908487821577,0.2130654870975361,1402
PID,0.2669444444444444,0.8503495352537295,0.8961918714041879,5.626479409680476,2.7347355125316337,0.2027226113474728,1403
GSCX,0.0033333333333333,0.3459254792944641,0.2455890431779904,2.304503412083953,1.229830597600643,0.4195856519391239,1403
PID,0.2819444444444444,0.8623720384099943,0.8918801290822824,5.686742423376536,2.168856087634377,0.2040107458961395,1404
GSCX,0.0,0.2952353311615523,0.2110595434935132,1.9778729572436624,0.9113376209905804,0.4615446860537105,1404
PID,0.2816666666666667,0.8569753566473274,0.915924141389848,5.660299529413446,2.525435385934829,0.2016544044221068,1405
GSCX,0.2608333333333333,0.8098759681038066,0.8676489275812995,5.337662382789204,2.1922428254978623,0.2122717566244207,1405
PID,0.5427777777777778,0.9114212313172444,1.389238831250018,6.03416441670406,3.3161540925401294,0.1669177085858768,1406
GSCX,0.0172222222222222,0.4067121139760913,0.3013657582701829,2.7526325810205003,1.5304954509312907,0.3732978739067962,1406
PID,0.2669444444444444,0.8635753179122247,0.8808912516555241,5.698560892727174,2.106713991447626,0.2052614374534171,1407
GSCX,0.2783333333333333,0.7914883318694198,0.8494087401588536,5.220637020066463,2.599785376402275,0.2124021668087516,1407
PID,0.4891666666666667,0.8985115890775055,1.2303307752380583,5.935570654059057,3.43331587180159,0.1743281455316693,1408
GSCX,0.0,0.423933897322878,0.2991835118129659,2.8442545991904424,1.1601205785809754,0.3767080371944066,1408
PID,0.2769444444444444,0.8591398037631649,0.9005022998688734,5.676299713030945,2.5421011963096927,0.20218902253798,1409
GSCX,0.0,0.3840049500148743,0.2685257264321874,2.602098188749093,1.0052479402708572,0.4000728699963874,1409
PID,0.22,0.8058665061938938,0.7765616034081303,5.298137924186017,2.243678708918189,0.2192767310048479,1410
GSCX,0.2588888888888889,0.8146363454060687,0.8532284047827019,5.369425901571176,2.134596286845112,0.2127896309925684,1410
PID,0.325,0.8688724320263731,0.9414553086818824,5.733232944426717,2.3631687047691394,0.1983416571108988,1411
GSCX,0.2308333333333333,0.7953241113114508,0.8275970347956709,5.227490793706921,2.133313440463781,0.218116526989394,1411
PID,0.4591666666666666,0.9002220529218897,1.197600372229404,5.938409291573942,3.22906809582759,0.1770676680106103,1412
GSCX,0.0,0.355803454762073,0.2575296686163704,2.3947394679045786,0.9434082016319424,0.4175780327966288,1412
PID,0.2330555555555555,0.7607860395129,0.7928512363072804,5.0032692730831085,2.5189304614214985,0.2221747491944294,1413
GSCX,0.1677777777777777,0.7688630555152375,0.7162797315597011,5.062447645705637,1.745702023462633,0.2334803992590301,1413
PID,0.2858333333333333,0.8327878416303346,0.8650509300109939,5.488405180865212,2.2561667135893315,0.2081674193892386,1414
GSCX,0.0944444444444444,0.6487788475862066,0.5654375702450397,4.296875907549992,2.3557464148052047,0.2635065283981914,1414
PID,0.2969444444444444,0.864993602623464,0.9142136104994238,5.711869686948766,2.150771486343324,0.2020580213234237,1415
GSCX,0.0166666666666666,0.4323571560386232,0.3340429615602045,2.934654685581636,1.497527607656759,0.359001059773755,1415
PID,0.6375,0.9204909331376792,1.8323242602461964,6.080017778777411,6.01581659038631,0.1445675458705305,1416
GSCX,0.0133333333333333,0.4149496307064612,0.3069387065392861,2.818760551032605,1.3766391935529387,0.3718223863056903,1416
PID,0.2747222222222222,0.8612838379815217,0.89992408728729,5.682687562313895,2.2938169382106555,0.2034002366828048,1417
GSCX,0.0044444444444444,0.4148433986874953,0.307270380514851,2.797215270678312,1.2504758041723023,0.3761938747277303,1417
PID,0.4544444444444444,0.8957028397082456,1.1943340061463934,5.948980190233991,2.806347717049384,0.1788850229064661,1418
GSCX,0.0,0.3502336763192433,0.2565924553457129,2.3581635623564523,1.1280696732050544,0.4165655691826312,1418
PID,0.1230555555555555,0.5890248429934016,0.523014457752948,3.926677520611812,2.947493323530109,0.2708948682139294,1419
GSCX,0.2202777777777777,0.7768861412870655,0.7996620135065141,5.097789803366205,2.434691408030188,0.2209508144585429,1419
PID,0.4130555555555555,0.8956941478248379,1.15292483675131,5.916536989216507,3.3505893219862704,0.1799469330509191,1420
GSCX,0.0219444444444444,0.4722438998320066,0.3616707223769387,3.178239068974149,1.5992811755239564,0.3405310925904167,1420
PID,0.2722222222222222,0.8494974980558214,0.9033192583779416,5.614321564264014,2.8817220400385497,0.2016549225474486,1421
GSCX,0.0,0.3707237878839317,0.2559702942497475,2.510656017553716,0.9902261136501566,0.4088391401496016,1421
PID,0.2758333333333333,0.8455087269422065,0.8808208610265877,5.584696175209726,2.2471670343250856,0.2062060212433329,1422
GSCX,0.0,0.5290059090096605,0.3821801066841387,3.561250155718528,1.1550073038487845,0.3285702468004022,1422
PID,0.3991666666666666,0.8730398172929856,1.1383153724130148,5.749894111949737,3.0380133290932423,0.1844607996733632,1423
GSCX,0.0,0.4363485618227708,0.3059759478650539,2.936881856477686,1.1460340282258643,0.3705950431175512,1423
PID,0.2733333333333333,0.8439046196984706,0.8930473603547828,5.566828838342458,2.435637790528172,0.2050815459478558,1424
GSCX,0.0155555555555555,0.5800289497721299,0.4494402781808738,3.943327394221744,1.2896081946517255,0.3024921913948633,1424
PID,0.2352777777777777,0.8199040657069271,0.8367592696646982,5.399106645668918,2.951403958173302,0.2097084262195478,1425
GSCX,0.0152777777777777,0.3825932748891799,0.2803817621211557,2.5671771833823165,1.3916200662448586,0.3904158969142451,1425
PID,0.3955555555555555,0.8703696253128936,1.1496356300185415,5.739206381985485,3.129352852046377,0.1839565714062567,1426
GSCX,0.0055555555555555,0.4202981751290753,0.3067612366685009,2.8496930786901995,1.2878212352974971,0.3725701597570263,1426
PID,0.2486111111111111,0.8252997470776932,0.8442879577396204,5.438646336596488,2.26077594087024,0.2117059824599735,1427
GSCX,0.0,0.3945743027271816,0.2767115793063258,2.676861122467429,1.1145136587287456,0.3917598478805114,1427
PID,0.0,0.4970453728982356,0.2886149416870464,3.3510078829429637,0.9108168239841002,0.3541957421770622,1428
GSCX,0.0,0.3254396672063055,0.2302635743295353,2.180414583075515,0.8275177716578717,0.4420504917777224,1428
PID,0.2980555555555556,0.8476981824247145,0.8954257659425606,5.595175563869177,2.17379042091392,0.2047646951625246,1429
GSCX,0.0,0.3021873803691554,0.2134240178396088,2.016552824104868,0.927599696153218,0.4570684322429375,1429
PID,0.1452777777777777,0.7108854836396042,0.664719560002652,4.764236862521827,3.677474732449912,0.2322800715947554,1430
GSCX,0.0083333333333333,0.5017940025306799,0.3811727717380923,3.421550279748132,1.2581362521939512,0.3331168482932264,1430
PID,0.6833333333333333,0.9338098045182992,1.7986086952901803,6.168022191012649,3.849646867382432,0.1491917677462522,1431
GSCX,0.0341666666666666,0.5146671829242072,0.3981556120476844,3.505673315244437,1.4530092490518998,0.3220523917178327,1431
PID,0.4038888888888889,0.8711410452218888,1.1441299229898574,5.740909159614311,3.3213457396286863,0.1830722276042048,1432
GSCX,0.0025,0.5416024057912773,0.4001451532404923,3.678351107417852,1.2149279175263736,0.320554432087422,1432
PID,0.7158333333333333,0.938003684674254,2.058533408401148,6.199974454926909,5.155627175381664,0.1390629481685075,1433
GSCX,0.0597222222222222,0.656323282448084,0.5513772477831574,4.473730629431739,1.7407112937613152,0.2676463416755165,1433
PID,0.2894444444444444,0.8538493508784335,0.9064429211639208,5.631681315979865,2.4468370649389524,0.2026148346449877,1434
GSCX,0.0113888888888888,0.3878945015195935,0.2795132793515743,2.614254926684516,1.3075140221794186,0.3898184216998923,1434
PID,0.27,0.8383229286877483,0.8611190324984596,5.529558825454349,2.2170627187361243,0.2085127686134321,1435
GSCX,0.0169444444444444,0.488560267701999,0.3706996304947305,3.2991071286703257,1.3064894924577983,0.3382912861539458,1435
PID,0.275,0.8422011044362855,0.8859671139266349,5.542543868874721,2.241640616393331,0.2067208439799319,1436
GSCX,0.0144444444444444,0.4264907421878899,0.3224607167322598,2.892165382466424,1.4332758492242148,0.3642558565379934,1436
PID,0.2308333333333333,0.8454355402270555,0.83951536616383,5.575700719818111,2.6811152923733403,0.2079877566390434,1437
GSCX,0.0061111111111111,0.3930619883951455,0.2877485530213426,2.653443636722891,1.27679519588252,0.3873817206050642,1437
PID,0.4044444444444444,0.886011177300458,1.1560568784534866,5.898264485303468,3.9551181034532887,0.1781318632984786,1438
GSCX,0.0016666666666666,0.4193324758287365,0.3048537926380373,2.8431866297715107,1.2080917249481502,0.3751230713002348,1438
PID,0.2597222222222222,0.833584443981557,0.8784393172201184,5.503876470536666,2.3387440829267483,0.2079813022056102,1439
GSCX,0.2513888888888889,0.8128089456941702,0.82520376231822,5.347882883024619,2.006760367646052,0.2156358733538427,1439
PID,0.1147222222222222,0.6749217330762622,0.5637934863695602,4.49051210304028,2.4466970041588487,0.256154580400423,1440
GSCX,0.0,0.3710025396203363,0.2646421148828665,2.500670332655077,0.933923457735276,0.4089372582580233,1440
PID,0.2944444444444444,0.864937109882718,0.9130438147623472,5.709108075822815,2.335542873341084,0.2013503638070222,1441
GSCX,0.1180555555555555,0.7021056487343357,0.6474558325626737,4.772443163163997,2.109997700260762,0.2457147746009306,1441
PID,0.4233333333333333,0.8767110756956416,1.1871515150156304,5.795842989644515,3.748951823811129,0.1785032387676468,1442
GSCX,0.0,0.3018379778008304,0.2154009163258713,2.0270455175857007,0.8647095147414371,0.4574567151329625,1442
PID,0.1272222222222222,0.7758297419747153,0.6783495623536555,5.204197130165784,2.8435437182997987,0.228038503035286,1443
GSCX,0.1347222222222222,0.68219669583113,0.6338605751686559,4.448537407430343,2.1303335200285995,0.2530629804904917,1443
PID,0.1172222222222222,0.5757571292963828,0.4945485195303501,3.9023519326278815,2.1478430606938206,0.2821765459973475,1444
GSCX,0.0,0.3904845533170734,0.2723735632132394,2.611055201248345,0.953693072214957,0.3994182141985444,1444
PID,0.1155555555555555,0.6576764574430934,0.6006068624360021,4.510911098249896,3.60046914894338,0.2449147917867357,1445
GSCX,0.0147222222222222,0.3986872674827521,0.2995935110311455,2.682177402085509,1.4400869673544512,0.3794696475347273,1445
PID,0.2691666666666666,0.8223259842077404,0.8751752992051465,5.405905614320634,2.6875104062521564,0.2076207442297802,1446
GSCX,0.0091666666666666,0.3739563082795437,0.2707652437062313,2.521416533530372,1.2641312339390625,0.3984888810250692,1446
PID,0.2727777777777778,0.8541167726313402,0.8732535081206669,5.623904598746456,2.1280677706659508,0.206549949807265,1447
GSCX,0.0,0.3829083720081017,0.2661347569073788,2.5822496145136187,1.0325701149587443,0.4011629265741608,1447
PID,0.5583333333333333,0.9124625093443124,1.4876046782138133,6.026468314705473,3.864051113688874,0.1618579570690903,1448
GSCX,0.0,0.3614742074086978,0.2550271584254551,2.437487764050586,0.8494253446574455,0.4169715725461367,1448
PID,0.3052777777777777,0.8555890335578658,0.9037639113481324,5.632786169589001,2.3883980031258187,0.2023261000733199,1449
GSCX,0.0075,0.3872324563778547,0.2899693756649076,2.6052503000882896,1.2363356726181791,0.390484851883141,1449
PID,0.7041666666666667,0.9357702496791098,1.8359620671103951,6.194590978484149,4.050804849814977,0.1470799126845459,1450
GSCX,0.0061111111111111,0.3927986177543015,0.2925042370966104,2.666820438258734,1.2914138614892163,0.3856563650852884,1450
PID,0.2827777777777778,0.8413102150670946,0.8506344490156719,5.559436418482166,1.938008530081524,0.209405268495593,1451
GSCX,0.0069444444444444,0.4579776143401707,0.3403376886899231,3.11282866063205,1.307871069957269,0.3528780252440974,1451
PID,0.6872222222222222,0.933964035114982,1.7447486240681451,6.167331443198715,3.9284131935074127,0.1502244703721685,1452
GSCX,0.0075,0.4153747019748537,0.3022170828844447,2.8230884063272184,1.2482178357246017,0.3752733177169753,1452
PID,0.6744444444444444,0.934694861812315,1.762719648411028,6.179232031797454,4.827797146228106,0.1475771750272511,1453
GSCX,0.0,0.4759763332680106,0.3332763079360941,3.217737295845822,1.0037298581791725,0.353675707835966,1453
PID,0.265,0.8503796283853355,0.9011420572836156,5.613581398737559,2.3714035643941718,0.204572229713763,1454
GSCX,0.0,0.3935670969815011,0.2841967824315661,2.64921480516893,1.0663808840801583,0.3929408116828959,1454
PID,0.2377777777777777,0.8572886507623318,0.8465956060439097,5.663165495003268,2.037499094442453,0.2091428620931692,1455
GSCX,0.0038888888888888,0.3515191551388793,0.2530846910739741,2.361492351431909,1.2331925571116142,0.414083630451253,1455
PID,0.1605555555555555,0.7892695127361118,0.6899932607780415,5.191816908733922,2.009084986894072,0.2307898843533878,1456
GSCX,0.0005555555555555,0.4218248569170604,0.3072086525761862,2.862641447507726,1.2004795222835,0.373931261223767,1456
PID,0.3194444444444444,0.8796167674965475,0.9986656803159112,5.829769750964236,3.016486146649148,0.1917103674637887,1457
GSCX,0.0033333333333333,0.3919313913471121,0.2916028941968592,2.6623055287148043,1.2251757407383876,0.3877030416490338,1457
PID,0.3980555555555555,0.882662888674226,1.126511614944982,5.855847807456853,2.781205061380434,0.184579900797809,1458
GSCX,0.0,0.4285738294757388,0.308316141574091,2.8759567583840644,1.0402215644343102,0.3754574810258769,1458
PID,0.6722222222222223,0.930514893202016,1.7185780743131955,6.148276338084129,4.008402782084199,0.1511876959608651,1459
GSCX,0.1938888888888889,0.7985171517112594,0.7799432260589733,5.264107960625832,2.0432044081485308,0.2222824127914615,1459
PID,0.7127777777777777,0.93862585257222,2.020963149813296,6.207191462242304,4.619726419253707,0.1411412073710032,1460
GSCX,0.0033333333333333,0.4094513586361419,0.2972115021066548,2.756416200572761,1.2253224402533742,0.3807633105635815,1460
PID,0.2936111111111111,0.8557817882849877,0.9210907023765148,5.650641168770291,2.397808967482373,0.2017196937284182,1461
GSCX,0.0208333333333333,0.3859299632292416,0.2973870256883437,2.5969089741361238,1.3619707079683654,0.3855076612321992,1461
PID,0.5830555555555555,0.9118461296176144,1.5227168636405557,6.011879914981804,4.031498371124381,0.1598385595086119,1462
GSCX,0.0,0.3355501016528034,0.2377941336769914,2.2483849618212286,1.091642892402077,0.4290919213910458,1462
PID,0.6902777777777778,0.933348153931321,1.8169974014178287,6.172713527842904,3.7608083620370913,0.1487933972889425,1463
GSCX,0.0094444444444444,0.3747705442520241,0.2797978106529197,2.5457487492649937,1.394744798887142,0.3930431026238541,1463
PID,0.4305555555555556,0.8875015595062424,1.1721213940050788,5.903313073176053,3.088496727051836,0.179984176646578,1464
GSCX,0.1919444444444444,0.697948416238004,0.690750086071391,4.733575485306634,2.286938714159129,0.2382637023332801,1464
PID,0.2713888888888889,0.8580159044998449,0.8943455786088637,5.665227272154901,2.611347050061237,0.2025329838811148,1465
GSCX,0.2477777777777778,0.8142465992258335,0.862730194261885,5.366475248889817,2.1720001471777666,0.2126710104339174,1465
PID,0.2847222222222222,0.8337755971777082,0.8913384487498683,5.487841712844948,2.8720536627662323,0.203840993218585,1466
GSCX,0.1788888888888888,0.7462875694164348,0.734434299866767,4.89715671026212,2.560151062937883,0.2302121703830748,1466
PID,0.2441666666666666,0.8418354286255169,0.8483954690329253,5.555552020053122,2.432836213661295,0.2086545231461097,1467
GSCX,0.0116666666666666,0.3503006118924128,0.2635193489279826,2.353663821933174,1.3037080238984389,0.4099367812642699,1467
PID,0.2794444444444444,0.8612007453666721,0.9082630915747892,5.695978476443804,2.63296052749913,0.2009799011979143,1468
GSCX,0.0,0.4205634294145156,0.2911848827550895,2.829106691925696,1.0516326041381678,0.3808159880522103,1468
PID,0.2580555555555555,0.8639620686301378,0.8965368258065517,5.706734727557188,2.282977608822464,0.2039008906370769,1469
GSCX,0.0,0.3257918026652285,0.2226250582224627,2.203439062599601,0.8709073021988489,0.4410714391380883,1469
PID,0.2066666666666666,0.8422884195008247,0.8134255324121417,5.559180477359496,2.057734310380958,0.2139904460457581,1470
GSCX,0.0,0.3894715966488525,0.2825689439797979,2.634350249410233,1.185070402794702,0.3921077966052622,1470
PID,0.7591666666666667,0.9466099555739717,2.245360585273991,6.269563607471984,5.556948349314252,0.1330456203165959,1471
GSCX,0.0,0.3407825744663587,0.2384501298340778,2.292689136220996,0.9912673741358956,0.4278915851477399,1471
PID,0.1761111111111111,0.8107283834735676,0.7535721395295705,5.335892614003086,2.2144406760774493,0.2220661081105018,1472
GSCX,0.1305555555555555,0.7121903928262155,0.6511382427059533,4.669313213873839,1.924890820516281,0.2479826719602893,1472
PID,0.2941666666666667,0.8453095912804889,0.8863999000728424,5.569190545206701,2.2122653681549878,0.2055800845837776,1473
GSCX,0.0,0.426637174064484,0.3039987855834945,2.8777567824970607,1.133367239205355,0.3745873449750249,1473
PID,0.3827777777777778,0.8654207262818292,1.0958276563256115,5.770401342685244,3.360297901637676,0.1851679116011262,1474
GSCX,0.0088888888888888,0.4145816618036724,0.3092354040997879,2.8074121228034903,1.262559811182884,0.3745723785928897,1474
PID,0.2669444444444444,0.8604415497081407,0.894221935026699,5.676709476272218,2.116600319199632,0.2049756769312677,1475
GSCX,0.2175,0.7881926188974337,0.8279050201886559,5.2054314124417855,3.224768540155895,0.2131398401037229,1475
PID,0.2783333333333333,0.845981087319599,0.9035471407650012,5.571934701000448,2.728803589023503,0.2028167081600535,1476
GSCX,0.0013888888888888,0.4338220603646726,0.3173843334481879,2.912900191552517,1.2056277433058198,0.3690143139608951,1476
PID,0.2963888888888888,0.8535331120245029,0.9297999356294852,5.641881884023337,2.750426359316562,0.1996817655321419,1477
GSCX,0.2830555555555555,0.838090420030318,0.9179547236787482,5.526818857856026,2.3699711254779774,0.2045521202328402,1477
PID,0.2883333333333333,0.8613492130226816,0.9090474620241964,5.683509901725382,2.5874631187716948,0.2009801105695978,1478
GSCX,0.0,0.3338505078408951,0.2390268962703665,2.237894644750255,0.869411205090283,0.4346399740860376,1478
PID,0.2827777777777778,0.8489442604243782,0.8817651236658391,5.5911542752635945,2.291765270434015,0.2054797267870083,1479
GSCX,0.0047222222222222,0.3886602929001023,0.2749693003262736,2.637574190745057,1.24888166497086,0.3913737544136975,1479
PID,0.3683333333333333,0.8632121891687767,1.044576963411474,5.6955895454235055,2.6666857663154624,0.1915975980404241,1480
GSCX,0.2641666666666666,0.8017556644582476,0.8523476374698824,5.277860112740198,2.3271267905360715,0.2132630249515544,1480
PID,0.3902777777777778,0.8721810027484799,1.0766786265084547,5.762678762751085,3.0236645628486616,0.1870248505322236,1481
GSCX,0.0719444444444444,0.5983986733014391,0.5109615497846595,4.0602491959412905,2.1179531553873976,0.2794448878058295,1481
PID,0.2058333333333333,0.7691049779972944,0.7193722805089563,5.041700522075961,2.00953221083663,0.2299390201938363,1482
GSCX,0.0,0.3373213955635785,0.2405202761674039,2.265693184083528,1.0999580738681691,0.4271031975545712,1482
PID,0.7377777777777778,0.9434508343288264,2.3052038227555944,6.257051703940382,5.689702197041028,0.1320866603654279,1483
GSCX,0.0247222222222222,0.4662333645685008,0.3666683667753589,3.1647748237648687,1.4801618794632938,0.3420963533790486,1483
PID,0.6708333333333333,0.929720681213422,1.7632689625988247,6.152619664477362,4.995407179748957,0.1474563214728618,1484
GSCX,0.0080555555555555,0.4043744174335592,0.2850479341803004,2.7470269832813243,1.3507601428540008,0.3806438879625842,1484
PID,0.6705555555555556,0.9317959217714789,1.7927928533801074,6.147709334836323,4.293526183889584,0.1486136442076946,1485
GSCX,0.1416666666666666,0.6810358110321273,0.6318188720648878,4.4367275655810525,1.859895408886181,0.2551556991536515,1485
PID,0.2538888888888889,0.8317713195828873,0.837127495164479,5.47442379411675,2.216966994588018,0.2113668619638351,1486
GSCX,0.0,0.4384397385083258,0.3262178069995243,2.9743156898085137,1.030965535137073,0.3675303374474988,1486
PID,0.3902777777777778,0.8779843510895023,1.0693900203882587,5.811452976608044,2.938050933608981,0.1869761951160572,1487
GSCX,0.0091666666666666,0.386027641046666,0.2790487501468409,2.6061724287632844,1.3896407252485707,0.3892944088340589,1487
PID,0.2597222222222222,0.8649010685260032,0.889880865171117,5.711927343503796,2.4500682855077414,0.2032115794045683,1488
GSCX,0.0097222222222222,0.409148812102735,0.3020759449135446,2.77495826727283,1.404466574201069,0.3751086723316771,1488
PID,0.2788888888888889,0.8620951110120776,0.8973542961354345,5.684448575462205,2.2429856409235724,0.2035566768945107,1489
GSCX,0.0886111111111111,0.6199913197642036,0.5344954954059344,4.152499381532783,1.930562849433458,0.2746804070828537,1489
PID,0.2761111111111111,0.8428095999326501,0.8905252800730993,5.553229657990861,2.4240206138460407,0.2053613231670266,1490
GSCX,0.2894444444444444,0.8275037486876295,0.8940068463148817,5.465031867679655,2.039169550883196,0.2082166382275993,1490
PID,0.4686111111111111,0.8776420350861016,1.2896906932917194,5.786488593658525,3.5705300437138017,0.1743392072552128,1491
GSCX,0.0122222222222222,0.3949486645468771,0.2857500944484998,2.6588874476576416,1.3469005055204597,0.3851319216965319,1491
PID,0.275,0.8551522762693731,0.8622095095804737,5.63839321700662,2.328525934639889,0.2057143444582169,1492
GSCX,0.1022222222222222,0.708775206861935,0.6413008146609311,4.790986790458458,2.288654020778808,0.245213083783281,1492
PID,0.5727777777777778,0.9194782561832,1.4601251160375417,6.093780553388531,3.703187082584718,0.162077541977807,1493
GSCX,0.0,0.3353327893810457,0.240584392065906,2.272701694955102,1.1110371738045033,0.4265642656563708,1493
PID,0.6808333333333333,0.9300440125495852,1.6641240202806915,6.158628296713138,3.750037227074623,0.1530124962772805,1494
GSCX,0.0,0.5348242565917724,0.3892431342671559,3.5430399037006706,1.1410636380632335,0.3283177364315324,1494
PID,0.1897222222222222,0.8259346602965245,0.8002266234969933,5.432698502916286,2.2097329459527253,0.2170019022304265,1495
GSCX,0.1841666666666666,0.7835940476183126,0.7595109961840985,5.243442696298476,2.503004503185796,0.2218371342543016,1495
PID,0.5577777777777778,0.9152570179988782,1.4676351963781866,6.048564967554879,4.054393440849597,0.1616144089078464,1496
GSCX,0.0066666666666666,0.4950392472361093,0.3610022396598932,3.3491972619735315,1.272346883360559,0.3388179535596707,1496
PID,0.2652777777777778,0.8514747012295357,0.8725130536607045,5.606089873401911,2.177289221368738,0.2069702653426267,1497
GSCX,0.0025,0.3529212123686234,0.2546123566751775,2.374659443282009,1.215407640425759,0.4135020219950694,1497
PID,0.1566666666666666,0.7811645001160857,0.7054882772714224,5.126237573815488,2.544070095835188,0.2281178333853628,1498
GSCX,0.0091666666666666,0.4471293097310361,0.3259159679849771,3.009582399264798,1.3713893421572123,0.3588341216051327,1498
PID,0.4044444444444444,0.8792565460694083,1.1740797771158047,5.795373362931294,3.948522140370336,0.178769320499027,1499
GSCX,0.0,0.3138181984755403,0.2216918793205836,2.1095432712557693,0.7720869646933807,0.4512493167779401,1499
PID,0.6622222222222223,0.9300184206835642,1.9115982297104963,6.145048133229385,4.844714843330092,0.1446001699964182,1500
GSCX,0.0202777777777777,0.4433917788364098,0.3371837131891448,2.983516532142116,1.3564940737990323,0.3574343911168436,1500
PID,0.6927777777777778,0.9345557093045164,1.81219702119674,6.1792572384624105,3.996099801527176,0.1481697352728856,1501
GSCX,0.0419444444444444,0.4685471856039405,0.3658408896335514,3.191567651690438,1.6039236918905848,0.3372982543358143,1501
PID,0.2994444444444444,0.8643690461596605,0.9550614952391236,5.704414920400937,2.528729668808264,0.1984532182137067,1502
GSCX,0.2383333333333333,0.8064988165824108,0.8487574648547782,5.317580370888528,2.1718208317865715,0.2147460696491043,1502
PID,0.155,0.7881941471681456,0.6949119634264426,5.246996993228119,2.142341838630146,0.228957621504471,1503
GSCX,0.0111111111111111,0.3942479780411045,0.2904058854074827,2.656468411372525,1.359608120920603,0.3844843503274855,1503
PID,0.3327777777777778,0.8701138728016867,1.016128274341721,5.75853417461818,3.1985897882240097,0.1907891625440988,1504
GSCX,0.0,0.4469591800453205,0.3102606914052019,3.012572199725565,1.0828026612968844,0.3667362880170441,1504
PID,0.2516666666666666,0.8429940115858322,0.8674838694775182,5.560112794065637,2.2804128345026764,0.208119349944562,1505
GSCX,0.0077777777777777,0.4736046588054348,0.3514293535772906,3.2123919859986736,1.34263390002344,0.3456708530806229,1505
PID,0.285,0.8521799422672717,0.8872337576687672,5.629194997511469,2.496683066403069,0.2034895062401708,1506
GSCX,0.1191666666666666,0.6833217009946715,0.6240011820918562,4.471618483085774,2.031947631628671,0.2549743638807232,1506
PID,0.3922222222222222,0.8669606429599186,1.0549144708242308,5.726495930664833,2.626780317303464,0.1900328657620154,1507
GSCX,0.1344444444444444,0.694739105339793,0.643030057806393,4.748601224900123,2.0956014135808214,0.2458275261466427,1507
PID,0.2744444444444444,0.8457373596165341,0.9196322000264574,5.569003389771721,2.856481240420363,0.2016718348435019,1508
GSCX,0.0061111111111111,0.3882133748764558,0.2940029310326498,2.632318723011056,1.286594123406284,0.3876099394742157,1508
PID,0.3241666666666666,0.8602216478174025,0.9733987951383226,5.719532938446582,2.627731919779332,0.1961103688433594,1509
GSCX,0.1213888888888889,0.6349668747888527,0.569965760042028,4.222411959896477,2.3280464117838933,0.2637620435044021,1509
PID,0.3002777777777777,0.8563371318452403,0.9430263695028064,5.650770326932623,2.325495508517384,0.2008117788443852,1510
GSCX,0.1794444444444444,0.7562873422280828,0.726204620074892,4.973425897818019,2.0249452578576808,0.2324342831050093,1510
PID,0.73,0.9403505175422334,1.952113439036384,6.217357202357538,4.324956551264125,0.1429479694890185,1511
GSCX,0.0066666666666666,0.4858242085862995,0.3468726456671993,3.2790213708910976,1.2972448900216131,0.3436220253734586,1511
PID,0.2802777777777778,0.8047718204827976,0.8821813908866178,5.3187386423854335,2.7261270541000022,0.208267451470067,1512
GSCX,0.2819444444444444,0.8064759243040295,0.8664000818680754,5.31189831433719,2.0693373999325915,0.2125225242699119,1512
PID,0.4636111111111111,0.8801441643409965,1.2157298292674703,5.795149136204229,3.154850520080704,0.1784483292628287,1513
GSCX,0.0,0.3485369547521024,0.2415707810936348,2.3441255064473774,0.9765581541878674,0.4236928365437526,1513
PID,0.7355555555555555,0.9439667215042732,2.089459539189636,6.236463813290403,5.640476578697802,0.136642531270956,1514
GSCX,0.2266666666666666,0.7679196797858034,0.8050745272215345,5.02858688459056,2.292390144981938,0.2225731592815613,1514
PID,0.3611111111111111,0.8725903298482127,1.0763274042966104,5.773723678016215,3.1672494545375995,0.1873146711177649,1515
GSCX,0.0616666666666666,0.475260470044131,0.3894244262347019,3.2225304217041795,1.569847207144283,0.3311074020715452,1515
PID,0.3641666666666667,0.8617145863606197,1.038109084971172,5.68782541359243,3.2237411920119943,0.1897012675985328,1516
GSCX,0.2613888888888889,0.8064035951808547,0.8716567210403978,5.319674044869004,2.108648226078285,0.2128557824648087,1516
PID,0.6780555555555555,0.9318579911174693,1.842067226271298,6.1650004388869215,5.021919028539705,0.1452634097090257,1517
GSCX,0.0,0.3357378534003437,0.2452575210957284,2.2477695524862,1.155012892746735,0.4262236309144162,1517
PID,0.1588888888888888,0.7678373287899946,0.6941749957099046,5.027613755704863,2.1701949401083467,0.2332037130657325,1518
GSCX,0.0,0.4346610075841822,0.3312766926848169,2.957683856705077,1.1761472653468827,0.3654531525810369,1518
PID,0.5069444444444444,0.9017369539351971,1.3468691854112118,5.9625105149202,3.666164943346338,0.1688875192175127,1519
GSCX,0.0063888888888888,0.3721330058606757,0.2785404648912745,2.518683765293396,1.2925442573826218,0.3973160692983814,1519
PID,0.2744444444444444,0.86203206957546,0.916403011221566,5.693880946638002,2.5855874099230767,0.2010643943445,1520
GSCX,0.0,0.3982867284906679,0.2871904181635169,2.673004006277984,1.1928765833770247,0.3885252818913146,1520
PID,0.57,0.9175677841800756,1.4807164151655237,6.062871211869131,3.6799190481329065,0.1619357470277556,1521
GSCX,0.1941666666666666,0.7738816150249026,0.7718770009192614,5.094670188545509,2.256452873948935,0.2249522929740165,1521
PID,0.4616666666666666,0.8951904663149405,1.171883314938048,5.938099728954132,3.086241059054186,0.1784994596560419,1522
GSCX,0.1475,0.6799076011384192,0.6533772655506147,4.648201911621337,2.580362610996674,0.2433867206685922,1522
PID,0.2783333333333333,0.822487706658365,0.8835640119668445,5.42167331982252,2.679875351565874,0.2066310414402387,1523
GSCX,0.0188888888888888,0.4190416306274226,0.3177243568976483,2.83331328772341,1.4776343637449274,0.3668472522924808,1523
PID,0.2022222222222222,0.6852239645397779,0.679683301931393,4.443014309517977,2.65306036224797,0.2420342363656937,1524
GSCX,0.0708333333333333,0.5844135733053115,0.4974064081977464,3.977143648324892,1.912279232652888,0.2855152183719609,1524
PID,0.2305555555555555,0.8481708422134405,0.8697919914369686,5.609830280050444,3.273074700837186,0.2030368964715359,1525
GSCX,0.2747222222222222,0.823165780509467,0.8787424025212618,5.424491833202757,2.1857389011370554,0.2095283312018489,1525
PID,0.2833333333333333,0.8494155631619053,0.9095263890376144,5.600881703895961,2.236118039044448,0.2043029416988081,1526
GSCX,0.0227777777777777,0.530864878724984,0.4108757989635399,3.616923790119171,1.5055211064017395,0.316434045367191,1526
PID,0.6372222222222222,0.9242012080687004,1.6696577125954668,6.098897544799515,3.620075397216052,0.1548284944796319,1527
GSCX,0.0,0.3988706238540525,0.2824514194729784,2.6762614327986305,1.0025544830862738,0.3925900386488795,1527
PID,0.4738888888888889,0.8943629168729952,1.2921811671173455,5.898496091730855,3.5410731059688367,0.1727965108557083,1528
GSCX,0.0522222222222222,0.559805493326127,0.4681916022420698,3.793695244813735,1.6191250800604,0.2992906391070895,1528
PID,0.1477777777777777,0.6472423674857168,0.5763566810084657,4.28469419744014,2.3999469269071136,0.2590226799532168,1529
GSCX,0.0086111111111111,0.4076033724743355,0.3022646838956468,2.757144926428053,1.2913280976850174,0.3781456217994874,1529
PID,0.2975,0.8701503993211273,0.9188501408697703,5.745169209207595,2.208261776379413,0.2009806460302778,1530
GSCX,0.0225,0.4702211575683758,0.3690129064461054,3.1947769824058083,1.5297622476788868,0.3399328888410683,1530
PID,0.2397222222222222,0.8404006696633286,0.8193744468734082,5.547237409177021,2.2187362848469765,0.2115508515520089,1531
GSCX,0.2930555555555555,0.7930138955295526,0.8712167840662819,5.224772885551694,2.2354458578410945,0.2125319785542476,1531
PID,0.3772222222222222,0.8655777668924679,1.079511777061668,5.708650065980225,3.139838707788353,0.187652350012902,1532
GSCX,0.2683333333333333,0.8126865923044716,0.884477346285083,5.359105055179508,2.550106281957955,0.208826385309647,1532
PID,0.3258333333333333,0.8765411838638492,0.9601665486474316,5.786092174662642,2.3082216672591223,0.1969054756514307,1533
GSCX,0.0080555555555555,0.3661035129646407,0.260723104694622,2.4586864994041657,1.3560932528439658,0.4027598690383434,1533
PID,0.5008333333333334,0.8932445237066339,1.2773625852446435,5.90736925498582,3.3483435003342583,0.1730920551555335,1534
GSCX,0.0019444444444444,0.3137667474732552,0.2254573489788881,2.102567913246742,1.2097441572535272,0.4401000441564056,1534
PID,0.2916666666666667,0.8443873157196877,0.8946817038228594,5.56724358327733,2.360869509772379,0.2045981206387757,1535
GSCX,0.0433333333333333,0.5673649017767278,0.4457774709163878,3.848155529950818,1.9882997276088348,0.2963443119829076,1535
PID,0.6927777777777778,0.9354396881545036,1.834268440968339,6.186828172083982,4.36122168062215,0.1466241823517025,1536
GSCX,0.0,0.4283686395805877,0.3019863509179681,2.885930089349113,1.030374839925628,0.3761277175168425,1536
PID,0.5402777777777777,0.9080850141845566,1.4940328177526505,5.996784719848695,4.319989874183734,0.1610403056739195,1537
GSCX,0.0,0.4461036930262594,0.317456123359966,3.012979872650659,1.082010149766199,0.3657199605568974,1537
PID,0.2855555555555555,0.8360873797682411,0.907704748310612,5.515790509885527,2.951687113242729,0.2022245005825708,1538
GSCX,0.0083333333333333,0.4017654223980986,0.2941349435003957,2.719978791754805,1.2760731047972964,0.3820005087162054,1538
PID,0.2569444444444444,0.8310219677854929,0.8649378360601289,5.480370899632909,2.706726213209402,0.2072421640469134,1539
GSCX,0.0280555555555555,0.4652617016079477,0.3553461683381951,3.164315935765881,1.6352621060896586,0.3410587532996687,1539
PID,0.5586111111111111,0.9110153461508644,1.5190108734274943,6.016559883466564,3.960415838222127,0.160758113724042,1540
GSCX,0.0038888888888888,0.4062524072259811,0.290178009918929,2.749209274170077,1.240685776925328,0.3821163696823748,1540
PID,0.6502777777777777,0.9282799249296466,1.6386551269072438,6.126161661793713,4.179281748961833,0.1534637982003948,1541
GSCX,0.0144444444444444,0.4400638175629531,0.3357141432347281,2.9895924986972107,1.4972398133017917,0.3561526418764539,1541
PID,0.3694444444444444,0.8731353186776503,1.0233953224251635,5.780708472595601,2.7469155860112813,0.1908044457837501,1542
GSCX,0.005,0.35555372490893,0.2476198973990019,2.3838232132566124,1.2675110201581312,0.4125718037727978,1542
PID,0.7508333333333334,0.9455696525654406,2.131713210370556,6.250498706539799,5.498785539517501,0.1357081716849468,1543
GSCX,0.2016666666666666,0.7964966048472935,0.7825714867888941,5.276954571383846,2.09027886261668,0.2213032561325669,1543
PID,0.0563888888888888,0.6695761032556434,0.4826589546757258,4.348488928671491,1.7163208650103985,0.2765064155396762,1544
GSCX,0.0,0.3381988713061581,0.2413933731406378,2.2681939689223096,1.1667160311333422,0.425243108701797,1544
PID,0.5466666666666666,0.9122833082787548,1.3808787141754426,6.017196546324027,3.1235269509793846,0.1678696551316908,1545
GSCX,0.2616666666666666,0.8297554890339911,0.8893005402969403,5.467107002126402,2.2910411101365,0.2082595914313556,1545
PID,0.6527777777777778,0.9270881691184094,1.6531391250584853,6.1242534275682265,3.7302490415880674,0.1543319653231004,1546
GSCX,0.0,0.3646802401239575,0.26219173179432,2.4590528929003708,1.1210672845101957,0.4085445291182471,1546
PID,0.2988888888888888,0.862689324272745,0.9364266270612736,5.696819443033105,2.6160227752052685,0.1990058498525023,1547
GSCX,0.1658333333333333,0.7416080954541997,0.7157645856828954,5.020675128976095,2.13942875907031,0.2325113254467481,1547
PID,0.2544444444444444,0.8451561874349398,0.8536333482593326,5.580329910964117,2.200961360519305,0.2087250300305805,1548
GSCX,0.0,0.4888728487534316,0.3619345188108838,3.3122793888562843,1.1666404865085058,0.3427691514173839,1548
PID,0.3325,0.8617690370038606,1.0000948678242476,5.7058753089270535,3.5957645957584607,0.1905143466578268,1549
GSCX,0.1513888888888888,0.7192394500667239,0.6890596669998456,4.70850381168533,2.266946032192405,0.2407885072503503,1549
PID,0.4469444444444444,0.8857270852307703,1.18206072960845,5.83819871736686,2.997706047236076,0.1802164601203051,1550
GSCX,0.0533333333333333,0.473608242763635,0.3889270777341284,3.2065536517395774,1.642329917700243,0.3318235146275358,1550
PID,0.3983333333333333,0.8745086388412245,1.1368547773929476,5.757712260719193,3.471552256775483,0.1826754932524613,1551
GSCX,0.0108333333333333,0.3786478118918798,0.2790101537757727,2.564141148708364,1.4692978849223444,0.3903351203557262,1551
PID,0.3008333333333333,0.8399926141117927,0.9045182786194146,5.526556209491369,2.4961828929138137,0.2037640627585107,1552
GSCX,0.0,0.3626588633720357,0.2493775769996852,2.432966167356434,0.9296286731721206,0.4165615850889836,1552
PID,0.2255555555555555,0.8392392489181487,0.8291812292135335,5.530325056565369,2.186860105560521,0.21216334348465,1553
GSCX,0.0083333333333333,0.4254718627124546,0.3165811351050535,2.8603256797487555,1.3744784589381636,0.3684481187900696,1553
PID,0.6355555555555555,0.9248375066461378,1.635430130663462,6.100260911521364,4.416031607632725,0.153474964274292,1554
GSCX,0.0030555555555555,0.3503625466407382,0.2555740934469144,2.347393867616123,1.224581028290798,0.4148710044575593,1554
PID,0.3280555555555555,0.8670286118897429,0.9496468920900336,5.723729091198661,2.4236395352258016,0.1977467963419162,1555
GSCX,0.0,0.3796759680816399,0.280209917277032,2.569802969836401,1.0560102508933784,0.3991637735782997,1555
PID,0.2766666666666666,0.8631649153004967,0.9242663853406058,5.702441356341182,2.5340853969746444,0.2007335355493342,1556
GSCX,0.01,0.3995585421577087,0.2896500629766825,2.7003011286668333,1.44279032543766,0.380712112112572,1556
PID,0.4805555555555555,0.894620707229845,1.2744577658933272,5.899893780814968,3.71985554308346,0.1725213540775065,1557
GSCX,0.0,0.5220351170011501,0.376099572449615,3.5296527633757537,1.1337258900467004,0.3311202463187876,1557
PID,0.5463888888888889,0.9113868352394148,1.478330351087102,6.0080099151098105,3.434068486579238,0.1639998100065903,1558
GSCX,0.2713888888888889,0.795238280399402,0.8449696830739104,5.254037667549379,2.118811911248448,0.2149666959449761,1558
PID,0.2480555555555555,0.851504017747378,0.8631529955559755,5.615589133356576,2.3216856368310217,0.2072642328235166,1559
GSCX,0.0,0.3391399408777014,0.2321750242118743,2.2722985740086834,0.8693204191509831,0.4333453244898841,1559
PID,0.1769444444444444,0.7976217218957874,0.744822346171949,5.259361338634262,1.962441746043112,0.225659860442084,1560
GSCX,0.0136111111111111,0.4173753434859142,0.3125587253385177,2.829977258951204,1.2750420887047536,0.3719211846209537,1560
PID,0.2730555555555555,0.8482737500726981,0.8755464574199603,5.589721171905981,2.1765307355983188,0.2068053030335822,1561
GSCX,0.0,0.5413466221958882,0.3957684250347242,3.672239752274349,1.170078736645878,0.3220980581900732,1561
PID,0.2519444444444444,0.8333861745998319,0.8950358034503082,5.491052570373466,2.961017835895268,0.2045534352873142,1562
GSCX,0.0,0.3692418835438681,0.2608426266883033,2.480799011892579,1.1407295595914442,0.4067929643992143,1562
PID,0.2472222222222222,0.8529802868099242,0.8643192868345793,5.630468290795454,2.274202501744564,0.2072374457975368,1563
GSCX,0.0,0.4007400959698767,0.2931284874870063,2.708114978402949,1.015531075138298,0.3887301907353285,1563
PID,0.5430555555555555,0.9104914027575984,1.383773993734295,6.014237769875988,3.449779425569633,0.1668367057910924,1564
GSCX,0.0116666666666666,0.493733928397478,0.3729828569044553,3.3538903013427595,1.3625475557028968,0.3354021621579914,1564
PID,0.1208333333333333,0.5735861798291859,0.4970372205340698,3.8671973797762513,2.2106758478831683,0.2821281753141129,1565
GSCX,0.005,0.3834362888272997,0.2822048869515643,2.570426697667584,1.2600591512002035,0.3938825086718709,1565
PID,0.465,0.8971370114942421,1.1823436076327092,5.918213562881227,3.0997842018723127,0.1781693234812112,1566
GSCX,0.0166666666666666,0.412369042292524,0.3095915036023723,2.7943884948830635,1.44437009792078,0.3711754396406959,1566
PID,0.3122222222222222,0.853946494451715,0.926751468639746,5.6273038735684775,2.583626533688095,0.2001795089720447,1567
GSCX,0.0658333333333333,0.5794427880904157,0.4904926828955896,3.940824040525543,1.658518224327205,0.2903233648707424,1567
PID,0.615,0.9170315427009806,1.5069311659906477,6.058776083139277,3.5510954355784543,0.1604623482983526,1568
GSCX,0.0,0.4257629405359254,0.3086715079557054,2.868092408725088,0.9937190165370412,0.3767598537023122,1568
PID,0.6688888888888889,0.930297788182966,1.7441842070144844,6.142767607775981,4.485266466761872,0.1493802327666966,1569
GSCX,0.0472222222222222,0.5645256988335038,0.4683882257722346,3.830463688485547,1.6256166314026423,0.2983095879898056,1569
PID,0.5775,0.9166427208958992,1.5210809172200193,6.051590831310032,4.021553706097881,0.1596469511373206,1570
GSCX,0.0175,0.4077302628235055,0.3042981757775351,2.7441036598189963,1.492055270898138,0.3738052914115402,1570
PID,0.6588888888888889,0.9298813309893592,1.7265232780823243,6.150930648055169,3.5826490582828927,0.1524563452080611,1571
GSCX,0.0783333333333333,0.5743285085970327,0.5034945222386382,3.8911707770559416,1.8478906112434927,0.2878292731423611,1571
PID,0.5566666666666666,0.9111214452086104,1.3539204685328488,6.039621938549258,3.546904366102454,0.1667923159100005,1572
GSCX,0.2372222222222222,0.7529406523624913,0.7808293731246361,4.930313974041361,2.302739377439653,0.225382767656482,1572
PID,0.2055555555555555,0.7382627569902444,0.7596685033685614,4.8074810216078365,3.161651358921354,0.2254575038066816,1573
GSCX,0.0,0.3267534690042447,0.2311248375175648,2.184750993630082,0.8437747384822752,0.4410742064872786,1573
PID,0.2769444444444444,0.8537307881881222,0.909951857634122,5.632919221266879,2.632487227816517,0.2020409964343299,1574
GSCX,0.0,0.4194733335876074,0.3186790321063973,2.821208794597804,1.1817595029287626,0.3747361641146065,1574
PID,0.3952777777777778,0.8851838903423042,1.0940885104741822,5.858223161765888,3.355506971669262,0.1834812952035709,1575
GSCX,0.0130555555555555,0.4976427463489103,0.3770133780744762,3.3603528754020227,1.5137171918420604,0.33228341999123,1575
PID,0.2658333333333333,0.8618875314039277,0.8976197612412317,5.691172295483642,2.360332770330439,0.2034085291020378,1576
GSCX,0.0102777777777777,0.4071958122223902,0.3081829584081111,2.7530714341215314,1.4001529000145334,0.3753598061901952,1576
PID,0.6908333333333333,0.934887905755825,1.823974900505412,6.185164222292578,4.800503383739375,0.1457986692218897,1577
GSCX,0.1447222222222222,0.7105506936099493,0.6674788154778643,4.818476879086003,2.023750070412523,0.2422472611264609,1577
PID,0.7069444444444445,0.935999564071068,1.7519635249470422,6.181736431514635,3.464642719650394,0.1507234195906083,1578
GSCX,0.0252777777777777,0.4765361492891009,0.3658898688243224,3.2381220949594183,1.474258699560267,0.3387015636879118,1578
PID,0.3291666666666666,0.8281893718013349,0.9426650115955546,5.491794640793432,2.581120959540017,0.2011810925031316,1579
GSCX,0.0,0.4031402579060564,0.2814862431975101,2.709934775457331,0.9665152966915992,0.3913117841911641,1579
PID,0.5186111111111111,0.9088069712676524,1.3556182398379202,6.013468831653105,3.303941601929167,0.1689205911382283,1580
GSCX,0.0086111111111111,0.3867795387713649,0.2921280631120092,2.6163581862980605,1.3678486973384705,0.387016377378897,1580
PID,0.2691666666666666,0.8523942558402448,0.8971080716594497,5.622919135468386,2.509330180575236,0.2037197482306832,1581
GSCX,0.0105555555555555,0.4409013165907363,0.3298341661638135,2.9830522037645126,1.463647462271622,0.3582323058631526,1581
PID,0.6258333333333334,0.9235405676694114,1.5483800336830604,6.106584972177528,3.295651346796638,0.1593009231225987,1582
GSCX,0.2783333333333333,0.8191665919104539,0.8824052827201448,5.407562686472189,2.143301958542479,0.2097558588516979,1582
PID,0.5786111111111111,0.9195473655603086,1.514159688608261,6.067686281374893,3.6828697881915633,0.1606782510189046,1583
GSCX,0.1763888888888889,0.7062259545740406,0.6890359408354034,4.79423371186001,2.432767481284104,0.2368521028998642,1583
PID,0.5913888888888889,0.9194624690578084,1.489121740646048,6.067892403432066,3.907088949133472,0.1603645039047073,1584
GSCX,0.0,0.3715751569225973,0.2533891234210346,2.496387429500244,0.8531785027312986,0.41287273147935,1584
PID,0.7047222222222222,0.9356357844241108,1.8096441925585764,6.1891230033831865,4.240045162498057,0.1472457952070331,1585
GSCX,0.1958333333333333,0.8001767668351784,0.8107179228268958,5.269374469442351,2.647352386376269,0.2169354595555176,1585
PID,0.5136111111111111,0.9071014831800736,1.260825738438199,5.989928354730806,3.1431552353654486,0.1729395100348492,1586
GSCX,0.0,0.3462340545527638,0.2510453816460872,2.326171380018995,1.0895702371085134,0.4207224918231089,1586
PID,0.3197222222222222,0.8300973419948497,0.9857037778102646,5.5106111397912665,3.037006386405939,0.1972116307867123,1587
GSCX,0.2361111111111111,0.81310375738651,0.8300904755164692,5.357602851155763,2.2025812558615407,0.2148422443850409,1587
PID,0.7713888888888889,0.9488913599215766,2.3797955434837563,6.278915074711681,5.30688321897755,0.1307085084837763,1588
GSCX,0.0,0.4204210655034374,0.29885883374096,2.828505885236306,1.1346682697167334,0.3782046058012189,1588
PID,0.3661111111111111,0.8853424517107105,1.0540321079246486,5.850805101013626,3.092221039732777,0.1871678177195194,1589
GSCX,0.1213888888888889,0.6042472250197478,0.5756934124624111,4.1303408960314885,2.5780082229150696,0.2644423053342883,1589
PID,0.2486111111111111,0.830118703522393,0.8521724004522496,5.465129351550281,2.1400722481963936,0.2114541270400352,1590
GSCX,0.09,0.6128159246395972,0.5381129130952579,4.124390501557056,2.269173879369621,0.2722178112856653,1590
PID,0.2661111111111111,0.8193025781630068,0.8602472887035884,5.4184524654456885,2.381354359672679,0.2099389210559105,1591
GSCX,0.1083333333333333,0.5956505531623965,0.5481873831589035,4.043873494211482,2.247437937088139,0.2728937022241929,1591
PID,0.3605555555555556,0.8689215091251324,1.0686697547199806,5.719253578173666,3.3447492504849587,0.1876096709640328,1592
GSCX,0.0,0.3428839677241391,0.2430125798228849,2.299831872518157,1.042449591508868,0.4252339381568655,1592
PID,0.6272222222222222,0.925526855370151,1.6868051743384145,6.113608495710138,3.925423227765171,0.1536096243347791,1593
GSCX,0.0,0.3605793959859757,0.2502914007632294,2.430257400911502,1.1786043140756215,0.4115897284530815,1593
PID,0.2288888888888889,0.8467815767469722,0.8701382962073684,5.606853222227235,3.212404695435126,0.2034596310046867,1594
GSCX,0.1638888888888889,0.6828847383000634,0.6550950407498695,4.435370962090173,1.885243359352517,0.2518637536319449,1594
PID,0.4897222222222222,0.9050425089581832,1.3116283422627086,5.968909898880308,3.265890791420184,0.1717974582494355,1595
GSCX,0.0061111111111111,0.3862405702941315,0.2706069681904083,2.6047637440217817,1.2848269577809486,0.3931693001982302,1595
PID,0.7141666666666666,0.9383815436877988,1.859348237855863,6.205339255097136,4.092280167444307,0.1460992141906795,1596
GSCX,0.2152777777777778,0.7945576014380923,0.7851122456303009,5.249958966674162,2.1552347380470414,0.220625580609515,1596
PID,0.6888888888888889,0.9351453169065866,1.7438210102140748,6.174410174063917,3.9637436911295354,0.1500465099934458,1597
GSCX,0.1836111111111111,0.7819887415890225,0.7559238397655375,5.1404259518444855,2.0251928858830768,0.2267987952105779,1597
PID,0.2936111111111111,0.8699875185202839,0.9316913130390924,5.749313207987945,2.3889846259201453,0.1996444844142336,1598
GSCX,0.0866666666666666,0.6070986330181287,0.5316457645468955,4.111199965465797,2.1987777180962564,0.2741645399551914,1598
PID,0.2661111111111111,0.8697144421941558,0.9265850427148036,5.751630744853533,2.66208690635307,0.1996307889826104,1599
GSCX,0.0977777777777777,0.6295439199352975,0.5722052645204999,4.26421129263827,2.859876648412818,0.2599997541525323,1599
PID,0.4438888888888889,0.8872902134911111,1.1510234343209105,5.884748354554718,2.664727240551018,0.1821916928197036,1600
GSCX,0.0,0.3797109275052494,0.2647144461821479,2.551015588016006,0.9584362768992496,0.4048708199037704,1600
PID,0.4741666666666667,0.8781048534557331,1.1807292067527824,5.78725110373252,2.921827283232723,0.1803662941975165,1601
GSCX,0.0,0.5404111654772539,0.3941800387343287,3.6643314430565206,1.165388456455844,0.3226695680107854,1601
PID,0.7436111111111111,0.9441147325732528,2.141486754667889,6.235222768120065,5.206350320961135,0.1364035372827097,1602
GSCX,0.265,0.8213337230037604,0.8687404261788313,5.4296969238091535,2.0779981826768235,0.2109718728661946,1602
PID,0.6352777777777778,0.924886271905978,1.5962474108209077,6.114681535029705,3.688201040350549,0.1564927737406888,1603
GSCX,0.2391666666666666,0.8095259133517364,0.8286178005662188,5.333421394144357,1.9012497947401112,0.2169300746207126,1603
PID,0.4425,0.8882025074066534,1.2127403381829438,5.916944453610821,3.732470087431443,0.1755916239880593,1604
GSCX,0.0,0.4754018508341829,0.344608514440434,3.227159838461725,1.18687073058779,0.3490485911129017,1604
PID,0.7236111111111111,0.939971943016084,1.9316981584936692,6.212107788656378,4.723438514682442,0.1426021537539552,1605
GSCX,0.0,0.2989721279109729,0.2134157687325974,1.9973410930146265,0.9688890782654264,0.457743233143852,1605
PID,0.3827777777777778,0.8809168745124847,1.1192045340481154,5.793813898012996,3.6282670035859166,0.1826970455072832,1606
GSCX,0.0180555555555555,0.3944628081366984,0.3008265290802709,2.6651039464098205,1.3821325055893705,0.3809356512570602,1606
PID,0.2986111111111111,0.8434049228926135,0.9104713740224738,5.554415582142079,2.5638851773025366,0.2027832605645241,1607
GSCX,0.0,0.4422091472719111,0.3287890910304481,3.00618231709755,1.0385417542613091,0.3653033507028413,1607
PID,0.2275,0.8306695403690146,0.7951883204947694,5.470377790964188,1.9604808061126635,0.2161742261007275,1608
GSCX,0.0108333333333333,0.3788107140187261,0.2754856231301335,2.5463592331757705,1.452406683033145,0.392180413000433,1608
PID,0.66,0.9285645770363552,1.7053412049783927,6.142103524482489,3.7658853272134967,0.1525466474923345,1609
GSCX,0.0019444444444444,0.4027426518646884,0.2967760451099121,2.705279768145397,1.210081474514427,0.3843655494922394,1609
PID,0.2591666666666666,0.85807164790642,0.8954226004070627,5.6589901003071486,2.149846609520561,0.205385541755839,1610
GSCX,0.0,0.3665859350838326,0.2606912966973648,2.4745850780917897,0.9428772237852948,0.4113577281608977,1610
PID,0.4711111111111111,0.8940888528025741,1.2318610992714984,5.899471451171228,3.2930466821499937,0.1757939187516745,1611
GSCX,0.1819444444444444,0.7242989248105701,0.7115632781748151,4.735201425196444,2.193005913248008,0.2374687855438744,1611
PID,0.6302777777777778,0.9295011167356164,1.6598015304083775,6.148248390436604,4.338190590958431,0.1527462685888955,1612
GSCX,0.1733333333333333,0.8047096020274903,0.7595435084849103,5.318639781657986,1.9645650515765063,0.2238026547333461,1612
PID,0.6516666666666666,0.9265313741008836,1.6777489035877124,6.117080808495701,4.270534256224303,0.152263272356967,1613
GSCX,0.0086111111111111,0.4191310558944893,0.3007677672510815,2.837503771165262,1.284204595235373,0.3737904838590506,1613
PID,0.2561111111111111,0.847379083242092,0.8566779037348009,5.6016176007595,2.108688732546045,0.2086207866628268,1614
GSCX,0.0,0.3860813308313719,0.2737057683164545,2.6025461055917964,1.052267122306584,0.3980929539120788,1614
PID,0.5916666666666667,0.9207698145367632,1.4719178802695496,6.084876427005779,3.734451087934125,0.1612132618221971,1615
GSCX,0.0,0.3195728612746026,0.2269194869642253,2.162740407075241,0.9203574292384548,0.4423171432977456,1615
PID,0.2641666666666666,0.8531057701918012,0.8735009021128544,5.621660476773688,2.2641308956788864,0.206262452724737,1616
GSCX,0.0036111111111111,0.4157144145427439,0.303050768446523,2.806887708621065,1.2324937199315318,0.3767402970776654,1616
PID,0.6966666666666667,0.9363350853427144,1.8249176310394484,6.1912995159321325,4.457397743386308,0.1464714426945292,1617
GSCX,0.2625,0.8118032986782934,0.843121637974319,5.366038872867917,1.938264558726561,0.2143185981651588,1617
PID,0.4675,0.8963517340348497,1.2142972627442783,5.925114523141306,3.595355058537145,0.1750756076432866,1618
GSCX,0.1236111111111111,0.6565501226157666,0.6047532733983851,4.473717179067263,2.1544923932848934,0.2558442916482498,1618
PID,0.4661111111111111,0.8747221472402278,1.1626239118456885,5.762978887895879,2.9389416280156726,0.1815429631308587,1619
GSCX,0.0,0.3166317774705911,0.2238911998025013,2.125136221755836,0.8653692222086887,0.4471458804697471,1619
PID,0.2727777777777778,0.864695943702267,0.8965038926349909,5.712065860247478,2.375312755583417,0.2027449305223586,1620
GSCX,0.0,0.4646617802357866,0.3496465770215826,3.151006508952902,1.196115512584914,0.352100876279001,1620
PID,0.5775,0.9041343872566244,1.4789122002222974,5.968418609812085,3.9212866440223753,0.162057092965565,1621
GSCX,0.0,0.3583086955520794,0.2591169083538785,2.421866900947855,0.9705090931815498,0.4148719963231472,1621
PID,0.1941666666666666,0.8388620901621386,0.8101956848931166,5.563603951215534,2.317355218151305,0.2133008492759992,1622
GSCX,0.0,0.4774234551938466,0.3350675184701459,3.2198434090207795,1.0403429123871968,0.3527086583336234,1622
PID,0.7461111111111111,0.9444753482935576,2.3067566999354048,6.26593397454933,5.476568195324451,0.13229573852106,1623
GSCX,0.0,0.3614366981486278,0.255034606675915,2.4369973789058186,1.1371600251600191,0.4110839974520585,1623
PID,0.3527777777777778,0.8620378627669145,1.0589394651741644,5.670117272982285,3.3632973714802263,0.1889050417744628,1624
GSCX,0.0,0.3341985671414675,0.2415323359876181,2.2538022759717635,0.9702471632074146,0.4307865240825144,1624
PID,0.3036111111111111,0.8537666614048474,0.9501316297884728,5.637959825631585,2.8125387626184857,0.1982655141202101,1625
GSCX,0.0,0.4699089399966387,0.3419974098987618,3.1817953841739675,1.1520526672929698,0.3521708489239298,1625
PID,0.3044444444444444,0.8477509745109634,0.9087054163418826,5.597850798282551,2.45164569505041,0.2024720376477394,1626
GSCX,0.1008333333333333,0.6513324353654113,0.5823094642872696,4.262377431513864,2.202533008390062,0.2638098242125048,1626
PID,0.3288888888888889,0.86331499187218,1.0139849215701413,5.730513469034945,3.3209419181530544,0.1909505920078501,1627
GSCX,0.0147222222222222,0.5517109224784822,0.4222926089723609,3.742202045970592,1.380211685862608,0.3122160662602292,1627
PID,0.3694444444444444,0.8767066240714311,1.0521052168694078,5.787034493611368,2.8831225024099894,0.188938949466327,1628
GSCX,0.2730555555555555,0.8242492064884103,0.8755894393990863,5.449242761863116,2.1633154607929423,0.2094701933680231,1628
PID,0.2319444444444444,0.8186613455582281,0.814184897594651,5.386477104399839,2.2947998449633564,0.2147494931859813,1629
GSCX,0.0,0.3705733494064795,0.263281286724316,2.501927883930706,1.103832260854695,0.4057614797511536,1629
PID,0.2586111111111111,0.848946273849039,0.858112114315485,5.594591669775008,2.1084645598687777,0.2085208678053844,1630
GSCX,0.1536111111111111,0.6842022827764548,0.6412101943080033,4.457108195096945,1.7897613764182638,0.2537045567989847,1630
PID,0.2902777777777778,0.8531163107625906,0.905482837282236,5.62237292927578,2.4267246571431773,0.2028706718303163,1631
GSCX,0.0088888888888888,0.4579896039324888,0.3304345727663225,3.099325263893605,1.370506456604033,0.3536459481789882,1631
PID,0.2655555555555555,0.8338115798659413,0.8806166102835626,5.504982146634995,2.604851939134154,0.2062376570368311,1632
GSCX,0.2416666666666666,0.8097815337067213,0.8419626213675229,5.348773333365886,2.827933575423392,0.2108081358189202,1632
PID,0.2472222222222222,0.8474059456450918,0.8470539165281634,5.58108793405051,2.1229839492131197,0.209711616764463,1633
GSCX,0.0,0.416333114798338,0.3007453409407337,2.825575696004286,1.134642085622612,0.378318087890289,1633
PID,0.4894444444444444,0.901012513321619,1.3096683109178648,5.950138026078265,3.841003135743896,0.1700968423430694,1634
GSCX,0.0,0.345979526033873,0.2397064425602279,2.3256738197229643,0.8870493653126758,0.4273870229538332,1634
PID,0.2844444444444444,0.8325194057822205,0.8843858964944322,5.483309339248732,2.209627506687725,0.2076318735866195,1635
GSCX,0.0069444444444444,0.3611749862350265,0.2544000817207141,2.417926348645487,1.3181431925988327,0.4075370416787334,1635
PID,0.2691666666666666,0.8420339481160766,0.8783845790565066,5.540736034709232,2.2034151076824067,0.2075561908344119,1636
GSCX,0.0,0.3867736283166699,0.2718308784921309,2.5895441669653034,1.1195260340570683,0.3978127172197063,1636
PID,0.3538888888888888,0.8621396225324176,1.0291732720111455,5.695860636380069,2.8671890972481613,0.1918812645129522,1637
GSCX,0.0061111111111111,0.3799645405793423,0.2821081307394961,2.555851105467445,1.2911072489097364,0.3941826749507125,1637
PID,0.2627777777777778,0.8462298077324535,0.8749195259299014,5.578365548370821,2.526017134512558,0.2056960245587897,1638
GSCX,0.1766666666666666,0.7101019972469272,0.6971445655808625,4.634531144542209,2.383531390660389,0.2397402411589588,1638
PID,0.2277777777777777,0.8269862879172603,0.8498791530344172,5.446552340865571,2.8867438797578124,0.208877665895653,1639
GSCX,0.0,0.3968664401750871,0.2844085144730996,2.670297358084648,0.9817336015259396,0.3931047274218894,1639
PID,0.5111111111111111,0.8941552342564089,1.3738764246607391,5.893761177473675,4.128800961575348,0.167139740068961,1640
GSCX,0.0,0.3498268628500721,0.2423109275555082,2.3735668423527856,0.9149973772978406,0.4229202136415453,1640
PID,0.4566666666666666,0.8826898994250849,1.2325056201679243,5.80988325833962,3.594702556645574,0.1762283235055813,1641
GSCX,0.1633333333333333,0.6882792360809309,0.6569722398544117,4.666637431982143,2.172037153644569,0.2445169510915547,1641
PID,0.2286111111111111,0.7846060183914942,0.7951721778335306,5.164553846249419,2.855056404832921,0.2170810752097772,1642
GSCX,0.0,0.5268199064102043,0.3861374942941851,3.5793037114645028,1.151865030875838,0.3275681015174764,1642
PID,0.4211111111111111,0.8859402034495277,1.1174082592408543,5.893253065392717,3.108305364409786,0.1823297492208458,1643
GSCX,0.0416666666666666,0.5254507381731879,0.4164858475432881,3.5780332687146585,1.6319899003231562,0.314030470359401,1643
PID,0.5875,0.918504224701348,1.472254678427813,6.07070974328284,3.984618075635129,0.1606887860122604,1644
GSCX,0.2888888888888888,0.8190050380248977,0.9023061047474208,5.389068254797946,2.373841908251936,0.207425294992043,1644
PID,0.2972222222222222,0.842889341956492,0.9196925142108426,5.558202157922459,2.5469385084497955,0.2024624467542929,1645
GSCX,0.0147222222222222,0.3710482883165024,0.274089834086982,2.487636436401071,1.3871457619135856,0.3967745382603065,1645
PID,0.27,0.8547303183826072,0.8802743573139077,5.639725909722006,2.228671105687151,0.205580480608261,1646
GSCX,0.2083333333333333,0.791376637838957,0.799077943569149,5.210911730371905,2.887212151203257,0.2167446926362551,1646
PID,0.2472222222222222,0.8253551566355944,0.8431232038835395,5.438113605477602,2.2748803260507016,0.2117570491848677,1647
GSCX,0.0,0.4513977491420956,0.3399217961167933,3.0674406581349336,1.1663219629275818,0.3583451269616152,1647
PID,0.1663888888888889,0.7998187129566877,0.7155299723460522,5.255468380040455,1.9802564582957527,0.2277678642071779,1648
GSCX,0.0,0.3358425189053368,0.2413536260979713,2.246426614356405,1.1800392143368246,0.4265352450455285,1648
PID,0.2813888888888889,0.8579128880385252,0.9002653876883925,5.667951055408972,2.1978389568213346,0.2038625777710566,1649
GSCX,0.0,0.5566144003930574,0.4136304099239277,3.789231251976058,1.1264740804557092,0.3157684243344056,1649
PID,0.5463888888888889,0.9125414584726292,1.4087060817996664,6.041557312028185,3.5128083242279087,0.1654891755117523,1650
GSCX,0.0,0.3797251054018217,0.2763553079471958,2.5390966326530955,1.1126563429105911,0.400469395183868,1650
PID,0.2944444444444444,0.8713301790176093,0.93875257117579,5.748351192027895,2.7002655252658725,0.1978190202367402,1651
GSCX,0.2691666666666666,0.8158338498419124,0.8733815889030779,5.377788412491607,2.515463343242138,0.2091571863897424,1651
PID,0.3813888888888889,0.8650702402012566,1.0646700793334654,5.717510404475433,2.9463284836069272,0.1888040824053154,1652
GSCX,0.0,0.3669865841606291,0.2578382003479184,2.469642352010234,1.0241798489328198,0.4105018881405127,1652
PID,0.2888888888888888,0.8592919665977542,0.9157965092784796,5.681860503192515,2.494851420133988,0.2011675854935321,1653
GSCX,0.0,0.3547623588716877,0.2465140348299635,2.3888235450297715,0.939101339831178,0.4202406556168657,1653
PID,0.2961111111111111,0.8339669496999926,0.9037172873010416,5.49727952823893,2.478212248133665,0.2046279240983446,1654
GSCX,0.0094444444444444,0.4388781758771606,0.3242597130478301,2.949604496966131,1.3924349586608356,0.3619150853673644,1654
PID,0.4858333333333333,0.9009840438429808,1.2852448778719958,5.940846830410846,3.684099782718202,0.1716315708769382,1655
GSCX,0.0,0.4118218096043616,0.3022450470189557,2.770399044770292,1.0274707398271128,0.3830352873754699,1655
PID,0.4077777777777778,0.881307886955495,1.066455648977672,5.838737900506252,3.0897421131332647,0.1854669968074394,1656
GSCX,0.12,0.6883094150494109,0.6317251203897215,4.661301514432543,2.289477533695503,0.2480878810589187,1656
PID,0.3533333333333333,0.8635529841898419,1.0020390624806483,5.70646745764671,2.9413114327662964,0.1925151597105489,1657
GSCX,0.0030555555555555,0.3950980411668859,0.289846658895706,2.67002668497211,1.2218556225560842,0.3874747976089654,1657
PID,0.5702777777777778,0.9156019071144408,1.564230737352028,6.057138949496324,4.388328574415178,0.1574914631657255,1658
GSCX,0.2052777777777777,0.7895373657432158,0.7736880620337555,5.220390915115227,2.175296851486193,0.2222321533787177,1658
PID,0.2547222222222222,0.8601780500016916,0.8874002005426299,5.684210989872497,2.4582163752623662,0.2039816243421797,1659
GSCX,0.03,0.5687816066110017,0.4471906328494208,3.6861922570516032,1.3501796947257003,0.3095927046495204,1659
PID,0.3088888888888889,0.8450524846485175,0.9573554462504934,5.570284762919415,3.003266242278783,0.197931806047682,1660
GSCX,0.0047222222222222,0.4170208630169018,0.2988502269927229,2.804986875747882,1.2276944460217505,0.3773320630390807,1660
PID,0.5013888888888889,0.9028198327095934,1.3176987715125723,5.954828493461682,3.506135407914265,0.170588709095159,1661
GSCX,0.0061111111111111,0.3440292266070287,0.2542120523885077,2.32572639360821,1.2834707101170513,0.4151826923706563,1661
PID,0.0908333333333333,0.6117133843136406,0.4903315307405655,4.024210170506491,2.249757845737447,0.2790245882019418,1662
GSCX,0.0,0.4380058402192276,0.3022941918311558,2.9360088033437077,1.1741770085973704,0.3706269868247815,1662
PID,0.3955555555555555,0.871043607455909,1.0878596547520758,5.755824930960347,3.2690050156055896,0.1854946821401255,1663
GSCX,0.005,0.3817288162799289,0.2820012961627347,2.5666732776013026,1.2598365143412282,0.3942447486133763,1663
PID,0.4408333333333333,0.8873456236765449,1.1693790526350485,5.861201326177356,3.0963016940358217,0.180198606239869,1664
GSCX,0.0,0.4112699636673898,0.2984649106647113,2.79051468471039,1.052759028316718,0.38220541652296,1664
PID,0.2922222222222222,0.8590015160684926,0.948747370259032,5.672699685936895,2.5855445150106293,0.1992784031925119,1665
GSCX,0.01,0.4092475840085279,0.3098339734338183,2.767593486841329,1.373326647775798,0.3747513943692555,1665
PID,0.5313888888888889,0.9045260318979456,1.4198636564145313,5.959943953415498,3.965186310335368,0.1649599262144044,1666
GSCX,0.245,0.7883218437949844,0.8277121629271635,5.206307322276908,2.280587938747832,0.2171031082604993,1666
PID,0.4275,0.8818680720832183,1.1864657237689504,5.829380632951507,3.476581418012083,0.1789893072271633,1667
GSCX,0.0,0.3362196395356286,0.2357514512173979,2.2466795488025566,0.9963597896363924,0.4316808036370049,1667
PID,0.3091666666666666,0.8618640240341443,0.916762922741628,5.68857117268147,2.261329793403187,0.201296179185038,1668
GSCX,0.0,0.4135771999280538,0.2931637670184708,2.781261065258953,1.078635249914472,0.3829264599932777,1668
PID,0.3177777777777777,0.8591510485448433,0.9430395258262628,5.671357016015124,2.618995740691822,0.1983735876224711,1669
GSCX,0.0,0.3455544870625054,0.2372389229870821,2.3184455667361235,0.9055979027554656,0.4279740933016311,1669
PID,0.5027777777777778,0.9084899003717276,1.2700333189023991,5.998980217035077,2.9113551559042854,0.1736822551498026,1670
GSCX,0.0194444444444444,0.476620820525501,0.3639016734632564,3.220439485467816,1.6245008394523035,0.3382595680809735,1670
PID,0.3027777777777777,0.8661811374097805,0.93257801753789,5.713089214105107,2.604265930012103,0.1987878613782778,1671
GSCX,0.0030555555555555,0.3915244648523012,0.283530854690782,2.652868286075708,1.2245606253168864,0.389624049718736,1671
PID,0.5188888888888888,0.9070342442031328,1.3840771800396017,6.021306960149574,4.29555999016926,0.164677802571715,1672
GSCX,0.0,0.3669663737955425,0.265376274237572,2.467485718508008,1.1104920688326547,0.4075099487482616,1672
PID,0.3916666666666666,0.8803800865659898,1.066834308485704,5.821498460054764,3.354699091452854,0.1851356854929828,1673
GSCX,0.0613888888888888,0.6155913443047619,0.5067687129590375,4.162844503435491,1.638218350789166,0.2817351901926138,1673
PID,0.2294444444444444,0.8482382003365362,0.8338928335914508,5.592446981256566,2.070466565823939,0.211226869362036,1674
GSCX,0.1763888888888889,0.6817265853713547,0.6680613485913833,4.433492885129234,2.149687876318539,0.2482795227954672,1674
PID,0.6719444444444445,0.9301656811994352,1.7685090284342844,6.134278602695216,3.9239841198621104,0.1502910866865851,1675
GSCX,0.0,0.3565231249351643,0.2546900077673541,2.4030741626507712,1.1516486439113178,0.4132456454845248,1675
PID,0.6583333333333333,0.9297498397817172,1.6750761834995014,6.14882110582472,4.133544392742374,0.1522668589163234,1676
GSCX,0.0811111111111111,0.5915479867953058,0.5012401555673065,4.009280427795575,2.569873569446107,0.2769849196512381,1676
PID,0.4711111111111111,0.8583968323291454,1.2527961023636274,5.642712075692455,3.395744938244144,0.1780023291450484,1677
GSCX,0.0,0.4570941177157247,0.3250041650914341,3.0922776832198298,1.150919619530939,0.3592464403214838,1677
PID,0.3716666666666666,0.8740476796242299,1.0434946312025697,5.795777218512713,2.766681020190996,0.1896325615983597,1678
GSCX,0.0,0.3129558206123668,0.2216789414508047,2.1005995384223355,0.8801638891322225,0.4493359232905572,1678
PID,0.2875,0.8701790492156503,0.9156127594358888,5.763194297368563,2.292904779939664,0.2008628592307925,1679
GSCX,0.0,0.3830510756037149,0.2721201068291635,2.5742750327560584,1.0183830725628342,0.4008164901724996,1679
PID,0.5308333333333334,0.9108192283789274,1.3205878405504274,6.017959067203361,3.2282085035583425,0.1698652489909202,1680
GSCX,0.2016666666666666,0.7503740954377178,0.7597665035804986,4.926047151475545,1.9949262795684275,0.2304898511776055,1680
PID,0.2602777777777778,0.8617471126566675,0.8933156635962531,5.683790578002586,2.091258315739193,0.2052971211309047,1681
GSCX,0.0,0.3770804992960453,0.2603061865973999,2.516087774198669,0.90506319395489,0.4089542438757409,1681
PID,0.6802777777777778,0.9324215854046056,1.821222381754463,6.171033754289812,4.308536417370774,0.1474904870780657,1682
GSCX,0.0558333333333333,0.4889826849498155,0.4096522845247785,3.324162866608657,1.839258843606934,0.3214750696773145,1682
PID,0.5430555555555555,0.91088033768723,1.3473397400548288,6.007974319850464,3.762427159781676,0.1669642054321919,1683
GSCX,0.1136111111111111,0.6489734965379941,0.597297586735224,4.251256370513189,2.2395573240267503,0.2618237553568282,1683
PID,0.4155555555555555,0.8886889909745289,1.1443906634694607,5.867578417408483,3.3534756513126904,0.1808198963571927,1684
GSCX,0.0013888888888888,0.4679579676303672,0.3557448249215708,3.172046171115455,1.2057401343305134,0.3498712508045154,1684
PID,0.4380555555555555,0.8825381423334927,1.2402048943224226,5.822590575873678,4.352183547324832,0.1736234145426732,1685
GSCX,0.0,0.4056016051618297,0.2941617910477573,2.738076650233951,0.9544751275259892,0.3877528216439446,1685
PID,0.4247222222222222,0.8752460254008426,1.1911564516440492,5.763396626778871,3.617828098934553,0.1792055852413946,1686
GSCX,0.0241666666666666,0.5585393729175289,0.4275352171518717,3.753489943876774,1.5552872253089791,0.3080568507248532,1686
PID,0.6997222222222222,0.9352677966518792,1.912542021041309,6.195667211483937,4.68291624336991,0.1437851232700941,1687
GSCX,0.1644444444444444,0.6705903865524465,0.6332649420916766,4.579305466913894,1.79583654809968,0.2511894540378245,1687
PID,0.5972222222222222,0.9222904413747643,1.505951603208101,6.0923187629531865,3.510018110847545,0.1607119300724383,1688
GSCX,0.0,0.3539402493452969,0.2510857975934157,2.377402631920352,1.1570767475271315,0.4155571946783677,1688
PID,0.3938888888888889,0.8599260220193292,1.1377834386040435,5.690771330051642,3.564657414139166,0.1834207375908068,1689
GSCX,0.0069444444444444,0.4129572476432008,0.2985208289902903,2.7737847416570065,1.3016168947657714,0.3776197172382527,1689
PID,0.2688888888888889,0.8587943111518079,0.8857576613538009,5.675602874666739,2.285185255249893,0.2044837983190051,1690
GSCX,0.0,0.5464131170847872,0.406344910076361,3.7217312485984855,1.1870636785262252,0.3186825528445078,1690
PID,0.2302777777777777,0.8534798194422407,0.8664723445144836,5.668491014835686,3.172317782259561,0.2027528457601125,1691
GSCX,0.0502777777777777,0.6012344565286262,0.4897497485639376,4.049016552895964,1.756026534380699,0.2867435324305404,1691
PID,0.5833333333333334,0.9099316276649362,1.548354096134284,5.998165636981699,3.661898509426415,0.1603906380557086,1692
GSCX,0.0,0.3386446614748288,0.2355572140615904,2.275563411504459,0.8395550905925011,0.4331447869325677,1692
PID,0.5291666666666667,0.901909615307548,1.4083850653846823,5.944731357064189,3.4867696612641432,0.1671313503220393,1693
GSCX,0.1963888888888889,0.7210863217589824,0.7263277265201885,4.712721478500551,2.357459261476275,0.2351731632913697,1693
PID,0.5844444444444444,0.9199505796247855,1.5159054624722992,6.079304789323636,3.812318488254915,0.1599704858587486,1694
GSCX,0.2369444444444444,0.7958210524846401,0.8120969662164975,5.235463940306423,2.400128053096181,0.2169762981982267,1694
PID,0.3005555555555556,0.8357442280663021,0.9126775092537294,5.505154850998733,2.6663494024844856,0.2029487707710064,1695
GSCX,0.0941666666666666,0.6527926101040553,0.577541240184166,4.348986087689629,2.1586328141811824,0.2628535536365943,1695
PID,0.3102777777777777,0.861821942549621,0.950599178508004,5.694122649639468,2.5170284223879955,0.198462192428533,1696
GSCX,0.0,0.413849477591343,0.3050708110380306,2.7837926305039584,1.1288070202488456,0.3799977657414283,1696
PID,0.1441666666666666,0.7198329953737069,0.645306055904497,4.851697325515568,2.056808346063587,0.2425512957005303,1697
GSCX,0.2311111111111111,0.7966190253439919,0.8034611627512067,5.238013169286032,2.192073290595984,0.2188303347382149,1697
PID,0.6947222222222222,0.9356969330153486,1.7706889708181313,6.18112238960313,4.225558560452956,0.1485000696942328,1698
GSCX,0.1775,0.750430303033612,0.7240645691259137,4.931872213039037,2.280482592036837,0.231939032334623,1698
PID,0.2647222222222222,0.8367878458214804,0.8777792601694702,5.509550118158145,2.417094614948703,0.2072441000437149,1699
GSCX,0.0033333333333333,0.388676134490011,0.2840425561895304,2.6218891086195204,1.2254231596566407,0.3913287232576872,1699
PID,0.2880555555555555,0.8553610438083701,0.8945359268887834,5.640468063778215,2.129706426093078,0.2046376566242447,1700
GSCX,0.0038888888888888,0.4230588658208186,0.3098204167013506,2.848985948415376,1.2367205381784625,0.373048112011037,1700
PID,0.4630555555555555,0.8936265196215873,1.1988183957678504,5.912594720362922,3.0319904051709434,0.1780267073645813,1701
GSCX,0.0183333333333333,0.5427729769620218,0.4060309699367921,3.705843497039686,1.3611273241522277,0.3154976473843893,1701
PID,0.7105555555555556,0.9398500118425112,1.9506470221912984,6.208745814233284,4.170242063036948,0.143829225667806,1702
GSCX,0.0,0.3354855598077122,0.2304644758971318,2.2462896897023747,0.8335326234916691,0.4365468784337441,1702
PID,0.2222222222222222,0.8421074882458018,0.8388263421920465,5.5667153944550805,2.3497203691652686,0.2103404898990058,1703
GSCX,0.3027777777777777,0.8080433200686329,0.8985950234282791,5.3157140128349045,2.0363287700011026,0.2100967826714489,1703
PID,0.5761111111111111,0.91749298842008,1.3640024824641697,6.062381650773719,2.8740693154645416,0.1678948854084284,1704
GSCX,0.2627777777777778,0.7960536902771115,0.8470833703126822,5.2321817948265865,2.0952297308176924,0.2157271642910891,1704
PID,0.555,0.9088853256444376,1.6310017341270509,5.993568172192805,5.3238505060474255,0.1539714338860034,1705
GSCX,0.0069444444444444,0.4343108234845026,0.3201533127709705,2.950137648729842,1.2424966291072024,0.3654702626338434,1705
PID,0.3430555555555555,0.8535746931391794,1.0166004723653668,5.66709710833709,3.1102046137923267,0.1922288330667812,1706
GSCX,0.0,0.3923178500031831,0.2733055756116718,2.6572442670150385,1.165408654676804,0.3926089484556793,1706
PID,0.7152777777777778,0.9371803916044582,1.7622921562613123,6.19591665403633,3.747914851543467,0.1493908378620677,1707
GSCX,0.0180555555555555,0.3938229752270576,0.300451669391436,2.646915517051469,1.413009970629433,0.3814239869113761,1707
PID,0.1775,0.8042701029317745,0.7549487436077448,5.275270708943723,2.312382428625101,0.2225339772982734,1708
GSCX,0.0,0.4423415623692526,0.3241164436946948,3.0020116979614127,1.1555906059375425,0.3643044638275083,1708
PID,0.4769444444444444,0.8900691180008816,1.3368659430254042,5.876646790562703,4.131166562358727,0.1694744501819693,1709
GSCX,0.2719444444444444,0.8213557549674559,0.8635427529832208,5.411308761149412,1.9981701579046376,0.2116316994409588,1709
PID,0.2455555555555555,0.8517411670151607,0.8654403921575277,5.633803032800485,2.64615919584516,0.2053306431546648,1710
GSCX,0.0,0.470655140010071,0.3321329886318711,3.172192723704275,1.089814396402927,0.35483814771671,1710
PID,0.2280555555555555,0.8513015303420879,0.8543140105093496,5.614946503079175,2.0973513437214675,0.2097403373619738,1711
GSCX,0.2297222222222222,0.7902919153680409,0.8149728562377884,5.196433991338579,2.167230696648039,0.219267312258418,1711
PID,0.6236111111111111,0.9244404341447122,1.7405656291072102,6.104259968803225,5.030366072792351,0.149379334474965,1712
GSCX,0.2802777777777778,0.8060253272362478,0.8790076206758285,5.30648122800363,2.129218149519769,0.2117445304166376,1712
PID,0.1175,0.6741279196071539,0.5697188767918303,4.518391764170193,2.8692425971099222,0.2516803085076605,1713
GSCX,0.1127777777777777,0.6147107218097123,0.5729270648231456,4.193177170417941,2.39317829613154,0.264942015729362,1713
PID,0.2394444444444444,0.8406805979687278,0.827515990505892,5.55226424786642,2.548973995635935,0.2093281799295723,1714
GSCX,0.0505555555555555,0.5355874332569625,0.4244952967386977,3.6319097644163656,1.6160866023101574,0.3102108824763486,1714
PID,0.7,0.9329511642162266,1.840844929349931,6.178845491871926,4.411747077273667,0.1462680507462646,1715
GSCX,0.0677777777777777,0.5982072886456454,0.4956728085329267,4.0701125215377525,1.7263456394747112,0.2845831080000494,1715
PID,0.2736111111111111,0.845015402083967,0.8776349802923393,5.563670018843821,2.4044914347009123,0.2059694053414479,1716
GSCX,0.2188888888888888,0.7648800559299389,0.8121724493914553,5.046443376891455,3.65764087704885,0.2145164713909984,1716
PID,0.7494444444444445,0.9431203074475302,2.2291726786640456,6.233299138401178,5.814727938031508,0.1332381021933483,1717
GSCX,0.0,0.3495359143818387,0.2433625048507015,2.3266203072106344,0.8320920977008956,0.4275042419049853,1717
PID,0.4347222222222222,0.8867900916020117,1.1963212305229194,5.866843879602021,3.2843531894568883,0.1786591994457619,1718
GSCX,0.0,0.3833683375300694,0.2699326993405088,2.5709000114188942,1.022943081684146,0.4012825157804313,1718
PID,0.2872222222222222,0.8364841694836398,0.8977195562514174,5.502884042979428,2.3754739927693085,0.2056683046705996,1719
GSCX,0.0030555555555555,0.4417495497723779,0.3126445002257486,2.990891256074583,1.215647462544498,0.3651712196587193,1719
PID,0.6738888888888889,0.9336661534820162,1.7996258762541424,6.166619705732967,4.868870146702047,0.1467091285901732,1720
GSCX,0.0,0.3440332211547295,0.2391408172444842,2.295979926562679,0.7976851573952108,0.4315581112495168,1720
PID,0.4369444444444444,0.8738004644173907,1.2240240807292186,5.760354758422474,3.433755020246513,0.1784199019614473,1721
GSCX,0.0,0.3379460249745418,0.2384761920081241,2.2613308002834325,0.8456099827194848,0.433399780654201,1721
PID,0.0925,0.6069878036184037,0.4752664463724224,4.0648343404886775,2.102117874131004,0.280632136606708,1722
GSCX,0.1266666666666666,0.5890486740513996,0.5652282737602251,4.009855573664479,2.2768750356536414,0.270990656730836,1722
PID,0.1830555555555555,0.764015392379821,0.7132316278972212,5.013740993517313,2.102018742825723,0.2315635541615644,1723
GSCX,0.0,0.4134781981488382,0.2889091429747644,2.7840153424859904,0.9809599448074126,0.385210117970898,1723
PID,0.3555555555555555,0.870857620924815,0.9996716521800671,5.812649768490959,2.810025630825762,0.191618205892354,1724
GSCX,0.0244444444444444,0.4798674915890945,0.3703453520643149,3.233337691854853,1.625258642627241,0.3361950330532789,1724
PID,0.3319444444444444,0.8410727035711799,1.0027526653318997,5.549713419954114,3.071084951977647,0.1951453692678108,1725
GSCX,0.0,0.3562424731573603,0.2539391224110042,2.4003099662573595,1.0942119908660306,0.4147560110720977,1725
PID,0.5077777777777778,0.9026469506662048,1.2954059561581062,5.954395726266469,3.7142096987394098,0.1703966747145076,1726
GSCX,0.0052777777777777,0.3893041630621387,0.2812104366105035,2.6062766940977227,1.2675250988132536,0.3915279634734217,1726
PID,0.3122222222222222,0.8570988864082849,0.9237359588875445,5.66195675790567,2.3008581960436625,0.2011338265920137,1727
GSCX,0.0,0.382932882420082,0.2793726913235317,2.587778517134966,1.1171661964071051,0.3969179823374916,1727
PID,0.4347222222222222,0.8945465949413689,1.1024985808961347,5.909504426311849,2.938799045948848,0.1827819724268068,1728
GSCX,0.1294444444444444,0.7267677253760716,0.6864386673763763,4.762023874200944,3.127568717774604,0.23509558318411,1728
PID,0.2811111111111111,0.8492130235950516,0.9472611554872996,5.593125597699454,2.8401183860631942,0.1998540103112975,1729
GSCX,0.0319444444444444,0.4568165082753933,0.3611278312552345,3.0847745372368545,1.852075046711689,0.3405214481199174,1729
PID,0.3016666666666667,0.8686872695629486,0.9221245635637936,5.740255279177398,2.281350368653764,0.2004102658739633,1730
GSCX,0.0,0.4813438534381819,0.3526742335737912,3.245110187538121,1.120094427576319,0.3478567845100188,1730
PID,0.2736111111111111,0.8389195686989751,0.850562812093891,5.539341807663544,1.9692282922919997,0.2100036922853159,1731
GSCX,0.2,0.7851186743885094,0.7827557692644824,5.179936483296812,1.959032438074447,0.2240948377978878,1731
PID,0.3761111111111111,0.8602340458820729,1.0642227609971069,5.662158556192488,3.328723426803976,0.1881444969207656,1732
GSCX,0.0,0.3644467793461116,0.2673619801312462,2.459915962352401,1.1210848847832242,0.4075643948675603,1732
PID,0.2825,0.840050142314203,0.8922731194844591,5.54989327685744,2.59048303168023,0.2042757527251789,1733
GSCX,0.0,0.3475854728115793,0.2470647882398512,2.326369831391052,1.0066401190735157,0.4231530770223125,1733
PID,0.2772222222222222,0.8602080796753098,0.9126947314441528,5.693479448817378,2.368848581869416,0.2022138493729504,1734
GSCX,0.0213888888888888,0.5638128219158156,0.4400995151446171,3.8506977515920457,1.4859710300008775,0.3043885342886364,1734
PID,0.1261111111111111,0.7688589250178971,0.6538987495050118,5.121294180888775,2.261211923919632,0.2350074281591035,1735
GSCX,0.0083333333333333,0.379955712990576,0.2730357801558825,2.5569619458229407,1.3708696270969314,0.3938412990239021,1735
PID,0.2508333333333333,0.8512062770892995,0.8639422340437526,5.608512561463776,2.092150520485341,0.2084093126630647,1736
GSCX,0.0308333333333333,0.494623895469899,0.387046950763283,3.3875505041678258,1.7355473240907495,0.3254070587080167,1736
PID,0.7186111111111111,0.938545425322834,1.998314637049812,6.211281224488504,4.870303450806292,0.1408949294484274,1737
GSCX,0.0077777777777777,0.4023080795964452,0.2972248005302553,2.7157961747872075,1.3436880324034162,0.380584856428075,1737
PID,0.5930555555555556,0.9183166022015982,1.6095916370318606,6.069576101328626,4.491357812777759,0.1552755633430937,1738
GSCX,0.2238888888888889,0.8177444582637939,0.8297646949606285,5.40497791221621,2.035853328166972,0.2154866028894488,1738
PID,0.4213888888888888,0.8764595116861357,1.1139079054140726,5.790284654577621,2.882546695116798,0.1847199782635865,1739
GSCX,0.0,0.3434435576036997,0.2407357348333136,2.318291717730806,0.8322150669218199,0.4290691208361082,1739
PID,0.1752777777777777,0.7610301158092128,0.674321217884243,4.992101441592593,1.9216433909458104,0.2359978142060917,1740
GSCX,0.2238888888888889,0.801552191373676,0.8130701846385392,5.298405953583155,1.8986630821802355,0.2192383285613101,1740
PID,0.5097222222222222,0.9071398060001624,1.2638493207906063,5.993466019172217,3.1495532840422067,0.172895847934438,1741
GSCX,0.15,0.7306267522121153,0.6777919770467192,4.796543131819978,1.9086565363522887,0.242002887896315,1741
PID,0.2925,0.8472410539666249,0.9517192353552832,5.615432763700571,2.867414847694678,0.1988015889455086,1742
GSCX,0.1352777777777777,0.7131727196620713,0.6745196931924136,4.837490805028359,2.670949273480616,0.2374274531050989,1742
PID,0.3113888888888889,0.8516578663421016,0.9547673883137746,5.614836989575856,2.482401220063132,0.1996821001601115,1743
GSCX,0.0225,0.4581653455288952,0.3475751197639757,3.1034294859316227,1.6163532111367185,0.345880764194281,1743
PID,0.68,0.9297663826343048,1.730337856090447,6.140178348995991,4.4669849374450905,0.1495468626457203,1744
GSCX,0.2572222222222222,0.8090828786219736,0.8550099998483206,5.325846004628208,2.2255310346471138,0.213086478354886,1744
PID,0.7488888888888889,0.945052698615691,2.1056449999414157,6.243213756898711,5.290194839686343,0.1367929118172051,1745
GSCX,0.2022222222222222,0.7837818749989782,0.7864487530033011,5.16072086391624,2.3107987385618576,0.2220462705235011,1745
PID,0.4577777777777778,0.8960996330807577,1.242050840397062,5.906325143378932,3.8407384463059504,0.1737504447649134,1746
GSCX,0.0061111111111111,0.3646861532086073,0.2709598300977882,2.4399490330358486,1.2912668116276684,0.4036799672302409,1746
PID,0.3130555555555555,0.8602335255586183,0.9214831500839826,5.669327483152964,2.700664471557597,0.1991184443910054,1747
GSCX,0.0119444444444444,0.5553093607322808,0.4163917790681467,3.7659356574644,1.374725265998167,0.3122161637214981,1747
PID,0.3980555555555555,0.8762151084427905,1.062385429843142,5.7883012798574764,2.7840816769161165,0.1879356026712042,1748
GSCX,0.0,0.3199792179421372,0.2246063363868914,2.141970176364442,0.845319384476956,0.4459934279924418,1748
PID,0.0897222222222222,0.5686382466936388,0.4561747147529698,3.889895611969077,2.11724915355138,0.28877238676885,1749
GSCX,0.0052777777777777,0.4049139355746748,0.2867375630123859,2.744490015770207,1.2650770448337425,0.3823680723021128,1749
PID,0.2108333333333333,0.8157645013971963,0.7727424556678043,5.375937033028593,2.1891140691471267,0.2187123406712847,1750
GSCX,0.1125,0.7453642473511807,0.6806964830023955,4.886021311316359,2.0508518326663308,0.2407961846000784,1750
PID,0.7288888888888889,0.9388545251259512,2.0027475750373958,6.218639264642453,4.58450396781561,0.1412217949457838,1751
GSCX,0.0,0.4128093234042413,0.2922505586053888,2.772381764874364,1.0209692313714012,0.3846021105959407,1751
PID,0.2030555555555555,0.8200230298875951,0.814109748448272,5.394251765336453,2.783576856514827,0.2132376216917699,1752
GSCX,0.035,0.6935631248660192,0.5602382336107583,4.624245463481657,1.5912196337990716,0.2650552908436407,1752
PID,0.2736111111111111,0.8392099040862123,0.9096691561683768,5.522536184956342,2.5295129874836717,0.2045692228543408,1753
GSCX,0.0,0.4791592739217606,0.352603417745943,3.2616662520486788,1.098019444301027,0.347604713616861,1753
PID,0.2002777777777777,0.8097754409509114,0.7949555884004242,5.319657625441768,2.717690700635474,0.2161166424508714,1754
GSCX,0.0038888888888888,0.3646569020408698,0.2623885404237392,2.448102806088216,1.2398539073163997,0.4061358450669459,1754
PID,0.6413888888888889,0.9268559784102324,1.681307639529868,6.123620508122414,3.752097663647681,0.1538122824852364,1755
GSCX,0.0083333333333333,0.3819518252640998,0.284202676966349,2.567630744106577,1.382426496725572,0.3910226609718045,1755
PID,0.6980555555555555,0.93583863773436,1.7743309646642915,6.184236179355793,3.6645655537958177,0.1498087496657245,1756
GSCX,0.1558333333333333,0.7312745308520824,0.6795225057921276,4.792763036285429,2.0959518570645006,0.2403058855076292,1756
PID,0.3608333333333333,0.876531311311493,0.9906107930670254,5.787559975227587,2.5899400577406584,0.1929986611388046,1757
GSCX,0.0319444444444444,0.5379969507508623,0.4210958855176156,3.658920017190468,1.4251804865135669,0.313588523509488,1757
PID,0.2705555555555555,0.8547996049957473,0.9029290025798328,5.636152435158779,2.3157052033639505,0.2041243214077357,1758
GSCX,0.0033333333333333,0.4873727646672503,0.3619136422120947,3.326629677078176,1.209567596515311,0.3412707701646688,1758
PID,0.6747222222222222,0.932520318594088,1.81898115874776,6.165186030969974,4.519390678114014,0.1471588562243155,1759
GSCX,0.2469444444444444,0.8039200996617896,0.8479705282533493,5.31075832481813,3.060124719752814,0.2097554556393074,1759
PID,0.2761111111111111,0.8559886560898832,0.9578750964427232,5.676778826932199,3.624906886867793,0.1946725888325903,1760
GSCX,0.0,0.3157736569570829,0.2281515220926708,2.135924278722694,1.1401998062110348,0.439085205727941,1760
PID,0.0125,0.4906645325955738,0.311456279484946,3.300653521252339,1.351522855450211,0.3456246177665705,1761
GSCX,0.2733333333333333,0.8151435335751024,0.8669282142576867,5.396354458222012,2.15502667476049,0.210921684247089,1761
PID,0.1769444444444444,0.6910528629759533,0.6456669112371772,4.738964596957083,2.110142092729117,0.2433086179221809,1762
GSCX,0.0,0.3482452512100564,0.2470199357580074,2.336059618027992,0.9615256187473568,0.4234711003633245,1762
PID,0.3963888888888889,0.8077681460704704,1.0651206321783668,5.285039710526188,3.437880925945461,0.1925362602548768,1763
GSCX,0.0,0.3145416769383812,0.2269518132697159,2.1086327471246613,1.1471816463947089,0.4411361179965947,1763
PID,0.2483333333333333,0.8380313124205058,0.859642374921478,5.523351049659191,2.2681542668899626,0.2093624625547614,1764
GSCX,0.0,0.3797921068112913,0.2765556427520572,2.5338758050856764,1.1075892199060846,0.4008200950276713,1764
PID,0.4319444444444444,0.8854437083949918,1.1746504917965277,5.871423342463796,3.0457036731479885,0.1804079732067141,1765
GSCX,0.0155555555555555,0.4236587674142781,0.3174087743066197,2.842840476780264,1.4346611745143512,0.367308761992167,1765
PID,0.7241666666666666,0.9394590177561865,2.013403612853345,6.218429718486651,4.848623567951005,0.1404503766076286,1766
GSCX,0.0077777777777777,0.5245802774599436,0.3848005869435375,3.5140075711285794,1.2506077875573172,0.3281814175333183,1766
PID,0.2325,0.8504164619962401,0.8668451626248753,5.635248923156166,2.5743452608806185,0.2061866025688739,1767
GSCX,0.0330555555555555,0.5356554100358162,0.4193411048436567,3.630385499423514,1.651460488035831,0.3120917558207896,1767
PID,0.4675,0.8885215888400677,1.2303291352664902,5.853038022449059,3.3987965142204226,0.1761457861815076,1768
GSCX,0.1505555555555555,0.6869450516731906,0.6419352680850423,4.4883888104621485,1.8583226829728532,0.2525415510645958,1768
PID,0.7147222222222223,0.939318191117692,1.8910068251244967,6.204084620070383,4.445256158317657,0.144458918370134,1769
GSCX,0.0,0.4050333548764161,0.286888229965022,2.7447187615020945,1.1734896385832814,0.3847171295987761,1769
PID,0.2847222222222222,0.8508539068890385,0.8806717040161137,5.61545892600949,2.2122513149866982,0.2054558329377262,1770
GSCX,0.0663888888888888,0.5792704749402596,0.4722559355752438,3.942873465436285,1.6171791816101726,0.292345573177056,1770
PID,0.3091666666666666,0.862524272229046,0.9714998491407942,5.698967091016444,2.776786419075789,0.1963168880513338,1771
GSCX,0.1505555555555555,0.7552868380100853,0.7179364924411367,4.975813790015317,1.9047371365070955,0.2352792780442552,1771
PID,0.1919444444444444,0.7993636150840244,0.7530345515408695,5.29958971937536,2.773332871566873,0.2189308439233953,1772
GSCX,0.0,0.3844219175988775,0.271501041875487,2.580148673913504,0.972303934856974,0.4013856608433063,1772
PID,0.2822222222222222,0.8350008966802234,0.8990102267969455,5.507760034087797,2.392044961858472,0.2056916829344848,1773
GSCX,0.1408333333333333,0.637067217486187,0.6017046320965144,4.316905516088951,2.478299641088002,0.2565614589937462,1773
PID,0.7127777777777777,0.9366634401101502,1.7809589274656057,6.190254552970141,3.813542692170463,0.1488638998348455,1774
GSCX,0.2661111111111111,0.814659639973809,0.8510204961165985,5.372326965281356,2.0311204446021045,0.2130887921341448,1774
PID,0.5286111111111111,0.911824535062068,1.3844725203517096,6.022623731748518,3.6198731426580233,0.1665513296624956,1775
GSCX,0.0130555555555555,0.3912327345089107,0.2852937293714879,2.650032194228184,1.4703798660363192,0.3835988123097611,1775
PID,0.2444444444444444,0.83416415632857,0.8411596329569071,5.50699162213619,2.261114776344471,0.2107981454586509,1776
GSCX,0.24,0.7937444715498173,0.8613225249082885,5.237523593842517,2.7651482033849075,0.2123326708634035,1776
PID,0.2538888888888889,0.8463041149919488,0.8698405724433842,5.577059900018881,2.0951997043738406,0.2085529526333393,1777
GSCX,0.0,0.4290539063033244,0.3013639840461327,2.888489748894193,1.0574293642928112,0.3755956605221365,1777
PID,0.2847222222222222,0.8586270804751687,0.898753445512598,5.669998082578002,2.5675698387233354,0.201924709660982,1778
GSCX,0.2436111111111111,0.8156333515655947,0.8422123454688901,5.386971998108628,1.8906116623634648,0.2150818259228031,1778
PID,0.6105555555555555,0.9194672706848628,1.5066546755080903,6.068698059493006,3.6005200535195057,0.1603144035379862,1779
GSCX,0.2061111111111111,0.8097929910889042,0.8015568046549423,5.352830264674566,2.121119728477835,0.2183284363363895,1779
PID,0.3247222222222222,0.865923770082984,0.9836479367593678,5.730987015449222,3.0183813548328047,0.1936313912333249,1780
GSCX,0.0,0.3435291381240783,0.2431272220960948,2.303509339097612,1.099799241478751,0.4236871209292286,1780
PID,0.6455555555555555,0.9279391220769484,1.626467586603585,6.123702311655716,3.654626291983975,0.1554220504695186,1781
GSCX,0.2513888888888889,0.7965565434176692,0.839570801557646,5.236593055993648,2.063419394132388,0.2167417804942298,1781
PID,0.2727777777777778,0.8500245760969382,0.902983127064748,5.607529631534702,2.6211662854914275,0.2030149505845276,1782
GSCX,0.1738888888888889,0.7904179701316467,0.7682735658879511,5.216775746144534,2.09037036781838,0.2246487354243106,1782
PID,0.2466666666666666,0.8466325208178056,0.8417972209353485,5.605479738364273,2.286870938458845,0.208769545768783,1783
GSCX,0.1408333333333333,0.7417863641586846,0.6828229621885401,4.855618496744436,1.8650332763808963,0.2410211823018595,1783
PID,0.2758333333333333,0.8449235951118398,0.9440643513323296,5.5995617452487165,3.099408327451016,0.1989536887146009,1784
GSCX,0.0,0.3894334330960267,0.2862364102192633,2.6142123983729357,1.1164219647680065,0.3938480817250641,1784
PID,0.6411111111111111,0.9251573658872236,1.629867289131235,6.106171397228213,3.79485513027228,0.1552113318672584,1785
GSCX,0.0091666666666666,0.3778881374481982,0.269711854267518,2.549880394999743,1.3896850025288878,0.3944586905821809,1785
PID,0.2930555555555555,0.8457563626360418,0.9225167554577202,5.564803091722772,2.962052415168016,0.2003389044428852,1786
GSCX,0.2841666666666667,0.8079746411488768,0.8784823161123139,5.336670596541143,2.273479691226733,0.2103165272831378,1786
PID,0.3072222222222222,0.8687684828763481,0.8977995269376056,5.750896610012665,2.037079611507349,0.2023058461848735,1787
GSCX,0.0402777777777777,0.6188194916511537,0.500564271737181,4.220741735913056,1.6208854738434386,0.2823954842332506,1787
PID,0.3141666666666666,0.8297348580948456,0.941445846290968,5.489043223343397,3.005878284876688,0.1997998682208493,1788
GSCX,0.0458333333333333,0.4992609553766933,0.392328331212758,3.396318343204221,1.6480123537712754,0.3237781197202496,1788
PID,0.2708333333333333,0.8553689539440443,0.9012284743850872,5.649200826125869,2.470467351921712,0.2032199363350595,1789
GSCX,0.0041666666666666,0.4568026984276016,0.3345229415537767,3.077714235318428,1.2411944536326056,0.3566529136775804,1789
PID,0.6352777777777778,0.9259714718254866,1.624234522181165,6.122433656632299,4.152710050154879,0.1543257531683614,1790
GSCX,0.1452777777777777,0.6933037922926616,0.654231133260073,4.539651111743196,2.148074958303773,0.2485357754006632,1790
PID,0.2552777777777777,0.8496848596843855,0.868576238824094,5.598399049138834,2.190701234240826,0.207667342321309,1791
GSCX,0.1861111111111111,0.7323033104374732,0.72846872088915,4.813540580679823,2.1705377048858017,0.2346224393347301,1791
PID,0.2838888888888889,0.8674768538066047,0.9479002254006952,5.741127034752861,2.542160445359912,0.1987519397127878,1792
GSCX,0.0,0.3482017666268758,0.2423385612445758,2.325050424618134,0.8367102343284691,0.4278191838779411,1792
PID,0.2866666666666667,0.8651422286303608,0.9106474633526724,5.722722991075551,2.30715861034209,0.201714372088082,1793
GSCX,0.0,0.3809491866284935,0.2682279292584722,2.5489356132499545,1.0252360619996708,0.4029603647207807,1793
PID,0.6272222222222222,0.9236469290380394,1.610110662152044,6.104624962502127,4.03536621454795,0.1554038321732445,1794
GSCX,0.0,0.3245840844879198,0.2264534080960728,2.1744686548098686,0.8293745535550849,0.4433114266304644,1794
PID,0.2391666666666666,0.8525155697858844,0.9016194513741964,5.647780099079137,2.7515640040433658,0.2031904647875608,1795
GSCX,0.1827777777777778,0.7518358816125515,0.7433711303116297,4.922040842764486,2.4202236452501107,0.229781877471888,1795
PID,0.41,0.8904660885517245,1.176075349075807,5.897043838165024,3.1803813321105405,0.1801800591822032,1796
GSCX,0.0875,0.6233486119365867,0.5421503249258617,4.0804629968506845,1.8976709625292,0.276223651654538,1796
PID,0.4027777777777778,0.8791054835589371,1.111678152364039,5.837103560896345,2.7956138786827003,0.1851961211966948,1797
GSCX,0.0977777777777777,0.648007051198809,0.5536181541445694,4.245309663463322,1.6066892343222403,0.2719592096778604,1797
PID,0.5338888888888889,0.9091369573493144,1.3764413137147895,6.011145856022714,4.086101963464015,0.165253221435807,1798
GSCX,0.2158333333333333,0.8104220384712061,0.8439619560016177,5.348970071209177,3.0630809837661843,0.210588798806258,1798
PID,0.7266666666666667,0.9395311972627756,2.1320368750967025,6.209097713665372,5.423450599031424,0.1366363898061943,1799
GSCX,0.0111111111111111,0.4800608251903775,0.3545698481951237,3.2453611441410097,1.4644295216708685,0.3414398834371733,1799
PID,0.7358333333333333,0.9443095627468436,2.392673259767783,6.231933567097928,6.031154138231139,0.1299101410566762,1800
GSCX,0.0894444444444444,0.6039904200818066,0.5311997800041751,4.069716013605144,1.6617641457284946,0.2801613128928362,1800
PID,0.21,0.8478873974660244,0.8262640507251569,5.596480736068344,2.3201242205241823,0.2110763162917109,1801
GSCX,0.0,0.3536971573545891,0.2450218463017642,2.3817409718876723,0.884701561187795,0.4222150510811339,1801
PID,0.2458333333333333,0.8444260732545912,0.8631796198505713,5.570088820674761,2.709378040761043,0.2061864555140415,1802
GSCX,0.0,0.4152124799466657,0.2969374084809996,2.7923654570173606,1.1504801765562416,0.3803926897773168,1802
PID,0.2602777777777778,0.8219462976078034,0.8635551342818591,5.400378595061737,2.618577907845778,0.2090114834306463,1803
GSCX,0.0,0.3054964646924155,0.2194806119069654,2.0530872257944064,0.9585656729505344,0.451975257798645,1803
PID,0.1347222222222222,0.7279354734037143,0.6116239036609857,4.7573163719468745,1.8529300068890784,0.2486021220583009,1804
GSCX,0.0311111111111111,0.498310369165325,0.3913033937560909,3.385334003034866,1.5900695700426666,0.3266415626687999,1804
PID,0.5627777777777778,0.915958618890588,1.5137561267080553,6.050269270443361,4.11901183292402,0.1599496718929762,1805
GSCX,0.0,0.3753423844547089,0.2696574464324675,2.540739639039962,1.192284671543722,0.4003426455309553,1805
PID,0.2805555555555555,0.8408410510684962,0.898482044338578,5.565217980979437,2.4526480655298863,0.2045237236830328,1806
GSCX,0.1644444444444444,0.7139207773443723,0.7031652074982903,4.660390637302963,2.2955827770591206,0.2400500929543336,1806
PID,0.2472222222222222,0.851497930037768,0.8749443634998414,5.61510365719325,2.259448376405077,0.2070712695026432,1807
GSCX,0.0,0.4122880640982794,0.284825197298813,2.7737304604657984,0.9356154982778424,0.3873091395185178,1807
PID,0.3355555555555555,0.8590188432793578,1.0184542548773634,5.672461282844362,3.0570940932097845,0.1925066236334236,1808
GSCX,0.0,0.5528363484667448,0.402082048076072,3.712653286953763,1.1987509131422684,0.3190458874333446,1808
PID,0.2816666666666667,0.8545978130184078,0.9207730034107158,5.646062541559592,2.373650200939857,0.2024272689476592,1809
GSCX,0.1088888888888888,0.6760819117018946,0.6003371908954442,4.403149144280096,1.521509759797385,0.2633533284925063,1809
PID,0.6680555555555555,0.9318691962077464,1.8571310673591304,6.1632884642020205,4.948720901571736,0.1453226804236746,1810
GSCX,0.1663888888888889,0.7350924047468506,0.7194502342444302,4.813711570288935,2.504274259322929,0.2339790075618894,1810
PID,0.2883333333333333,0.8577916714752108,0.9448550844187048,5.675550671693524,2.885253329740757,0.1981628986262302,1811
GSCX,0.2244444444444444,0.7924739839062804,0.8149337615836988,5.210189248131105,2.188059456326209,0.2191243758734896,1811
PID,0.4594444444444444,0.89463797034495,1.1847524056505214,5.925114743960019,2.8963824426249185,0.1789992613924645,1812
GSCX,0.0438888888888888,0.5187568422740514,0.4260274954778497,3.533761249969322,1.9230167033492265,0.3111834843153456,1812
PID,0.2275,0.8235984890766516,0.7939409305190354,5.417262706744875,2.1691761664895006,0.2160855169032368,1813
GSCX,0.1852777777777778,0.7476872500674885,0.7319708298135738,4.909845410701283,2.224188768656715,0.2318973131360771,1813
PID,0.3722222222222222,0.8632705318459619,1.0615877620721672,5.733848482379339,3.063950614892865,0.1885738736731586,1814
GSCX,0.0527777777777777,0.6086125506068808,0.4944382795247858,3.9730216648752537,1.3814698239960412,0.2918115211482947,1814
PID,0.1205555555555555,0.6645585148912256,0.5521815287127381,4.41903937886101,2.210997676921965,0.2604851747646811,1815
GSCX,0.2713888888888889,0.8039969512687768,0.8510798883815655,5.285522624633911,2.2460446379100483,0.2132726538236302,1815
PID,0.5397222222222222,0.8981891881648277,1.317509814517119,5.915938007310268,3.521211079426833,0.1698862435864854,1816
GSCX,0.0,0.4700757834588723,0.3358371361091949,3.176936824021604,1.1722745756615809,0.352913467810508,1816
PID,0.5094444444444445,0.905787798217078,1.2748414552466536,5.987249807017517,3.0545601970069765,0.1729667136943641,1817
GSCX,0.0,0.3707773789603386,0.261459384693729,2.492573792545261,1.135633503109101,0.4059871754609417,1817
PID,0.5658333333333333,0.9159468086989128,1.4621297020694115,6.056061427247716,4.429481724450771,0.1603203488892207,1818
GSCX,0.2402777777777777,0.8084551903048619,0.8180038469267189,5.320587784493575,2.0431225319697157,0.2168601255795888,1818
PID,0.6672222222222223,0.932311387270796,1.7846469156468905,6.157097198032982,4.116147969842862,0.1492805633125068,1819
GSCX,0.2483333333333333,0.8147489963132418,0.8603809004406586,5.369274119572161,2.1419785865740284,0.2128713629940425,1819
PID,0.5455555555555556,0.912126892331478,1.3728238648343245,6.02259717776492,3.5523614364945417,0.1666580200869493,1820
GSCX,0.2780555555555555,0.794026587180579,0.8756805053536523,5.220148437373119,2.589030475505739,0.2111329703396973,1820
PID,0.3166666666666666,0.8396959130726671,0.9238771236579112,5.532652784779451,2.602944002563856,0.2016301223344492,1821
GSCX,0.0136111111111111,0.393747001285507,0.2911010899257012,2.6500936030716047,1.419194584682135,0.3833114516641654,1821
PID,0.4127777777777778,0.8826546850324808,1.1318640728009872,5.846695154282986,3.023908146852019,0.1830082295072396,1822
GSCX,0.0133333333333333,0.3821414980348224,0.2742159337537161,2.565694628691489,1.3775611251263455,0.3921207277228272,1822
PID,0.2405555555555555,0.8319748919482648,0.8609362891199736,5.480934398646979,2.2035158556557555,0.210760454362737,1823
GSCX,0.2902777777777778,0.8346158018528048,0.9105942473688112,5.500421386284274,2.2196643668825478,0.2058029953691231,1823
PID,0.7411111111111112,0.9435622134834653,1.967828918369538,6.235880629821264,4.277184759751127,0.142325530386423,1824
GSCX,0.1022222222222222,0.6558319926363437,0.5942913439632502,4.429447092716381,2.4682490270825217,0.2565705496526531,1824
PID,0.5147222222222222,0.9015791424962007,1.378166854399834,5.964209080654032,3.645610823198985,0.1677468767839765,1825
GSCX,0.1644444444444444,0.6923293527222364,0.6686664575186193,4.51005917009456,2.137296545228245,0.247125800205122,1825
PID,0.2722222222222222,0.8413245002840123,0.8618217630258402,5.536414801661688,2.044505840935217,0.2091215443173959,1826
GSCX,0.1841666666666666,0.7124345843256807,0.7009557193446186,4.792838250524374,2.5413801498455277,0.2348370128410907,1826
PID,0.0936111111111111,0.5913774466988436,0.4777966633146291,4.064869139014944,2.257504638748145,0.2794145223034511,1827
GSCX,0.2197222222222222,0.8051314461217998,0.8243404733284261,5.3121459433301625,1.9999505152415904,0.2179574708811114,1827
PID,0.7036111111111111,0.9355303456365588,1.7132603051378743,6.180466233244188,3.4446322278000125,0.1518440283964205,1828
GSCX,0.0,0.3922324197815536,0.2788250899828664,2.6362616472958447,0.9172331705082865,0.3974607433601296,1828
PID,0.4622222222222222,0.8873056352873792,1.2527662826918224,5.851852659730417,4.070695169328476,0.1731246632595815,1829
GSCX,0.0,0.4012857624403735,0.2866016503987305,2.705238975602327,1.0544816490929032,0.3892244233661603,1829
PID,0.4786111111111111,0.8864746484246752,1.3021139432683349,5.844592485745652,3.884166248771223,0.1717753408751099,1830
GSCX,0.0,0.4430230262823385,0.3149178892372904,2.9843689324738536,1.1724027832619366,0.3661679154055237,1830
PID,0.4175,0.8731256101207596,1.1074756518082678,5.763150315625142,3.1622486376033776,0.1843249274866095,1831
GSCX,0.0033333333333333,0.477842777105385,0.3551073612537153,3.250574491324777,1.2261397958840683,0.3455641707888064,1831
PID,0.4455555555555555,0.8907028947488067,1.186322772757287,5.915536165519602,3.009255909610381,0.1791191725923625,1832
GSCX,0.0,0.3283719570118241,0.2316759477924474,2.2006498650446704,0.875709061948408,0.4389963122359687,1832
PID,0.2769444444444444,0.8315121931292097,0.8504752791381469,5.4938950251676815,2.1845314022031244,0.2095709034180108,1833
GSCX,0.0075,0.486723629327436,0.3588014386542268,3.287233988738398,1.3381234322602138,0.3410276068792757,1833
PID,0.3325,0.8465620530239015,0.9198820745406642,5.577064569130705,2.4953205575626454,0.2009349797184205,1834
GSCX,0.2013888888888889,0.8065101219610868,0.8021367641915964,5.3187642449697465,2.344783436685588,0.217883418559399,1834
PID,0.1836111111111111,0.785567970668752,0.7378378630067206,5.161813758819364,2.1668080327372765,0.2264805535404702,1835
GSCX,0.0,0.3519243900175595,0.2510444712349685,2.363969071831697,1.0684284105942816,0.4183898263861891,1835
PID,0.2305555555555555,0.8691579313525067,0.9056836422706338,5.74143632467889,2.5303870534199566,0.2027954216789268,1836
GSCX,0.2858333333333333,0.814045009229998,0.8897096350107788,5.352720376212358,2.302387439906934,0.209179953877408,1836
PID,0.2436111111111111,0.8544339672395229,0.8992961780201848,5.643770231001681,3.0376222817420078,0.2017281466583186,1837
GSCX,0.0,0.4645419645383121,0.3329979967065259,3.160058454189862,1.081026700250915,0.3557344860917022,1837
PID,0.4902777777777777,0.902076233648934,1.251847083473679,5.9529689984136285,3.778978924341332,0.1721093229541436,1838
GSCX,0.0058333333333333,0.4419668046978414,0.3145437347852388,2.9787579209757875,1.2455707790291903,0.3645975395963109,1838
PID,0.5483333333333333,0.910831911968752,1.4572935105712574,6.011137674753408,4.259132996458454,0.1619112076385604,1839
GSCX,0.0,0.3651208222449477,0.2572503859353993,2.45000320199704,0.9571048970425912,0.413285730590355,1839
PID,0.4669444444444444,0.8944227190324132,1.3132848716759549,5.905845706999468,3.4802534803844867,0.1724517193412232,1840
GSCX,0.0,0.3698813296489973,0.2590812156569144,2.493992224426582,0.8929594928514142,0.4112707341003093,1840
PID,0.6663888888888889,0.9302665071402656,1.7245063435070556,6.156968815903961,4.766483206388741,0.1490561126314068,1841
GSCX,0.0402777777777777,0.4574504873923096,0.3750393589463284,3.1126895191468,1.5394734010144495,0.340965048104914,1841
PID,0.5433333333333333,0.9028091467551108,1.4423165737622137,5.94595338719326,4.143148520674157,0.163548152612268,1842
GSCX,0.0,0.4370205996319259,0.3105842061807752,2.968090839799226,1.0949121574077345,0.369204893154548,1842
PID,0.3558333333333333,0.8650825386114873,1.0155610854119317,5.750307600010841,2.4685728921974577,0.193383421927797,1843
GSCX,0.0,0.337260664013886,0.2422178366542989,2.2602195956209856,0.914702236571008,0.4312114195877378,1843
PID,0.7133333333333334,0.9365887625731084,2.053727206203765,6.184135147439334,5.528300428780049,0.1384707542071428,1844
GSCX,0.13,0.6248936297593166,0.6014015089376625,4.192207372936523,2.3204235130701787,0.2618851881785967,1844
PID,0.1297222222222222,0.662687386115281,0.6142922797732142,4.523383473050261,3.3973108957788254,0.2442291952432197,1845
GSCX,0.2108333333333333,0.7428843109935241,0.7570738450245319,4.874815958654019,2.13025621414609,0.2304291439035571,1845
PID,0.2019444444444444,0.8379684245303378,0.8024742765772869,5.521728946427651,2.140316651237176,0.214998507940456,1846
GSCX,0.0102777777777777,0.5004555343983822,0.3699551765544579,3.3940836400784997,1.2781119172380664,0.3351502760888918,1846
PID,0.2422222222222222,0.8596655011491937,0.8938276006481256,5.6685642515472905,2.5747287351228083,0.2038633326881857,1847
GSCX,0.1830555555555555,0.6520050545736399,0.6433971252332606,4.4076723108999,2.2402141837059912,0.2502686835327296,1847
PID,0.2583333333333333,0.835631732599853,0.8873352747330945,5.517921132585668,2.7525205652550957,0.2052540404039995,1848
GSCX,0.2144444444444444,0.777379045608396,0.7769501902435647,5.120417633769939,1.86188650628958,0.2255054423098421,1848
PID,0.5361111111111111,0.9025063375694314,1.4089039238562693,5.944917482588387,3.6597732765076194,0.1663360130906866,1849
GSCX,0.0680555555555555,0.6298585959501027,0.5224662986651948,4.084945362334183,1.5951738091877945,0.2819000502781824,1849
PID,0.6072222222222222,0.9182038682123536,1.5290685917154516,6.066441622090564,3.823735502685368,0.1591218449343231,1850
GSCX,0.155,0.6938661439048287,0.6513137154254509,4.525720575822708,2.1666439112155342,0.2482816228636901,1850
PID,0.6416666666666667,0.9255261479854644,1.800947941556358,6.113393019839081,5.756602589660409,0.1455672719734254,1851
GSCX,0.0,0.3516228111787073,0.2567839333903027,2.371018179704112,1.100941079221448,0.4162050459915053,1851
PID,0.2608333333333333,0.8367115725874669,0.8487703007087336,5.522921091201602,2.145547219202266,0.2100183402294994,1852
GSCX,0.0041666666666666,0.3592917334801692,0.2621582565344518,2.412870111782408,1.240881816598268,0.4085580848271957,1852
PID,0.2894444444444444,0.8536833556945567,0.9244280793541688,5.635608737662245,2.470433834114848,0.2016377843497954,1853
GSCX,0.2177777777777777,0.8128934776090326,0.8392244700327757,5.360766753045626,2.61847909090159,0.212892215475698,1853
PID,0.6683333333333333,0.9313945831861868,1.6332535606402707,6.159582418684626,3.79533744466298,0.1539566674387385,1854
GSCX,0.0738888888888888,0.6756902002426203,0.5725555700581446,4.590273222827151,1.569947800573615,0.2629675913108608,1854
PID,0.685,0.9350785693809208,1.7735777573508615,6.177217237556217,3.901872418994788,0.1495445259698855,1855
GSCX,0.0955555555555555,0.6183738098564598,0.5454627937963634,4.148318058504002,2.264238880683894,0.2704564591247109,1855
PID,0.2544444444444444,0.8517076830573664,0.8741545055938837,5.640206595489187,2.4908405555156903,0.2052437296429691,1856
GSCX,0.1261111111111111,0.6865419781132952,0.6632665625230978,4.6577469192449525,3.610168886302644,0.2365139783846675,1856
PID,0.2755555555555555,0.8511379710126543,0.9141067840493672,5.616428192015796,2.512877211041076,0.202782984040948,1857
GSCX,0.0430555555555555,0.5394757343852958,0.438017179617949,3.662071211946397,1.8288528563430129,0.3059202481305099,1857
PID,0.7183333333333334,0.9394550091604184,2.019328654972193,6.208512721691671,5.001834533042049,0.1401433822882012,1858
GSCX,0.155,0.7095355018351234,0.6761302827948795,4.646109947457506,1.9726600264154797,0.245044467469274,1858
PID,0.6638888888888889,0.9315001285276988,1.725267309104295,6.165231417216223,3.814508304563812,0.151597152268102,1859
GSCX,0.0075,0.4490020745999969,0.3223325770043363,3.013984450485212,1.2755740930183126,0.3607399215321756,1859
PID,0.2569444444444444,0.8626358890394363,0.8831725061682745,5.694865473426718,2.226707557870321,0.2050428999658431,1860
GSCX,0.1225,0.5951405389173753,0.5720864600006689,4.045831669970744,2.6631477141256177,0.2662954750110545,1860
PID,0.2766666666666666,0.8547193681582113,0.892780957685998,5.639672196333837,2.10130046927626,0.2053645002257114,1861
GSCX,0.1316666666666666,0.6515188867155277,0.5996185903290557,4.2963931362346575,1.673690764628285,0.263921105645609,1861
PID,0.1813888888888888,0.7669149703111652,0.7123411316706169,5.018625940210877,2.2587638447967646,0.2305397580122086,1862
GSCX,0.0086111111111111,0.3649021293345198,0.2592598822920301,2.451659960293567,1.388276901959816,0.4027909945197817,1862
PID,0.2547222222222222,0.8478080490902358,0.8599321492448593,5.585210433336227,2.0606232720817297,0.2090187557890631,1863
GSCX,0.1575,0.6717439025903563,0.6525861148766967,4.377944747737712,2.010765546357359,0.253087540834273,1863
PID,0.2205555555555555,0.8457825877079292,0.8420777464091872,5.578188894860081,2.3857875966514035,0.2098149826654569,1864
GSCX,0.2375,0.7877240459106183,0.8442141296113492,5.209608633908271,3.491189579275235,0.209955363853126,1864
PID,0.2816666666666667,0.8618162365010885,0.8954472880438519,5.688390363489696,2.17116447803067,0.2038340219667147,1865
GSCX,0.1525,0.6898891374439999,0.6645708832679694,4.491604376695648,2.0317336481350043,0.2493860332164541,1865
PID,0.2708333333333333,0.8617931410293815,0.8988009906587722,5.693994646701664,2.5856248724668696,0.20200002456165,1866
GSCX,0.0,0.3977189347401419,0.2782246628211894,2.697888519482144,1.164680998407391,0.389249951531203,1866
PID,0.3061111111111111,0.8615558324429597,0.9211350640545724,5.6971203919543685,2.44326308802372,0.2002305248459195,1867
GSCX,0.2488888888888888,0.8064958946735316,0.8598097534121149,5.324008744155193,2.300740048746022,0.2128975627228747,1867
PID,0.1444444444444444,0.7209310003105437,0.6289554340511179,4.918932981332191,2.3286168885145075,0.2402820945162828,1868
GSCX,0.295,0.8219097783820762,0.8791081652802177,5.444078974149509,1.9155548534583613,0.209767944810156,1868
PID,0.2211111111111111,0.7669977830448753,0.7586271812598178,5.028013808245875,2.300530021134099,0.2253968899186264,1869
GSCX,0.1333333333333333,0.7163618687950091,0.6568760067833195,4.695168565159804,1.6363032526135866,0.2488846749805901,1869
PID,0.3005555555555556,0.8537909453064324,0.9498733320980628,5.629710419714478,2.492678973786295,0.2000343150863861,1870
GSCX,0.0,0.3027961794203763,0.2177466105119971,2.0255313694795585,0.8861760504304157,0.4564007947939439,1870
PID,0.2658333333333333,0.8363463743033912,0.8739907363403729,5.539054797427176,2.3910817560876505,0.2070745786703249,1871
GSCX,0.0,0.319886984832909,0.2269759194598269,2.144178608125965,1.0823489516424147,0.4397601116007375,1871
PID,0.3077777777777777,0.8678659875502972,0.9439927531856982,5.732330834073022,2.743443655214828,0.1971516114320639,1872
GSCX,0.0366666666666666,0.4868360975380101,0.3883131506189234,3.314989016046654,1.830313040522598,0.3265017098637811,1872
PID,0.2386111111111111,0.8357360752354831,0.8500956243577938,5.509870737977744,2.8350592409709288,0.2075352134779616,1873
GSCX,0.0,0.4652086318732104,0.3394189955908417,3.139627123563159,1.1559081098404014,0.3545743149899467,1873
PID,0.2866666666666667,0.8361441339560292,0.9048571528780264,5.504277074266188,2.4835215148778267,0.2048007779250805,1874
GSCX,0.0880555555555555,0.6509711165690706,0.5726150600599115,4.299481983558274,2.412366024064602,0.2628002276927009,1874
PID,0.2788888888888889,0.8674635154758883,0.9034022406046712,5.722433470681042,2.4154977770112214,0.2017877839310343,1875
GSCX,0.0,0.3409365751359371,0.2390809364717832,2.3131005853737885,1.0194578924856157,0.4258344129993624,1875
PID,0.0827777777777777,0.5949594447095132,0.4672673509774567,4.022702235534311,1.7763721726088784,0.2868934952671103,1876
GSCX,0.0683333333333333,0.616486104238914,0.520118941726227,4.18036064154897,1.8242372752539,0.2777841348899041,1876
PID,0.3005555555555556,0.8710958510075278,0.9407650040835888,5.7485949595083365,2.6263568830914665,0.1978411081773725,1877
GSCX,0.2680555555555555,0.817249281461952,0.8662700381363015,5.387234703040597,2.4819929036793638,0.2095519623096179,1877
PID,0.2875,0.8510467880296801,0.91830688402489,5.605317697621472,2.68809145502258,0.2014082141769524,1878
GSCX,0.1566666666666666,0.6510308803646636,0.6288801530592681,4.403922674332971,2.0401367220030537,0.254609185382067,1878
PID,0.6286111111111111,0.9242026350905956,1.579012829108447,6.118124264735521,3.8377905477754792,0.1566589099286029,1879
GSCX,0.0,0.3014405086628898,0.2133732426730144,2.0233408280080294,0.7961469989380646,0.4599676947501572,1879
PID,0.7591666666666667,0.9470828669905444,2.23776912654924,6.269312878273599,5.341843081124626,0.1336508758187153,1880
GSCX,0.0,0.3622364059485519,0.2526588979875854,2.440988206087036,1.0758164835288648,0.4124774391321077,1880
PID,0.7566666666666667,0.9461831326294622,2.192741746474814,6.257622831575916,5.439653846853656,0.1344557438858941,1881
GSCX,0.2461111111111111,0.8196240387549607,0.8562036810769394,5.409354142865011,2.551801897675025,0.2102493993836306,1881
PID,0.4980555555555555,0.9057735900687024,1.2834964750485909,5.9813947928819005,3.6333287308732047,0.1710282455501,1882
GSCX,0.1152777777777777,0.6788299341828595,0.6284104260614789,4.62808074460435,2.7645500228617523,0.2460886073714932,1882
PID,0.2855555555555555,0.8531097077979343,0.8967187257797946,5.636816465990663,2.8781426950311944,0.2010410545548496,1883
GSCX,0.0130555555555555,0.3796273557827782,0.2783943273623868,2.548097469285767,1.3250406499982534,0.3935519476034415,1883
PID,0.7197222222222223,0.9393552157258492,1.9995706163175784,6.20857443061392,4.743888174801165,0.1411586537965895,1884
GSCX,0.0041666666666666,0.3708475795809678,0.2709152601207479,2.479053603720799,1.2469842427333433,0.402194091997487,1884
PID,0.3894444444444444,0.8727375912214236,1.108049446622524,5.792894433238582,3.48217299468968,0.1836073667451663,1885
GSCX,0.1958333333333333,0.7692257830567792,0.7524404368985468,5.047232924641739,2.233430557243879,0.227055342073639,1885
PID,0.2713888888888889,0.8466574328061137,0.8490234384597911,5.572916813038295,1.863222546873956,0.2100655819935232,1886
GSCX,0.0,0.3808786437162541,0.2701636057938137,2.552510559751842,0.9666344045113576,0.4035593644575265,1886
PID,0.5486111111111112,0.9081801434455972,1.3975926359302422,6.049753812812925,3.7866990198202735,0.1648407315959424,1887
GSCX,0.0,0.3651182764122259,0.2533596848374398,2.442098120099732,0.8960400535675683,0.4157558104451977,1887
PID,0.0063888888888888,0.5278171706579814,0.3255156070364904,3.551394967361195,1.2888185097246156,0.333375533878816,1888
GSCX,0.0,0.3562834483769544,0.2496675250192301,2.392526166973711,1.0960829072566205,0.4159948459791956,1888
PID,0.5272222222222223,0.9047560614088768,1.425422260859747,6.030243549976175,4.672228093915975,0.161980580603148,1889
GSCX,0.005,0.3765907750186117,0.2671726175418336,2.5603460675132386,1.2619265470447971,0.3974708078207362,1889
PID,0.2211111111111111,0.8124008357132584,0.809366294846523,5.341263680448764,3.0546316522586774,0.2121794168857261,1890
GSCX,0.1619444444444444,0.7089841528553352,0.7039283392915826,4.625564671063501,2.332468276468401,0.2407229981697765,1890
PID,0.2497222222222222,0.8492074716452369,0.8623609848125556,5.593686112264237,2.0849026495542105,0.208836231645422,1891
GSCX,0.2430555555555555,0.8113261170914431,0.8534888861553633,5.34922905607934,2.1606885483966645,0.2137435897721767,1891
PID,0.2302777777777777,0.8207546702391207,0.8423302199397386,5.409367108467389,2.9562686169423653,0.2094586787407455,1892
GSCX,0.0191666666666666,0.4262347978732651,0.3228763156686154,2.8877058705693406,1.5624779063152792,0.3617512219274371,1892
PID,0.5913888888888889,0.9189203057443112,1.5030534686779973,6.068717021736861,3.872747821838964,0.1600757468637984,1893
GSCX,0.0069444444444444,0.380821307046188,0.2786349980563075,2.545281719264429,1.3005756477435937,0.3949867944342161,1893
PID,0.3644444444444444,0.860518121232761,1.0237738097423448,5.664411040438173,2.846143303824241,0.1922370876798142,1894
GSCX,0.0,0.4207189424223561,0.2987237294527262,2.852802945370224,1.1003250088944516,0.3775808132215196,1894
PID,0.2666666666666666,0.8361049027061574,0.8659679436268365,5.498089407595861,2.3834810067790277,0.2080807049620483,1895
GSCX,0.0,0.3440196885877578,0.2411631660120479,2.310501882921942,0.8891901275023019,0.4281799222349373,1895
PID,0.2147222222222222,0.8236914991706142,0.8329907563173709,5.427760125966581,2.881703038699846,0.2106507710353742,1896
GSCX,0.0,0.4188089747174349,0.2915592758853881,2.8081244356257478,1.16217686122584,0.3800137083078818,1896
PID,0.2344444444444444,0.8173422838968173,0.8385394296971554,5.406166855519639,3.172861430801245,0.2084400018097675,1897
GSCX,0.0233333333333333,0.4352590514466867,0.332225214875617,2.940119035047972,1.680394220154679,0.3551973131395921,1897
PID,0.6977777777777778,0.9362407360009632,1.95808365221082,6.18527829289352,4.707412664952131,0.1428017551825417,1898
GSCX,0.1916666666666666,0.7537548812097283,0.757252087826252,4.93944791771656,2.059461689814796,0.2304266483563336,1898
PID,0.2566666666666666,0.8404994038869934,0.8312983946112513,5.533540130512608,1.983362363291112,0.2116822272353212,1899
GSCX,0.0108333333333333,0.4752015149696413,0.3553719444072247,3.208273390942686,1.4933965381399834,0.3427373110833288,1899
PID,0.2602777777777778,0.8428481265292979,0.8774961764669073,5.546656534517675,2.4090934807519644,0.2068155556095378,1900
GSCX,0.0063888888888888,0.44879993675066,0.3341413410864805,3.0154814488726545,1.2953895532255353,0.3588384213414,1900
PID,0.3272222222222222,0.8643277033687689,0.9510545963311008,5.710554797355689,2.540446328004164,0.1973991679286894,1901
GSCX,0.2644444444444444,0.8222585375762925,0.8792558783037074,5.428930648924226,2.4801914712776534,0.2083597708820813,1901
PID,0.4141666666666667,0.8779991770172859,1.1668519140386209,5.80364672165087,3.5034862958236355,0.1803589757248945,1902
GSCX,0.0,0.4284903981732204,0.3048581762990143,2.8865589573357444,1.1507579955855962,0.3736151113892152,1902
PID,0.5594444444444444,0.903067606683436,1.5267904741006308,5.963376315767081,4.000695638700955,0.1609642511667778,1903
GSCX,0.1516666666666666,0.6801544919629597,0.6629664046540781,4.420007452797149,2.520350990577372,0.2477428176338972,1903
PID,0.2933333333333333,0.8445535154803815,0.9135929408507812,5.584357458545132,2.481876904340816,0.2028115773327278,1904
GSCX,0.0,0.3802794691537939,0.2827108010864237,2.576388361523508,1.141594780884161,0.3966939616391551,1904
PID,0.2466666666666666,0.8508801181632956,0.8628364409685448,5.620705277041743,2.1382869992643943,0.2082238383168566,1905
GSCX,0.0,0.3552111497822842,0.2448465074889092,2.383042576360058,0.8677412208088061,0.4224096739926915,1905
PID,0.6233333333333333,0.9235353717928072,1.6374611734389029,6.095414835270189,4.411609477528632,0.1537770755024421,1906
GSCX,0.0063888888888888,0.3514216195457277,0.2536594267970551,2.366460393980817,1.303557087244926,0.4118205722822354,1906
PID,0.2361111111111111,0.8505933484425617,0.8580045756657809,5.615035307519651,2.2044563266516826,0.2086602226998873,1907
GSCX,0.0061111111111111,0.3947335894098533,0.2971478549577229,2.67735899027397,1.2917002695892408,0.3842188197003841,1907
PID,0.5811111111111111,0.9177194511900983,1.6285384162941976,6.054739869984196,4.151821178864575,0.1561803382485531,1908
GSCX,0.0,0.4230978444008196,0.3037806504701061,2.854131929629508,1.199252984048502,0.3748955992206334,1908
PID,0.3166666666666666,0.8632050880331147,0.9253384508687514,5.698417801219221,2.541747037746599,0.1991065243177648,1909
GSCX,0.1291666666666666,0.5902094417750451,0.5638504951526409,4.003516853842007,2.752576219138994,0.2669131873110289,1909
PID,0.7158333333333333,0.938537787761963,1.9526371761921133,6.207779176024902,4.539344414500668,0.1427853366623575,1910
GSCX,0.0022222222222222,0.3790201521041681,0.2701908650010477,2.564305012673674,1.2125314068682242,0.3979304804940323,1910
PID,0.4222222222222222,0.8902103529977061,1.156618888932975,5.912444461522211,3.2614088574282376,0.1799913584352695,1911
GSCX,0.0216666666666666,0.4276977105454342,0.3195142759014568,2.8692156476015547,1.5858433748197835,0.3623026916536133,1911
PID,0.6641666666666667,0.93036033213456,1.7144845147444845,6.143269044804369,3.934259861056612,0.1517216508576267,1912
GSCX,0.1561111111111111,0.6671552527255656,0.6177416429394151,4.347453873847691,1.8131693474917636,0.2580621213380743,1912
PID,0.3105555555555555,0.8577948971274121,0.972681791442312,5.65975698450483,3.0322394468195464,0.1956450619071138,1913
GSCX,0.02,0.4964218310896368,0.3786300611963042,3.374080741507889,1.4966109910725922,0.3310814859436859,1913
PID,0.6830555555555555,0.9329482717673336,1.7736235695170537,6.15819057599547,3.662301770760292,0.1504050908801185,1914
GSCX,0.0,0.325480816763681,0.2269450670401867,2.176318259826882,0.8694559431977047,0.4420569351333397,1914
PID,0.2741666666666666,0.8639832305897452,0.9066395751607568,5.702599819802787,2.2744074241834564,0.2028767319695993,1915
GSCX,0.0094444444444444,0.3390202654395446,0.2479087450570292,2.2688722646841715,1.2687997568571767,0.4199802324942007,1915
PID,0.3436111111111111,0.8529128024428593,0.986376533005318,5.646440736306468,2.8201878625041545,0.195041542357199,1916
GSCX,0.0,0.3773611601542625,0.2719088401171988,2.5213635704901134,1.0630181038106157,0.4033963278819474,1916
PID,0.3736111111111111,0.8832659161512546,1.0667170150230176,5.832258603640644,3.0922699593296805,0.1866774851292766,1917
GSCX,0.0,0.4454040467767525,0.3147139020589359,2.995179610086168,1.110478478699798,0.3665437359961099,1917
PID,0.6611111111111111,0.9310985828314824,1.680516255264726,6.150673217571912,3.3839315973728654,0.1541430387453708,1918
GSCX,0.1452777777777777,0.6700998948496206,0.6340563893650764,4.356070443438985,1.8813250004805795,0.2567612678911086,1918
PID,0.2611111111111111,0.858659780789937,0.9187641776322336,5.671129910691031,2.6570102107314897,0.2015362990391491,1919
GSCX,0.0922222222222222,0.6397963565876214,0.5820503017005285,4.348455901879989,2.638744697265011,0.2591348370377025,1919
PID,0.1444444444444444,0.6423189896485884,0.5795627807914833,4.254842458636706,2.770632505197182,0.2568925682679328,1920
GSCX,0.1225,0.641921874257546,0.5968631558401502,4.397870577695536,2.5868479926153496,0.2552589224195146,1920
PID,0.1238888888888889,0.7720574848428078,0.6685358748801178,5.15431931602666,2.1668597431821235,0.2341515051746697,1921
GSCX,0.0,0.321233101851582,0.2278138406944188,2.1490661444410937,1.012766753092591,0.4407508967821551,1921
PID,0.2580555555555555,0.8582220595728134,0.8740426388162996,5.65772504665811,2.2457829090232724,0.2059562506295409,1922
GSCX,0.0,0.4039709243566696,0.2861814336323047,2.732094807409795,0.8826444832359468,0.3908178115645317,1922
PID,0.5558333333333333,0.9137278095708842,1.4300017709270292,6.043940741213802,3.5055938175785983,0.1645802468562977,1923
GSCX,0.0,0.4505753886662301,0.3400444219476372,3.0500445890969385,1.1956202128487878,0.3587060699131038,1923
PID,0.1344444444444444,0.8102162084078147,0.7261375643225387,5.378188428509336,2.0926193135250712,0.225668769741829,1924
GSCX,0.0794444444444444,0.5955377567719655,0.5142328370209097,4.041882196701012,2.2970566403100463,0.2775158243164656,1924
PID,0.3005555555555556,0.8710841383300425,0.941238994912512,5.746974670149365,2.2923273584891923,0.1994245910626974,1925
GSCX,0.0,0.3322357019954368,0.2387937167408835,2.2265297186419226,1.161159629186442,0.429036557276248,1925
PID,0.6644444444444444,0.9295275509327128,1.81641608814202,6.139529361524462,5.073257375563421,0.1462327012183886,1926
GSCX,0.0061111111111111,0.4110129300570659,0.2906956366498726,2.786692892518105,1.2910885334118487,0.378629361254075,1926
PID,0.1633333333333333,0.8054813671149817,0.7622721989287483,5.298819463851341,2.422392536018467,0.2217504710572164,1927
GSCX,0.2880555555555555,0.8096824732724568,0.8890751108951331,5.331146934476075,2.253456271279884,0.209788237921624,1927
PID,0.5311111111111111,0.9032519370331592,1.3300332247804425,5.954230051386395,3.45402396641121,0.1695181189668352,1928
GSCX,0.0,0.3458949865180719,0.2498029904282226,2.3231337592501133,1.1538536488329747,0.4198161119196611,1928
PID,0.3544444444444444,0.868686223797161,1.0384043154178793,5.72944801362325,2.998650526718734,0.1903767282420132,1929
GSCX,0.275,0.8018907634687693,0.8530870186083883,5.2755905019544285,2.155067288127433,0.213706661693193,1929
PID,0.2627777777777778,0.8585188853168207,0.9133029085906932,5.661927079269045,2.52473324633877,0.2024952705321458,1930
GSCX,0.0111111111111111,0.3865488889181923,0.2803081602338871,2.606231969189805,1.4764023510462478,0.3871847187724916,1930
PID,0.3380555555555555,0.8627093551806668,1.0014129473769928,5.704355094115974,2.904349536555894,0.1933160872056267,1931
GSCX,0.2463888888888888,0.7727283408126949,0.8325223445471738,5.078029461542188,2.444522203874365,0.2183146711253051,1931
PID,0.6822222222222222,0.9327883705144596,1.896540844882305,6.167227541615919,4.330851979243492,0.1456366432556829,1932
GSCX,0.1625,0.7144497054430655,0.68703366720537,4.679149459015359,2.4301967397047832,0.2398619170133926,1932
PID,0.2477777777777778,0.8333578556796027,0.850649991970999,5.504967504383438,2.3013988262594496,0.210021808489377,1933
GSCX,0.0,0.3454043356737483,0.2473371092661878,2.3084070038125204,1.1116580191636756,0.4221468032312352,1933
PID,0.1816666666666666,0.7678721181442947,0.7162389100532951,5.024946799204702,2.3798230902773336,0.2293903089041463,1934
GSCX,0.0141666666666666,0.3685705643747436,0.2705824339497831,2.477321181935549,1.376088983920153,0.3984290437291387,1934
PID,0.2005555555555555,0.7948822806288641,0.7818041232335071,5.270045412242539,2.646129664140385,0.2183268552660938,1935
GSCX,0.2313888888888889,0.80841924240733,0.8229453616738002,5.3286860392392565,1.9141087053012693,0.2176207237015552,1935
PID,0.2311111111111111,0.8396725457676385,0.8080552763488067,5.534313790495959,1.9343804670752305,0.2142722437513566,1936
GSCX,0.0211111111111111,0.4395565398203789,0.3359291303175332,2.969853668752974,1.384554604430127,0.3579061003414241,1936
PID,0.5444444444444444,0.9075800125604552,1.432313466659274,5.979639619298974,3.9154222900996136,0.164173290158335,1937
GSCX,0.0097222222222222,0.4536188370069869,0.3259807493903132,3.0554666319144923,1.3057320838044908,0.3573303669635848,1937
PID,0.7422222222222222,0.9421019793693408,2.175469607864315,6.2268021998434495,5.111572625117659,0.1360182581863764,1938
GSCX,0.0075,0.3497934453193436,0.2466615199017405,2.3417483379540345,1.3574129433312192,0.4134390524175493,1938
PID,0.2213888888888888,0.8066236813032768,0.8212324215121942,5.325180644081236,3.396973188363135,0.2101204419606294,1939
GSCX,0.0,0.3667075817999112,0.2657324233572628,2.4746397049967666,0.996712691893818,0.4093238241052597,1939
PID,0.3672222222222222,0.8575054083255299,1.0104237643234386,5.665306125777841,2.767225278621848,0.1930692027564073,1940
GSCX,0.0,0.3428343459146248,0.2422479603029209,2.2943737130182678,0.8562794603437561,0.4298242039977852,1940
PID,0.4880555555555556,0.8781778691121667,1.3907678262658631,5.783426144166477,4.081977434051836,0.1687160991376383,1941
GSCX,0.21,0.7504245041698222,0.7642112096851154,4.916018068122464,2.503581980348161,0.2267903072288963,1941
PID,0.3736111111111111,0.8744033065995427,1.0143815458609389,5.7725340750146525,2.3663573111097995,0.192779925155363,1942
GSCX,0.2680555555555555,0.8135045321830037,0.8898383080297794,5.373373077768987,2.7568109043140048,0.2072774009502778,1942
PID,0.1927777777777777,0.7856131937057144,0.7598676238641402,5.152353116399664,2.38023487272694,0.2236581134405811,1943
GSCX,0.0141666666666666,0.4577636831068169,0.3470972137773049,3.118402996028867,1.4139571721885742,0.3492738216635633,1943
PID,0.1761111111111111,0.7127573580000702,0.6458448369189161,4.821469092641357,2.257732979140729,0.2400543454571522,1944
GSCX,0.0922222222222222,0.5666533486046766,0.5123158777836212,3.8452470563544976,2.6245477398445294,0.2799908022782665,1944
PID,0.2575,0.8488961521548419,0.8915469649525001,5.596474570142714,2.3862829973289066,0.2055361157231459,1945
GSCX,0.0105555555555555,0.5058063325938388,0.3784775365247627,3.4248456058412726,1.4883292722592432,0.3298382387063802,1945
PID,0.2894444444444444,0.8632199839861527,0.9488590820018632,5.6974706998244615,2.6347970089246404,0.1987309513058118,1946
GSCX,0.155,0.7219145719253628,0.6892838747790038,4.923514490534221,1.9650115162461808,0.2382594514297977,1946
PID,0.6594444444444445,0.9284472898019052,1.644720785186402,6.1255335378719735,3.53001609401399,0.1549432171836973,1947
GSCX,0.0066666666666666,0.4267463863203927,0.3027604805704189,2.9005704800220635,1.3082857936529986,0.3698316445056994,1947
PID,0.5336111111111111,0.9049109312325944,1.46135517996773,5.962836269497677,3.997987087705784,0.1635306162457845,1948
GSCX,0.2602777777777778,0.8102361881667096,0.8521272198080799,5.345776650898002,2.535558302149969,0.2110812226245489,1948
PID,0.2577777777777778,0.8579297713619287,0.8815015449297006,5.661304623926956,2.427813687129849,0.2046541574556648,1949
GSCX,0.1383333333333333,0.7315833295714735,0.6702882872301559,4.797154046223609,1.8779910062205625,0.2433548440602906,1949
PID,0.5730555555555555,0.912609440162878,1.4489986393917933,6.035033904435148,4.045059650014909,0.1619355225046052,1950
GSCX,0.0,0.4627750828334621,0.3320627705711003,3.138881818606252,1.1986308267110972,0.3551184069278696,1950
PID,0.6547222222222222,0.9291483629984868,1.6403147943901646,6.140225038644588,3.879323685663011,0.1540408884221491,1951
GSCX,0.0197222222222222,0.4509906691128044,0.3391066683871023,3.0420053500727047,1.5813821123001237,0.3508583470202603,1951
PID,0.31,0.8668129729201716,0.9371239893445176,5.720354484871582,2.389072507559721,0.1992144973681491,1952
GSCX,0.0,0.3047714119754485,0.2171395601846327,2.04929105890045,0.823803618559313,0.4561817044106224,1952
PID,0.2594444444444444,0.840305253096975,0.8571675632516232,5.545270478594649,2.011420966594095,0.2099657597503722,1953
GSCX,0.0,0.4105738586977149,0.2894032241583218,2.762449682207476,1.0547646595110531,0.3851292461409605,1953
PID,0.6638888888888889,0.9285710912030384,1.6902275146864865,6.138211015092699,3.794494216308309,0.1527951743984718,1954
GSCX,0.1722222222222222,0.7159061705182284,0.696367808397676,4.673199378267669,2.60194396228994,0.2376291654859224,1954
PID,0.1702777777777777,0.763551751130902,0.7150566712316075,4.994430977022308,2.072565056953114,0.2327098310088699,1955
GSCX,0.28,0.8150720736794089,0.8697948538425175,5.369256780599581,2.0387511046144366,0.2115306733061009,1955
PID,0.2913888888888888,0.8626852740795923,0.9072206079240378,5.6844353689437614,2.377981067623479,0.201920260131736,1956
GSCX,0.0061111111111111,0.3803446172362951,0.2805516829045389,2.578851433754123,1.285651309549096,0.3932751214254699,1956
PID,0.1875,0.7921510719510547,0.7410418118024965,5.360984385605866,2.279356851231253,0.2217795830731657,1957
GSCX,0.0,0.3751061266927912,0.2642272159126273,2.538497018749764,1.1523362356692315,0.4022199323538779,1957
PID,0.7119444444444445,0.9374421580978718,2.0744019906005526,6.201958724773165,5.189310055136708,0.1387147562954652,1958
GSCX,0.0,0.3045121702576618,0.2197779957252686,2.0364741609399384,0.8295366840966685,0.4563924685728798,1958
PID,0.3836111111111111,0.85511029716619,1.0362384198078882,5.637694881646714,2.8516176438898286,0.19143664334078,1959
GSCX,0.0,0.419833354945974,0.3078780541804687,2.829800943845956,1.1827643700643833,0.3759465030181379,1959
PID,0.2644444444444444,0.8559616240413193,0.8897609559736672,5.642281297823863,2.149978367627121,0.2057122132322026,1960
GSCX,0.2872222222222222,0.7969406229900237,0.8724064034758529,5.249605242582643,2.27804416643043,0.2120342281705177,1960
PID,0.28,0.8570164659932056,0.9054286479494978,5.651655500631186,2.619660450592223,0.2018543307019289,1961
GSCX,0.0,0.3276233538060962,0.2301239171659796,2.1893980451483954,1.0598487311227565,0.4359125733779677,1961
PID,0.2644444444444444,0.8404590569867929,0.8610212414510162,5.556084090763648,2.108701065767766,0.2088795557500604,1962
GSCX,0.0286111111111111,0.5140289256678106,0.4082232757672359,3.4865370507239506,1.771915361954827,0.3182800105257229,1962
PID,0.2966666666666667,0.8613065333217299,0.9688174757909136,5.702570512058056,3.80446288239902,0.1922193802503216,1963
GSCX,0.0133333333333333,0.4885308685137182,0.3701963707837624,3.293683585434984,1.460131153682041,0.3368825907069996,1963
PID,0.3502777777777778,0.8699697717438254,1.0269115098571855,5.745404992209416,3.289962445187128,0.189499668846312,1964
GSCX,0.2594444444444444,0.8258335542263727,0.8741034210916793,5.450519683514081,2.0741593316909888,0.210563360929446,1964
PID,0.1091666666666666,0.5859748500619794,0.4794300619585714,3.926662364456292,2.0439739802518395,0.2841040551554515,1965
GSCX,0.1672222222222222,0.6779611383236231,0.6443392159712996,4.430565375149072,1.844667349783464,0.2529637335168766,1965
PID,0.4102777777777778,0.8623642358619054,1.0964464160354286,5.6887701527694885,3.356580380121394,0.185243779142801,1966
GSCX,0.0,0.3245448293518178,0.2318131366978152,2.1754454546285813,0.9627854780000424,0.4389854573623984,1966
PID,0.2833333333333333,0.8424405225939909,0.9032544553783493,5.544069993886591,2.7399713772304004,0.2030360989846139,1967
GSCX,0.0,0.363009978306837,0.2552362251464052,2.440534558877228,0.8955173542179887,0.4156684534220373,1967
PID,0.5222222222222223,0.890813229893576,1.3588925681290651,5.872064318562273,3.3324554119087586,0.1702711026763791,1968
GSCX,0.0,0.3354210789581804,0.2409514389281676,2.2432525087690807,1.1248861272897757,0.42806189151439,1968
PID,0.4058333333333333,0.8833322582489964,1.1517149887528144,5.835906626745798,3.407406914504563,0.1811044496341099,1969
GSCX,0.0,0.3401637056737045,0.2361848397749325,2.2725912814916738,0.8691257974949562,0.4324176534671751,1969
PID,0.2688888888888889,0.8506812026207373,0.8978541711969952,5.619520399947809,2.6876944996023218,0.2028936490009017,1970
GSCX,0.0355555555555555,0.5220113505063756,0.4192453339929757,3.560479345021041,1.4523660545883532,0.3172506069550361,1970
PID,0.2694444444444444,0.8648209025732975,0.938159391464697,5.721620694222084,2.622446614711122,0.1996864914912183,1971
GSCX,0.1819444444444444,0.7744517729640207,0.764252319145681,5.081373474671518,2.2165484274960203,0.2264702084317489,1971
PID,0.2983333333333333,0.8610149033652227,0.9344232484416246,5.679515706850739,2.3812582747429425,0.200511822327062,1972
GSCX,0.2013888888888889,0.7250184071855802,0.7353851541539711,4.738233943457194,2.2065720432801657,0.2347560365341783,1972
PID,0.2847222222222222,0.8631851592905121,0.8895084057504864,5.690050126316148,2.2766097353792265,0.2034039445626479,1973
GSCX,0.0052777777777777,0.3856102951025386,0.2722852384080449,2.614221359601481,1.2638924813188293,0.3929333689716962,1973
PID,0.2783333333333333,0.8588538050932341,0.8905937361411381,5.660416849499325,2.275700974255654,0.2041357632244126,1974
GSCX,0.1838888888888888,0.694171829441138,0.6823903315316286,4.518278381970737,2.000101104371105,0.2458026044854699,1974
PID,0.6847222222222222,0.9329208653068128,1.792433152629444,6.155270135891288,4.019201344947016,0.1489677624108611,1975
GSCX,0.1433333333333333,0.7054498686878798,0.6674056813894459,4.612339286789322,2.1192355821462447,0.2460896935840731,1975
PID,0.2380555555555555,0.8590963147334278,0.8718705027967766,5.670108529066598,2.772096805467545,0.2040443195225999,1976
GSCX,0.0063888888888888,0.4116074229681319,0.2905406906298695,2.7953284244837686,1.2996846517269989,0.3779955063242852,1976
PID,0.5125,0.8964770245985337,1.3329630431930828,5.916826844606386,3.753428412714085,0.1693917618952151,1977
GSCX,0.005,0.4883987817981456,0.3594747131307754,3.297085174159467,1.2671207564092704,0.3417359437841533,1977
PID,0.3013888888888889,0.8368908844594282,0.9172061178987077,5.508803428731076,3.0231474625322114,0.2008929526150106,1978
GSCX,0.0,0.3907655399845544,0.2800977435614113,2.6338905010430604,1.0622022438375451,0.3947454711057737,1978
PID,0.2552777777777777,0.8523895783033723,0.8648711380574589,5.627095883806819,2.0512173139759056,0.2080801268309453,1979
GSCX,0.0263888888888888,0.594911727033559,0.4527428544571295,4.044837382430808,1.4319276589969407,0.2958894409605012,1979
PID,0.2636111111111111,0.8572679116917276,0.8803437645387356,5.658016724190711,2.1215850454783385,0.2060727211085631,1980
GSCX,0.0366666666666666,0.4327198889383757,0.3330886089238968,2.938433277001372,1.4632393333226636,0.3569097882374215,1980
PID,0.2408333333333333,0.8503051651633134,0.8776061189709912,5.627292225802977,2.865390082250073,0.203988527400676,1981
GSCX,0.0105555555555555,0.4895332619427475,0.3583627312504788,3.3020053791538264,1.4631073764474003,0.3382584558644642,1981
PID,0.2469444444444444,0.8213314923170828,0.8370057748708376,5.4067076931036775,2.4198335071240624,0.2118654085714998,1982
GSCX,0.0,0.3514234389934234,0.2547467967727114,2.3587408440548168,1.1528403913018872,0.416274299282689,1982
PID,0.2891666666666667,0.8354036304505108,0.9129695927062266,5.505061522720185,2.8398253316332496,0.2025556271264053,1983
GSCX,0.0,0.3485598218805842,0.2476459123504743,2.3481527522792645,1.1259144811866837,0.4190718554626616,1983
PID,0.1747222222222222,0.7549115107853075,0.6952678158423201,4.9346773050150405,2.05299223687448,0.2351434529551438,1984
GSCX,0.2561111111111111,0.8042982428884488,0.8212148523675084,5.2932447776543095,1.9253571664087088,0.2171524277003109,1984
PID,0.395,0.88255773876158,1.0895049599062532,5.8449446964568175,2.763475588535572,0.1862907117961489,1985
GSCX,0.1705555555555555,0.6882859449708008,0.6510690291139736,4.483287775662865,1.809334139579159,0.2510839935607552,1985
PID,0.2855555555555555,0.8571418098942796,0.9037634985340812,5.660000235565601,2.261364486569229,0.2033440730229838,1986
GSCX,0.0,0.3453119133282501,0.2491351607710945,2.3094406764404662,1.183763398587211,0.420204282050844,1986
PID,0.5958333333333333,0.9184120131477655,1.5302351003818628,6.069526751896806,3.863689768216601,0.159226680975613,1987
GSCX,0.0230555555555555,0.485600405942759,0.383991379827218,3.302862720162408,1.4579698639239045,0.333898223263729,1987
PID,0.7022222222222222,0.9360339907546642,1.8149693198022463,6.190348932291582,4.152404188729321,0.1473879668952727,1988
GSCX,0.2636111111111111,0.8173037656785742,0.8392403707031346,5.380640960543448,1.892267496208536,0.2143687676746266,1988
PID,0.4866666666666667,0.8984370137725702,1.2558616545006718,5.921563878114703,3.2427917469176744,0.1743954817432751,1989
GSCX,0.0061111111111111,0.3695332168628195,0.2776239897661065,2.5040167886921623,1.2846454661585611,0.3986683235069218,1989
PID,0.2375,0.7733731799694518,0.8038614522797662,5.0877348273034615,2.875221053109651,0.2176042137779696,1990
GSCX,0.0066666666666666,0.3616498497939125,0.2642910819118252,2.441279722767076,1.3084048871396756,0.4045985410085823,1990
PID,0.4647222222222222,0.8998296493563236,1.191212213993981,5.954587824807224,3.0843374199631226,0.1774873224123781,1991
GSCX,0.0,0.3504505608323309,0.2480467701202066,2.345153974835091,0.9549055902754032,0.4226637793626573,1991
PID,0.6205555555555555,0.9238109900708832,1.5840304487407249,6.094820646312493,3.7696383890838288,0.1571277591772918,1992
GSCX,0.0122222222222222,0.3766741683481828,0.2787391650114144,2.543983060574479,1.501622047733901,0.3907887349202602,1992
PID,0.2975,0.86722302036412,0.9375466591481424,5.724067429960284,2.892914898929601,0.1972532456902589,1993
GSCX,0.0,0.3331526736104235,0.2392081209934458,2.2356695333862744,1.0446518309259798,0.4308691566634596,1993
PID,0.2252777777777777,0.8117110108609059,0.8246718689697526,5.352140190717278,3.129842579128125,0.2106808018217418,1994
GSCX,0.0513888888888888,0.6297753929691458,0.5232193703906886,4.148290325338286,1.5539470267660949,0.2817929849467349,1994
PID,0.285,0.8486629362753981,0.9252037961948618,5.588404865549027,2.7865382340158344,0.2010070942598352,1995
GSCX,0.0436111111111111,0.5507315293961621,0.4403704509917048,3.743292418717608,1.4316226820034057,0.3069560981586378,1995
PID,0.4113888888888889,0.8848080153804714,1.1219611551584323,5.852693776951402,2.842481332858388,0.1840518908358007,1996
GSCX,0.2741666666666666,0.8241688571527044,0.8861833673183995,5.435208843304793,2.2323099344551878,0.208766321480867,1996
PID,0.2986111111111111,0.8594048323599464,0.9502274723967454,5.6795965352770486,3.532375468696507,0.194464099134589,1997
GSCX,0.0,0.3921921882818217,0.2793102524625508,2.652014160646684,1.1428222808602624,0.3922997225558811,1997
PID,0.3952777777777778,0.8822257832321404,1.1571111920225643,5.850598112175279,3.687785024364788,0.1800068146879833,1998
GSCX,0.2633333333333333,0.8026446270828218,0.8463509724177435,5.279353809193825,2.0498561792720045,0.2150877121493943,1998
PID,0.5352777777777777,0.9120797912599262,1.3519495256685137,6.022138986849309,3.1828510162138635,0.1688462200847396,1999
GSCX,0.0,0.4093266228410548,0.2859015187522996,2.781940459657786,1.177817965947014,0.382598506625451,1999
PID,0.27,0.8554233362275078,0.9062564550696564,5.657865860091525,2.7905573592415727,0.2013310991113847,2000
GSCX,0.0,0.365859114234307,0.2721357127594459,2.4669654704441224,1.14749271596441,0.4056592835383544,2000
PID,0.3905555555555555,0.8814475928887687,1.0762313082506507,5.831657366780732,2.6885312438183853,0.1874496730760921,2001
GSCX,0.0088888888888888,0.4424014029530148,0.3196000425365541,2.991494671790872,1.30646828263069,0.3618823663839925,2001
PID,0.7675,0.9484129078806262,2.395537351491976,6.274221056368255,5.741004933254692,0.1296298120755522,2002
GSCX,0.1252777777777777,0.6852870390164162,0.6259552823975784,4.510200579524399,1.8778552094956569,0.2547043522018009,2002
PID,0.2516666666666666,0.8623203581051282,0.8894532052099154,5.697771665385327,2.4103886355609925,0.2040160114152335,2003
GSCX,0.1838888888888888,0.7949198899486812,0.8023773176450811,5.231740641810503,2.713816976453609,0.2182936567416349,2003
PID,0.6369444444444444,0.9280806679981024,1.653268371362809,6.1248701102107646,3.9236916048429737,0.1541372720891495,2004
GSCX,0.2558333333333333,0.7790504358575587,0.8552797203997522,5.115152238088722,2.3736539227487445,0.2163399169965784,2004
PID,0.5525,0.91069499777984,1.4297837857237827,6.010560263405901,3.7074332694146,0.1643746539475504,2005
GSCX,0.1744444444444444,0.7524167292006221,0.72082701874827,4.940133875930554,1.9046190926394624,0.234546722600505,2005
PID,0.0997222222222222,0.7606769814081565,0.6336701942860042,4.9874182038507735,2.11293688568121,0.2416502075069463,2006
GSCX,0.0238888888888888,0.4794469169704424,0.380854353188427,3.2653229982359435,1.5521383149138834,0.3347056894502975,2006
PID,0.2372222222222222,0.8151712841653985,0.8367361762543158,5.3725197562399565,3.0420101321501205,0.2096487822822433,2007
GSCX,0.0036111111111111,0.3653414023546486,0.2674937347078007,2.4447715447616734,1.2368901744495373,0.4054566827532423,2007
PID,0.2461111111111111,0.8353213032971332,0.8309431771468672,5.514627036164324,2.2237602786654773,0.2112818646947954,2008
GSCX,0.0,0.5766937539534077,0.4376519009575906,3.91900397609978,1.1678892032474268,0.3074343110549842,2008
PID,0.6691666666666667,0.9315199109713784,1.6866528315559572,6.157284307917475,3.617793158244711,0.1530724684105669,2009
GSCX,0.1733333333333333,0.7432773948398625,0.7064964363539108,4.86883006085157,1.9443368699286432,0.2368340860596917,2009
PID,0.4244444444444444,0.8785548424656657,1.1885972720889124,5.779795297498946,3.7846687185501247,0.1784331516984801,2010
GSCX,0.0233333333333333,0.4682816891703584,0.3623736059112551,3.1820201382096034,1.5595828534548295,0.3408864625460893,2010
PID,0.5775,0.910809965684392,1.5439245920714022,6.011149550528434,3.9648682872762415,0.1596075423422069,2011
GSCX,0.0391666666666666,0.5466306081392712,0.4167939165206218,3.71576231219837,1.7979435055165358,0.3067584614614519,2011
PID,0.2619444444444444,0.8508469073026457,0.8712036076293417,5.610371586615981,2.246591053941969,0.2067666237311617,2012
GSCX,0.0077777777777777,0.4075383877946115,0.3027054208765067,2.7418708765971016,1.340553363376426,0.378119405835286,2012
PID,0.6758333333333333,0.933038848383508,1.8911920287849084,6.162141364354203,4.597535513335484,0.1452545529457097,2013
GSCX,0.0055555555555555,0.3984898380195676,0.2955963716269447,2.7098253390261084,1.2697753346217302,0.383017919952031,2013
PID,0.4505555555555555,0.8883519596737657,1.1658833139701288,5.874035838569691,3.1037160982884084,0.1798191144767917,2014
GSCX,0.0063888888888888,0.3969070022004151,0.2931920527042739,2.6804939104994627,1.3008268406671517,0.3843521939205607,2014
PID,0.3358333333333333,0.866258543968746,0.998113746179814,5.736246022002143,3.247645497541455,0.1915349824949216,2015
GSCX,0.2797222222222222,0.817089497727023,0.8521591388766112,5.409486874434232,1.7836019016801017,0.2131223622808158,2015
PID,0.6472222222222223,0.9286894089491834,1.6381265640227345,6.131615402730375,3.37947872751763,0.1557954056828471,2016
GSCX,0.0,0.3416557360882166,0.239964861850781,2.2877891536967234,0.860731222563454,0.4307150889962206,2016
PID,0.2822222222222222,0.8523803854554897,0.8989578473384758,5.621961479993523,2.4159551736432365,0.2035727768809603,2017
GSCX,0.1427777777777777,0.5735239006512104,0.5529094817024695,3.892530069224831,2.274291440828617,0.2743962660585093,2017
PID,0.2286111111111111,0.8291195044455966,0.8417780427699465,5.476884229668026,3.412429273083365,0.2060126129095481,2018
GSCX,0.2941666666666667,0.8198445444160498,0.8803609359825626,5.429968440498544,2.003295850398262,0.2095391351282386,2018
PID,0.3113888888888889,0.8563315238094452,0.9841626343368912,5.659056390872363,3.2372409065195265,0.1942330038762119,2019
GSCX,0.0066666666666666,0.3558440943951532,0.2571189251748664,2.378394663904172,1.3005832159926,0.4101494861577689,2019
PID,0.4577777777777778,0.8827734334289941,1.2211447571009375,5.830148215047263,3.6003253464741727,0.1763395998878647,2020
GSCX,0.2397222222222222,0.8098437271180922,0.8493877960422457,5.33952279252246,2.597422339663893,0.2119092070252672,2020
PID,0.6533333333333333,0.9306378937396164,1.6645372818624449,6.147481275948475,3.4116075776752663,0.1547000325408306,2021
GSCX,0.0316666666666666,0.5831633731392425,0.4631274171776221,3.940724375262897,1.4622109282288325,0.2977742104749219,2021
PID,0.3052777777777777,0.8569975210145533,0.9106855447336796,5.646651077999247,2.1397114713386465,0.2030137795387149,2022
GSCX,0.1027777777777777,0.567332792758861,0.5131790340644302,3.85136080932225,2.22138402508528,0.2827161345597599,2022
PID,0.1433333333333333,0.6730402542053199,0.6020792273494489,4.531261060331816,2.5504779900653705,0.2499695457269216,2023
GSCX,0.0,0.3578473149141001,0.2538533162497755,2.403702653458971,1.1997587304011097,0.4122798517005662,2023
PID,0.3602777777777777,0.8798975803005369,0.9798676865886736,5.811268816113281,2.3997826115421548,0.1939486416669599,2024
GSCX,0.0,0.4121306305818725,0.290474796352603,2.7759019429055494,1.1085595853200885,0.3832043245949481,2024
PID,0.6908333333333333,0.9341011639565976,1.8439616105432208,6.172316768219034,4.566787481683949,0.14603098027869,2025
GSCX,0.1069444444444444,0.5957371008032462,0.5488416945730975,4.053134551538961,2.0727606148099897,0.2742671302720453,2025
PID,0.2427777777777778,0.8375252078876089,0.8503284829142547,5.527051437472706,2.256728909723078,0.2100707530456895,2026
GSCX,0.0036111111111111,0.3781220619225284,0.2709467881912376,2.534357429756445,1.2345051591346643,0.3988873873200393,2026
PID,0.2177777777777777,0.8052134710849527,0.7779926695758081,5.290286143508359,2.285562557540046,0.2192125107630624,2027
GSCX,0.0,0.3335517416356188,0.2300698680523928,2.256398215936751,0.9620863594432372,0.4332070765032683,2027
PID,0.2452777777777778,0.8400186475340683,0.8535241904747212,5.539310990826051,2.1579756517438944,0.2100893871990994,2028
GSCX,0.1238888888888889,0.6428263158333656,0.5979920495796937,4.408261917516952,2.5598096549753064,0.2550356264631837,2028
PID,0.2666666666666666,0.8402762123857115,0.8357728018850246,5.536981644365132,1.984905243562277,0.210958302919857,2029
GSCX,0.0,0.3954390510321872,0.2856573920543504,2.650348779851023,1.1979479679002374,0.390084590625651,2029
PID,0.1244444444444444,0.7141804848193685,0.6106567640429491,4.873560517870063,2.1956898662923074,0.2446915951848863,2030
GSCX,0.1638888888888889,0.7578819626996041,0.7366032887880215,5.131308663248476,2.3662079680658765,0.2275259855125138,2030
PID,0.7347222222222223,0.942147946309386,1.9624265959268097,6.22995703528713,4.209651187303637,0.1427959209744511,2031
GSCX,0.2625,0.8076100998223851,0.8595082801096605,5.32966894375455,2.7247421606083786,0.2099192363128889,2031
PID,0.2172222222222222,0.8354595636662933,0.8557145688681675,5.503144636470396,3.1269740960748997,0.2067909072730339,2032
GSCX,0.0266666666666666,0.449748087918079,0.3345420600760944,3.0448910106007947,1.461933634736848,0.3523367992073399,2032
PID,0.2463888888888888,0.8499403504706908,0.868475686361528,5.6008193157918695,2.318688623397284,0.2073520958301567,2033
GSCX,0.1958333333333333,0.8094025027432384,0.7839785312554793,5.345113627916053,2.2811285120119487,0.2189637479895939,2033
PID,0.5447222222222222,0.9077769687279716,1.4779858250241336,5.983450784053853,3.956953369415331,0.1626532401361906,2034
GSCX,0.1869444444444444,0.7957083372974894,0.7857856207234067,5.2428219961042455,2.5737322016514272,0.2196251334539558,2034
PID,0.3852777777777778,0.8735160355170464,1.062850012799415,5.766917005582395,2.666941749919196,0.1891807896209927,2035
GSCX,0.0458333333333333,0.5675030009662975,0.4559255218222323,3.8518217316806536,1.4654829212314466,0.3005960837406657,2035
PID,0.3636111111111111,0.8540781898778611,1.0184755400117742,5.640003532622679,2.590677738481742,0.1940559891528806,2036
GSCX,0.0094444444444444,0.4552234859333007,0.3370121170019771,3.073632333252029,1.2496665722643696,0.3557782383090211,2036
PID,0.2886111111111111,0.8510471215561375,0.9068422201648404,5.626864445753036,2.0899758572321234,0.2045279034860579,2037
GSCX,0.2741666666666666,0.8175929935458934,0.8643661714781719,5.384261000952004,1.941833762023066,0.2122962991247935,2037
PID,0.5927777777777777,0.920021682444577,1.5628115734690706,6.070353403272882,3.976479577433088,0.1580357669757929,2038
GSCX,0.0033333333333333,0.4411329582807147,0.3377686771950812,2.994818904120477,1.2127975147460788,0.3613877397743135,2038
PID,0.4419444444444444,0.8899099304150102,1.164566230599385,5.888297930698792,3.102102314513776,0.1799667065822372,2039
GSCX,0.2561111111111111,0.7957224622076918,0.8391982950614159,5.235246800014267,2.420025471199344,0.2145902586246874,2039
PID,0.4411111111111111,0.8953435807897795,1.2861295258697836,5.897643450052096,4.354892340391463,0.1710711649770848,2040
GSCX,0.0030555555555555,0.3532033456190263,0.2514452955511701,2.3693273913397195,1.2276281092999812,0.4140500692704566,2040
PID,0.2613888888888889,0.8576549382313101,0.8853093621510513,5.671290728511004,2.392148339515212,0.2043659321413268,2041
GSCX,0.0,0.3767218085803066,0.2646908583225621,2.5454475247689845,1.1461493917774097,0.4017469050273843,2041
PID,0.2258333333333333,0.8303572452634645,0.8280126320456456,5.484013470427061,2.3865570210080422,0.2120396294056548,2042
GSCX,0.2025,0.8038297991614493,0.8126611744000495,5.29830775824461,2.6394263036995724,0.2160158668339293,2042
PID,0.4513888888888889,0.8963666789553358,1.1735184611121012,5.937729064278438,2.786253490189201,0.1799150148518397,2043
GSCX,0.0,0.3794747411150417,0.272178643519221,2.543741315491643,1.1683188773405635,0.3998931698072106,2043
PID,0.3491666666666667,0.823514472086529,1.0581514359339823,5.391610327671903,4.2911253919793415,0.1891892201625851,2044
GSCX,0.0,0.4096934003158743,0.3039708960182216,2.7754378858163418,1.1238525078468466,0.3809530228778848,2044
PID,0.3741666666666666,0.8613131194871516,1.1481534436341434,5.670583002850782,3.9622501751834864,0.1823187152947764,2045
GSCX,0.0127777777777777,0.4328408309790297,0.3218797125650259,2.896102006579869,1.3474360636864746,0.36536996233316,2045
PID,0.2530555555555555,0.8605074398840002,0.882014936487528,5.677252015650381,2.4043809103894014,0.2046637025566805,2046
GSCX,0.0552777777777777,0.6248759551544011,0.5271580593985945,4.24421575524289,1.7310210959567365,0.2770433152642249,2046
PID,0.6608333333333334,0.92932649249969,1.714645104859129,6.145157749086823,3.532639584620361,0.152908429197902,2047
GSCX,0.1619444444444444,0.7187794596494144,0.6995733564895674,4.706939016744969,2.0889086347815478,0.2407884230422212,2047
PID,0.2538888888888889,0.860748951130334,0.8877053572259178,5.678353475099605,2.460762417333002,0.2040642656924789,2048
GSCX,0.2002777777777777,0.7937122174020417,0.7817137485686131,5.228943183952304,1.9444372488682784,0.2231746331971165,2048
PID,0.2916666666666667,0.8292030695240833,0.8922842045941015,5.464499775087481,2.5906611870356224,0.2053482990471223,2049
GSCX,0.0052777777777777,0.4278545083136006,0.307505903578313,2.917828511593459,1.268397864618713,0.3690695337758082,2049
PID,0.2994444444444444,0.863297395735966,0.944582733006576,5.697296301647675,2.8605489998717863,0.1974610901504389,2050
GSCX,0.0127777777777777,0.3799848368073568,0.274551315701982,2.5832631129698718,1.4331884303881035,0.3903349776353034,2050
PID,0.2875,0.8579272594783047,0.9016786653425338,5.659599437159011,2.368840903194465,0.2028177671133894,2051
GSCX,0.0258333333333333,0.4969627373888473,0.3845799450329865,3.393246376320857,1.6095908576138076,0.3275153893332404,2051
PID,0.5444444444444444,0.912400554734708,1.4322746096692622,6.014118838265118,3.834057678416216,0.1640539629524501,2052
GSCX,0.0,0.4310820292681099,0.299406174046283,2.902698908330818,1.0713769312349537,0.3748345731868837,2052
PID,0.3380555555555555,0.8490749681408784,0.9948520375079544,5.60888360835007,3.402613812347516,0.1928305801309503,2053
GSCX,0.1216666666666666,0.7252115047885578,0.6537790998755483,4.73841080644061,1.874703114374477,0.2468784071045244,2053
PID,0.5827777777777777,0.9177313030096588,1.472614178448917,6.053189561574293,4.201289512725846,0.1602974210028139,2054
GSCX,0.0,0.3304541879056714,0.2341932937464812,2.229748147366591,1.074591436495424,0.4318386274035657,2054
PID,0.6138888888888889,0.92209738140154,1.593628108275236,6.094684888276474,3.94493095889678,0.1565348186346473,2055
GSCX,0.0,0.3285449259271747,0.2335208370845925,2.2077572525955027,1.1864778159785203,0.4310696904153239,2055
PID,0.2861111111111111,0.8631655755802202,0.9139816498816548,5.699724434034915,2.306992161417809,0.201952556225565,2056
GSCX,0.0,0.3502647295369424,0.2473424190787205,2.353110013478356,1.1006175655612047,0.4192242135265673,2056
PID,0.2830555555555555,0.8623555864262951,0.9256836467291149,5.702197402336275,2.8011813275384143,0.1991524695846191,2057
GSCX,0.0,0.3416430529414882,0.246173083319171,2.3132342826141565,1.0935769202006154,0.4227630874525774,2057
PID,0.2527777777777777,0.8530349014231544,0.8729439866582398,5.619451702974964,2.112391840896956,0.2075904628313189,2058
GSCX,0.0591666666666666,0.5264660318087896,0.4370420548471779,3.5843843627467624,1.8280747760851928,0.3076235759337338,2058
PID,0.2858333333333333,0.8523593498467479,0.9259406602776468,5.6175972987280245,3.0029987302746988,0.1994237185297703,2059
GSCX,0.0055555555555555,0.3794288378650959,0.2783667806816882,2.57002606981687,1.276258809510128,0.3944520830584497,2059
PID,0.2558333333333333,0.8172061442727332,0.8474797015566227,5.380831508512685,2.229918131779065,0.2124637628340919,2060
GSCX,0.0,0.4570675568340306,0.3259050426148928,3.0862854336178045,1.1647140511000926,0.3591771421470892,2060
PID,0.5666666666666667,0.9143066134420949,1.383374006321156,6.0301435106951216,3.188941158417089,0.1668602463159132,2061
GSCX,0.0,0.4542515618572443,0.3221814861684461,3.06269436629575,1.0895448277507225,0.3621218718458328,2061
PID,0.2680555555555555,0.8610903417567132,0.8768895613353568,5.677085070307329,2.1268854031341347,0.2056626855426102,2062
GSCX,0.0761111111111111,0.58971429543252,0.4997378721368011,4.010317211377844,1.9610524200689488,0.283275564935362,2062
PID,0.3125,0.8494366325850158,0.9318594369875084,5.597819674956907,2.60260242877162,0.20034695913937,2063
GSCX,0.2480555555555555,0.8112042320027963,0.8226793346437439,5.340301794239233,2.0418700696790637,0.2158813194362146,2063
PID,0.2063888888888889,0.7886437691567687,0.7740736447283987,5.184931512292124,2.723707930634021,0.2195712374169284,2064
GSCX,0.0,0.3689060362108193,0.2632142475127732,2.4632503121211227,0.9830578300961584,0.410568368539421,2064
PID,0.7005555555555556,0.935784611930864,1.7748568241776272,6.1854765310167465,4.135049814435884,0.1484753680382166,2065
GSCX,0.0,0.4442156504354201,0.3081624166552025,2.9998696508686207,1.155270190076439,0.3666411543339016,2065
PID,0.385,0.8512712076522523,1.0719132734514687,5.649815369718977,2.997751287627421,0.1892383131685758,2066
GSCX,0.1902777777777777,0.8014266320276099,0.7710835419672399,5.292380519807681,1.7664029985668006,0.2240437878290685,2066
PID,0.1644444444444444,0.7219038118431608,0.6326944418250893,4.720863332185758,1.870876320815194,0.2461797596840953,2067
GSCX,0.1161111111111111,0.651686261653979,0.5787968314813945,4.271120493265401,1.595378252223762,0.2679252719673818,2067
PID,0.6944444444444444,0.9349782024115164,1.8036668535225175,6.180695288237265,4.289595468349347,0.1475532793098439,2068
GSCX,0.0,0.5015428586876036,0.3623252954320128,3.4069840916369816,1.1633349267625055,0.3382610372879018,2068
PID,0.2986111111111111,0.8472962782272134,0.9159629344178796,5.594352332667228,2.3837615261806087,0.2027768931333786,2069
GSCX,0.0622222222222222,0.5696314851613478,0.4711495059225138,3.8591823284672495,1.9735941715447591,0.2920248626809303,2069
PID,0.6811111111111111,0.9312885514382055,1.7308381632722707,6.164627804170779,4.835947337882282,0.1483229197722633,2070
GSCX,0.035,0.4741139343792078,0.3639736166582424,3.213653939132153,1.558519433180356,0.3377781036662152,2070
PID,0.2363888888888889,0.8283674197010199,0.8444671595856261,5.463442684589393,2.886773605323617,0.2084772749240452,2071
GSCX,0.0,0.3676422740042181,0.2636405487240546,2.462073340039526,1.1541306637342643,0.4072216731322773,2071
PID,0.4533333333333333,0.8675383015490699,1.2087510948969928,5.706338334910265,3.50611500094163,0.1788491560563668,2072
GSCX,0.0,0.5345904233702286,0.3948894679899338,3.6325683434286415,1.1340775752582362,0.324419124726822,2072
PID,0.1225,0.6708091995591096,0.6262093143623403,4.565214924352098,3.807683954628004,0.2399265814864678,2073
GSCX,0.005,0.4627975654589769,0.3419845139865463,3.132788691131901,1.2615889201938184,0.3524466835532935,2073
PID,0.2905555555555555,0.8578769084015981,0.905889440587449,5.666233469108719,2.446855441370688,0.2020249805788994,2074
GSCX,0.0225,0.4339402512290157,0.3306369358155182,2.936453753218346,1.3791574852443231,0.3603952369690357,2074
PID,0.31,0.8534671068420215,0.9380630994264066,5.629126781608943,2.9973864794359084,0.1977922289569628,2075
GSCX,0.0066666666666666,0.4152066600026833,0.3038555026135204,2.798468953225881,1.223502206605689,0.3767847660950711,2075
PID,0.27,0.861937749428539,0.8993872202807504,5.696692437685744,2.344380074927485,0.2031543412243047,2076
GSCX,0.3030555555555556,0.8258660815418881,0.9082745219987508,5.437955615502935,2.2289280080832063,0.2064173889387473,2076
PID,0.6341666666666667,0.92685277338163,1.608044603379815,6.144444819686018,3.732661487071654,0.155797832242134,2077
GSCX,0.0,0.3523176639637445,0.2459963120268918,2.3661083374892318,0.94855677494666,0.4217445371201207,2077
PID,0.2472222222222222,0.8466782837718067,0.8715701722153623,5.598797405263859,2.736050091342382,0.2051341070085715,2078
GSCX,0.2133333333333333,0.7299611621032293,0.7370674643808334,4.783046106961844,2.4776652691099224,0.2312686267182598,2078
PID,0.4452777777777778,0.8877605304452787,1.2315814698971463,5.842622440427856,3.6310245492646622,0.1760516753421185,2079
GSCX,0.1744444444444444,0.7049376428752093,0.6836121354228755,4.603510429644139,2.5733703779063357,0.2401725690771032,2079
PID,0.3055555555555556,0.8645375159511048,0.9496502606963508,5.704728063470196,2.5749558279574174,0.1982214679457717,2080
GSCX,0.2202777777777777,0.7791093129316061,0.798696774523607,5.123520373141782,1.971494532819368,0.2232514164557804,2080
PID,0.2463888888888888,0.7009373868779091,0.770773575953904,4.561606706613787,2.6818966072891746,0.2310508504722346,2081
GSCX,0.0655555555555555,0.5989347094804759,0.504327335202838,4.076083841827891,1.6536770618591436,0.2845025620222715,2081
PID,0.3891666666666666,0.8801962742823651,1.09261115766447,5.809211129584993,2.9487641284798083,0.1860741075674961,2082
GSCX,0.0016666666666666,0.3730510835571773,0.2705676429209941,2.5021078320999264,1.2060757373990667,0.4019888977645979,2082
PID,0.4097222222222222,0.8841539649663079,1.142846854507699,5.833152952341322,2.789083798498685,0.1837891826070528,2083
GSCX,0.0,0.3821021778219869,0.2753146080832729,2.5664300464471976,1.0337834698098236,0.400465087089745,2083
PID,0.4566666666666666,0.894745076693624,1.1834050471170086,5.910062655048103,3.246163355817325,0.1779641565550984,2084
GSCX,0.0002777777777777,0.3864642975918864,0.2710539728240028,2.626516367478199,1.2005141950130218,0.3943702053899822,2084
PID,0.3155555555555555,0.8406489916049633,0.9767893415941096,5.547788236746162,2.971652364679286,0.1973694581192571,2085
GSCX,0.1888888888888888,0.7198065424850328,0.7227377291335811,4.703493381050652,2.2199553730112958,0.2369426439636778,2085
PID,0.4183333333333333,0.8808278773278071,1.1827249815699754,5.793096215058657,3.591696232585266,0.1793950253331938,2086
GSCX,0.0,0.4485004834747295,0.3261873684476185,3.018036141747449,1.0147462490171857,0.3651349408542922,2086
PID,0.6913888888888889,0.9341442311964402,1.801086909257239,6.173771141463177,4.235646028192583,0.1478842171919075,2087
GSCX,0.0,0.3347005355458972,0.2417222939264887,2.266177523613053,1.1460295096250352,0.4260403643844893,2087
PID,0.3013888888888889,0.8602132697646867,0.9256399191793612,5.676325864010584,2.5915575396637838,0.1998245648807639,2088
GSCX,0.3211111111111111,0.846909416495892,0.9765093531943528,5.589336034849366,2.51786100871572,0.1986179538991639,2088
PID,0.3202777777777778,0.8408728159145729,0.9228633986003506,5.544420345854692,2.605462131928294,0.2013278432834867,2089
GSCX,0.0,0.3648877810403064,0.2517506209995359,2.462269555935088,1.106730174733867,0.4105550163751381,2089
PID,0.2944444444444444,0.859159951990173,0.9101086308870006,5.679594721278253,2.6695846206834166,0.2003849706385589,2090
GSCX,0.0936111111111111,0.6289322380154136,0.5593485786894814,4.103142238831033,1.9114468622684055,0.2734192126029307,2090
PID,0.2677777777777778,0.8392625760827391,0.8453746327538008,5.526546073039631,2.1403986725389843,0.2097976774440822,2091
GSCX,0.0,0.3418540631964035,0.2443027096112319,2.2944443626087003,0.9509894194106392,0.4273976299021066,2091
PID,0.3538888888888888,0.8687844701262198,1.0166834584686733,5.748320954482073,3.333684722334261,0.1895681336413386,2092
GSCX,0.0127777777777777,0.4279009614286455,0.3137781870393856,2.9094142406010093,1.3574188876923232,0.3660758308202727,2092
PID,0.1219444444444444,0.6954242311323274,0.598707722224381,4.668635107856867,2.1243867241694896,0.2511040708542316,2093
GSCX,0.2022222222222222,0.7634995722155126,0.8039296215778569,5.015036447566218,2.8910295181197343,0.2206382400824133,2093
PID,0.2238888888888889,0.7874389988128546,0.7620481084629149,5.165207547562564,2.595318633068279,0.2204706935187967,2094
GSCX,0.005,0.3885360241848737,0.2849114375110859,2.642507541265293,1.2639774318722496,0.3891355345806676,2094
PID,0.6163888888888889,0.9232578439472298,1.610614182959646,6.094237409500075,3.997278599656858,0.155855805473656,2095
GSCX,0.0072222222222222,0.3810809102914608,0.283111645277088,2.557014850630708,1.3343654845099515,0.3928948120300197,2095
PID,0.2386111111111111,0.8224581861144874,0.8028879881875207,5.408729992132199,2.086594239704056,0.2157338638491007,2096
GSCX,0.0,0.405456863841531,0.2870281827841899,2.720560433461847,1.0551638269186765,0.38804775646134,2096
PID,0.6819444444444445,0.932244274260376,1.7212715385604578,6.157127640858416,3.616900267843614,0.151886219520545,2097
GSCX,0.0,0.3585034064900816,0.2580209642720898,2.413676083132948,1.050046236259126,0.4139172607451374,2097
PID,0.44,0.8700583172414487,1.244206139452267,5.734265722937909,3.656551698978346,0.1771186695188609,2098
GSCX,0.0,0.3706421835624368,0.2705359286008764,2.5045359476124043,1.159323963062051,0.4032119929784577,2098
PID,0.3116666666666666,0.8516734859584051,0.973654725914503,5.624609181887408,3.063688249634532,0.1959940487300355,2099
GSCX,0.0,0.3558199185355935,0.2545560864703837,2.404851745882191,0.8636928130886719,0.4192042660526601,2099
PID,0.2538888888888889,0.7973484611903249,0.8193755130645162,5.248276988246156,2.6117583957051838,0.2143936746325221,2100
GSCX,0.0072222222222222,0.3534863844754868,0.255063468364824,2.364741477265045,1.328148706684681,0.4108635152866248,2100
PID,0.0061111111111111,0.5621119680141824,0.3624006964546149,3.852090908095437,1.2752102145966977,0.3165599499725117,2101
GSCX,0.2566666666666666,0.8135660813483762,0.8577300134675273,5.365498863862517,2.178354327124278,0.2125126812298944,2101
PID,0.2705555555555555,0.837179850162245,0.8628116850783372,5.518986434367325,2.286072597408005,0.2082312433924496,2102
GSCX,0.1194444444444444,0.6929760496348504,0.6306459727900016,4.533561279003338,1.937043759005582,0.2535377429798331,2102
PID,0.5725,0.9188125260743086,1.4869874609929583,6.077565725103063,3.6019695797318256,0.1617851713044977,2103
GSCX,0.0,0.3267777660245638,0.2291351384288739,2.188864939050286,0.9375172807295604,0.4390387169544218,2103
PID,0.0,0.5403455218268836,0.3335627246555673,3.662795596935155,1.0399817108832854,0.3314714860413212,2104
GSCX,0.1033333333333333,0.578289609768962,0.5521066945060975,3.9147102766931496,3.156260575766125,0.2688330388835505,2104
PID,0.5286111111111111,0.9071171044956434,1.2570806636141327,5.992007702898812,2.7497619209664363,0.1740105903458838,2105
GSCX,0.0027777777777777,0.4014574262000512,0.299004840561982,2.7114236562486744,1.217536564337324,0.3835176962558583,2105
PID,0.115,0.5704345277490491,0.49072404773086,3.857899693809258,2.14254543302069,0.2841827570559405,2106
GSCX,0.0283333333333333,0.5592974083709036,0.4406286081787593,3.788953431760828,1.7441391779272852,0.3030175360232701,2106
PID,0.5530555555555555,0.9131514555786188,1.3460130173922071,6.035201516594882,3.2399832299323355,0.1681885898522837,2107
GSCX,0.0461111111111111,0.5285929091075194,0.4226812963625285,3.601253685085128,1.5089606402907365,0.3134362524197497,2107
PID,0.3841666666666666,0.8671853481220227,1.0997734228764926,5.7292766258002885,3.3683238415291434,0.1854050440314052,2108
GSCX,0.0086111111111111,0.4703538852197672,0.3512110578939517,3.1892635650734427,1.3706679238820572,0.3463413460864715,2108
PID,0.3225,0.8654549105046276,0.9418984714994308,5.709828627281115,2.559916575243882,0.1978758801148535,2109
GSCX,0.2422222222222222,0.8033384057749494,0.8334154918868449,5.279873620534752,2.2268122245218653,0.215719255952518,2109
PID,0.2416666666666666,0.8565034123466152,0.8762088952286109,5.666941314075882,2.849924069728061,0.2034032067749148,2110
GSCX,0.2297222222222222,0.7989504903577788,0.8347026615009056,5.254655380552687,2.168580761270314,0.2170712683868116,2110
PID,0.13,0.6688616792205542,0.5752384054396238,4.461284379910174,2.347531167323163,0.2559571941493385,2111
GSCX,0.0,0.3776057301393661,0.2670114987647466,2.5412241076817583,0.9882678749414964,0.4045870772137617,2111
PID,0.5316666666666666,0.9070344589806234,1.4977031416639346,5.989538237474679,4.229632093818143,0.1615195797360029,2112
GSCX,0.01,0.3676971237992401,0.2617313649794137,2.478806215661132,1.3163985796419977,0.4017809806236488,2112
PID,0.3647222222222222,0.8796161110795081,0.9973418909867672,5.820364096066983,2.1498563947586318,0.1940716636520526,2113
GSCX,0.0,0.3445712479020582,0.240214153107091,2.311862137287944,0.9112684319077188,0.4277532118663474,2113
PID,0.7019444444444445,0.9366872112223102,1.836887200347073,6.196297065891906,4.330585770433202,0.1463613712301014,2114
GSCX,0.0258333333333333,0.4765603436133412,0.3664284189887303,3.232415841746884,1.6086293645843384,0.3369569893275226,2114
PID,0.2811111111111111,0.8582011070644379,0.8710652424271103,5.66069791228148,1.952501921488984,0.2065681279532719,2115
GSCX,0.2441666666666666,0.8177362067392985,0.8698353550949205,5.41093297159944,2.363581419271674,0.2106849655304525,2115
PID,0.5455555555555556,0.905851082613022,1.500824462389485,5.976724960328531,3.980206096457109,0.161980728361301,2116
GSCX,0.0247222222222222,0.502560523417653,0.3800192058646313,3.409573804819072,1.637750998262967,0.3269280996281037,2116
PID,0.5475,0.9127118024786072,1.4247500943457816,6.0173470761478,4.001490135061057,0.1636207114714752,2117
GSCX,0.0077777777777777,0.3770471706867236,0.2773163164107488,2.53068530282244,1.3063757300045902,0.3960393065424005,2117
PID,0.42,0.8781550458719014,1.165038695184463,5.786894026743472,2.927525933371274,0.1827008475910845,2118
GSCX,0.0197222222222222,0.4573293189338515,0.3542535105492156,3.081317747480965,1.3724974780213024,0.3498509406838723,2118
PID,0.2675,0.848234543945539,0.87612368894668,5.608853393046143,2.340011976203672,0.2058951178856447,2119
GSCX,0.0016666666666666,0.3365159129304131,0.2498743020314413,2.258978446283421,1.206050630277896,0.4231319301126594,2119
PID,0.165,0.7303960250229192,0.6716898924257814,4.770818438912742,2.780440772225749,0.2360730788637872,2120
GSCX,0.0788888888888888,0.678914827635875,0.5845286729491285,4.498726237992718,1.634648733055688,0.2632899462273319,2120
PID,0.2913888888888888,0.8628060274028786,0.9375968744641858,5.703834503821203,3.375569570315494,0.1956021367979529,2121
GSCX,0.0127777777777777,0.4461925744825699,0.3494328693574955,3.0316587064054947,1.3991498975307353,0.3537419907984427,2121
PID,0.2647222222222222,0.8532235845370607,0.8592777267099517,5.639656037461668,2.052490436260721,0.2077250106350271,2122
GSCX,0.0,0.3143169428957952,0.2188449441721968,2.100716512324386,0.9355515263035878,0.4484930358561665,2122
PID,0.3891666666666666,0.8630450939263815,1.051963794580403,5.6934916496142725,2.951606754862732,0.1893361337483693,2123
GSCX,0.2761111111111111,0.783365627571186,0.8515066492628633,5.179361661286951,2.28058656069662,0.2149737873464684,2123
PID,0.6288888888888889,0.9243176332350264,1.6591705002743704,6.115039247207092,4.991463755999495,0.1513051866512971,2124
GSCX,0.0,0.512856444933786,0.368938511520127,3.4623726690240817,1.068928471644198,0.3359402731164406,2124
PID,0.3511111111111111,0.8724210326761542,0.9834535041629274,5.803251132289554,2.3826895305905142,0.1944556770007107,2125
GSCX,0.0,0.4307859734226982,0.3133761499539064,2.9132311998365314,1.0318991353448757,0.3728524256058441,2125
PID,0.3316666666666666,0.8568762614673499,0.9585433961927048,5.657731191026612,2.767402242879249,0.1966973373792538,2126
GSCX,0.0,0.3587014118317336,0.2613486085316209,2.4384639902945926,1.0554358471330034,0.4116897148867787,2126
PID,0.4486111111111111,0.869914303551537,1.1821082139469736,5.735210541620579,3.6008411230604507,0.1792173725500855,2127
GSCX,0.0325,0.4957334948142016,0.3774196862794752,3.363988097109166,1.4009642651681875,0.3315371453799282,2127
PID,0.3036111111111111,0.8544434503777327,0.997258575083108,5.637059637893692,3.5908992780374014,0.1927163293837762,2128
GSCX,0.0922222222222222,0.5723969401790843,0.4931669279931265,3.8794626231039215,2.4796844186942635,0.2818760587959513,2128
PID,0.2480555555555555,0.8516240053709597,0.8956061751506806,5.631359752175524,2.70981390347699,0.2035579183291097,2129
GSCX,0.0113888888888888,0.3804937342632019,0.2783951951312347,2.578411135462165,1.494236142205261,0.3890145377967345,2129
PID,0.1666666666666666,0.7213823087926059,0.6825926432995046,4.703878599070043,2.793961887095433,0.236755116795284,2130
GSCX,0.0,0.3362784954153642,0.2423992841120364,2.260489953749122,1.0170876300943326,0.4289661016122431,2130
PID,0.6841666666666667,0.9328063338069166,1.835091531048604,6.161982979674384,5.289142501703258,0.1446357212105005,2131
GSCX,0.2025,0.7606467038032959,0.7619915804996629,4.998954078857167,2.21414492369097,0.2273598953150123,2131
PID,0.6163888888888889,0.920417048651088,1.692665113795457,6.089028747729257,5.047939172023294,0.1508427369144044,2132
GSCX,0.0,0.4116147215023199,0.2891334129505676,2.77918732696664,1.0808497400220365,0.3837753723330268,2132
PID,0.6741666666666667,0.9332146467534028,1.85862261712587,6.172591463199393,4.177676189432701,0.1470517673931695,2133
GSCX,0.2369444444444444,0.8250211331246692,0.8888749803649988,5.441463039128299,2.864174140707663,0.2068603414634078,2133
PID,0.2722222222222222,0.8502974441391762,0.8802800231108523,5.603366537507841,2.504960360524102,0.2047109044104026,2134
GSCX,0.0,0.379970854968424,0.2721822951647784,2.557281935055552,0.9263049223153552,0.4037805688193471,2134
PID,0.2933333333333333,0.8562433078345453,0.901037274731704,5.650580353638975,2.1227196378522604,0.2039894916662631,2135
GSCX,0.2891666666666667,0.8295221682985727,0.900588333014498,5.467538906873556,2.3305246602920584,0.2063387092451668,2135
PID,0.2516666666666666,0.823718139349282,0.8655387664724198,5.43385336049048,2.8429355087456307,0.2075794131338564,2136
GSCX,0.0,0.332059630701986,0.23650967178478,2.2309515338249573,0.9490517630422995,0.4339700052980055,2136
PID,0.7397222222222222,0.9425297377047984,2.1176261214932786,6.2239174027942905,5.196551534234505,0.1370763095632179,2137
GSCX,0.0458333333333333,0.6126168781182696,0.4921588303095253,4.18111051707721,1.5108727868305931,0.2850969240281377,2137
PID,0.2766666666666666,0.8356171628826881,0.9250874874144108,5.506547868608058,2.5197763428869617,0.2040834843450397,2138
GSCX,0.0,0.4658451412531881,0.3339843420052343,3.146423638395788,1.1320396267724595,0.3553526263469881,2138
PID,0.5108333333333334,0.9094201562497154,1.3562936849373015,6.0124828909830725,4.065825471886584,0.1665483194974964,2139
GSCX,0.0,0.3798670803318729,0.2684044104146312,2.559837520657757,0.9872758253218064,0.4031280692095323,2139
PID,0.1361111111111111,0.6311357767429672,0.5903453732210545,4.319930485921102,3.3152214612633024,0.2513002042242014,2140
GSCX,0.0,0.4460005431906967,0.3166111169874449,3.0110041964780723,1.1316222185298952,0.3651475955934821,2140
PID,0.5497222222222222,0.8983792026250209,1.4259516537226404,5.931582028360427,3.852777966729319,0.164991269735886,2141
GSCX,0.0022222222222222,0.3995921144634601,0.2810449352289367,2.6928332992831647,1.2121120188894383,0.3877271636046036,2141
PID,0.3747222222222222,0.8774068548399239,1.0739518543041084,5.8050051862186685,3.3039647598737427,0.185903670752756,2142
GSCX,0.265,0.8177697334095657,0.855767487741407,5.383212035810242,2.0977551978398776,0.2123054149271878,2142
PID,0.6283333333333333,0.921315914504225,1.6958842914892314,6.073463479931824,4.19027513526742,0.1529766943363844,2143
GSCX,0.0,0.4016217453477088,0.2915603223869573,2.716464300333862,1.1011179964296327,0.386945570136211,2143
PID,0.6608333333333334,0.9282323543310778,1.6120491782030593,6.124061319868956,3.5597566482534484,0.1557054142666311,2144
GSCX,0.0,0.3269277081705549,0.2302129629666997,2.1833683543624525,0.8604407240325749,0.4409591933570133,2144
PID,0.5177777777777778,0.887634401427697,1.335919060475874,5.851059397733531,3.947629268427888,0.1692531216052686,2145
GSCX,0.0,0.4029136403651433,0.2860652150444088,2.706777110409848,1.1272145465648435,0.38780423786707,2145
PID,0.2286111111111111,0.8232792117443548,0.8235128156805429,5.421577704620825,2.8723934141053404,0.2106509209111758,2146
GSCX,0.0061111111111111,0.3791571162220875,0.2781935869379699,2.559597070730192,1.298205946009382,0.3945725056700157,2146
PID,0.3261111111111111,0.8553427083552737,0.978724891660007,5.647201866703864,3.3251364855680787,0.1936802242640953,2147
GSCX,0.2263888888888889,0.7920278317739238,0.8131135191529467,5.2332835177596895,2.035480705969674,0.2196289798767114,2147
PID,0.55,0.915777114619812,1.4561763122587066,6.062982763500303,3.8201731665197793,0.1627509230675584,2148
GSCX,0.0,0.4739500098110415,0.3449353327116976,3.20067405407692,1.140806963779634,0.3508970001973741,2148
PID,0.2652777777777778,0.8604151946195642,0.8781821520732088,5.681130053684788,2.320600958748771,0.2046943531802369,2149
GSCX,0.0227777777777777,0.5171565638730242,0.3917119342588985,3.5188837223496594,1.420256168678572,0.323790011060422,2149
PID,0.4772222222222222,0.8991338571336446,1.2312425170796033,5.935032867026678,3.311228046470934,0.1751065669223225,2150
GSCX,0.0163888888888888,0.4663621275502098,0.357055947519573,3.145508925882976,1.37597130472223,0.3466134739821485,2150
PID,0.2463888888888888,0.8405944366062413,0.8519509756544561,5.534294179343063,2.6684966456722004,0.2075108546006891,2151
GSCX,0.0,0.3750016999212626,0.2664960343281954,2.518890558288524,1.1538087883255184,0.4029065431889027,2151
PID,0.7338888888888889,0.9429131101486492,1.9865130094929184,6.241878297255958,4.375089748112098,0.1417829894057215,2152
GSCX,0.0,0.4634827321921221,0.3334674032234756,3.132091637549962,0.9647058778859876,0.3587600769039163,2152
PID,0.3797222222222222,0.8743085289652484,1.0539602869882765,5.79588168502373,3.05456501160609,0.1877009420553214,2153
GSCX,0.17,0.7742797295283412,0.7319582884489819,5.130175560895006,1.881565232240552,0.2301533437975558,2153
PID,0.4605555555555555,0.8855915114813456,1.230917309706375,5.828398227837436,3.563082442129694,0.1760380508607923,2154
GSCX,0.0,0.3985202280558051,0.2823534908265008,2.671355941277666,0.960451463822106,0.3936772756245382,2154
PID,0.56,0.90912752431638,1.401800005488065,6.020906480985532,3.686264689824371,0.1649959064825774,2155
GSCX,0.0,0.405791852023196,0.2931783270621464,2.749011124901547,1.0665246135538398,0.385320916027469,2155
PID,0.1033333333333333,0.7019721619141908,0.5794337158195685,4.711506232058474,2.733122595299779,0.24791750619588,2156
GSCX,0.0569444444444444,0.5791164713791763,0.4879825630905808,3.9346358013141183,1.6648990746822772,0.2914399911054119,2156
PID,0.4291666666666666,0.8926625325456965,1.1607779552844717,5.887286996116258,3.5378882444297868,0.178800753465764,2157
GSCX,0.2619444444444444,0.8091472307914331,0.8270810215883044,5.3251640195566665,1.880255795048404,0.2162027567509097,2157
PID,0.3147222222222222,0.8706330190887843,0.9446927107904864,5.744862265711117,2.4308723026218204,0.1980952926836965,2158
GSCX,0.0163888888888888,0.4462224645904369,0.3391430858478786,3.0078527825369523,1.583372555689536,0.3529827570555904,2158
PID,0.1436111111111111,0.7477793890466873,0.6516061550810056,4.884600011857444,2.002375272158835,0.2411513349777596,2159
GSCX,0.0252777777777777,0.4459024220003496,0.354174070512767,3.02340595038324,1.703137547053216,0.3474521760226569,2159
PID,0.6969444444444445,0.9358201230985572,1.833708701129876,6.203029021047168,4.077274861826577,0.147156721445605,2160
GSCX,0.0094444444444444,0.4191961183386491,0.3139463054454489,2.8147943794119388,1.3989370960558694,0.3708546628805949,2160
PID,0.6969444444444445,0.9361623078150408,1.8310634815819415,6.184421147602558,4.644206959448185,0.145895105179615,2161
GSCX,0.0116666666666666,0.5735677733672148,0.4360915798243817,3.764080518681559,1.38785096451524,0.3092678418075838,2161
PID,0.2105555555555555,0.8445042411477668,0.831833375833788,5.558227804307953,2.891241403682089,0.2084233080497665,2162
GSCX,0.0155555555555555,0.5218209841810383,0.4052167621017084,3.5615920302054858,1.311676279223219,0.3225731738642426,2162
PID,0.3191666666666666,0.8214658226663072,0.982356866822036,5.386196177398582,3.230657819999085,0.1983235141833192,2163
GSCX,0.0211111111111111,0.5105435925197154,0.3901724538068384,3.4695376703791285,1.4172943497922488,0.3263218798774152,2163
PID,0.47,0.8779918226664113,1.357999040165902,5.767452396924534,4.318344192495981,0.1696150020862703,2164
GSCX,0.2561111111111111,0.8155544687738762,0.8709516762067152,5.381224694951218,2.3383806909050504,0.2107396378961875,2164
PID,0.2655555555555555,0.8519488531563181,0.8741667913919201,5.626150457141288,2.4360668439582387,0.2052546549938186,2165
GSCX,0.2222222222222222,0.776858199693689,0.7827111941709345,5.114997331987533,1.961257533613556,0.22429617954282,2165
PID,0.475,0.89367578533204,1.2008840346083,5.914881681362564,2.840078512751172,0.1782803047457445,2166
GSCX,0.0066666666666666,0.3726576457492954,0.2753579802175215,2.510210691562249,1.313495104580435,0.3978595886052148,2166
PID,0.6986111111111111,0.9378614467874492,1.839489103847913,6.193799181616479,4.668193251150342,0.1455159334919835,2167
GSCX,0.0,0.3619849684296882,0.2536972489869938,2.433543290801333,1.0517169338351904,0.4132391247355253,2167
PID,0.2744444444444444,0.8551721072986479,0.8842905257126785,5.642889190671034,2.5347244652433862,0.2036174835418717,2168
GSCX,0.0041666666666666,0.3717153252579291,0.2659399515951952,2.515288475113437,1.241255429211118,0.4010790425879139,2168
PID,0.2291666666666666,0.8123029721646031,0.8405905573155981,5.372858840181064,2.952118826443216,0.2103444245257498,2169
GSCX,0.1825,0.8060214075041116,0.773459799865392,5.3224610732025885,1.916722961435041,0.2227725424704331,2169
PID,0.2530555555555555,0.8644728081279166,0.8987601673499565,5.711983934414634,2.524299224583808,0.2027240111621388,2170
GSCX,0.0294444444444444,0.4165120028010773,0.3280553893418,2.820993425260192,1.5250508604850723,0.363889157291,2170
PID,0.0244444444444444,0.6106437764551246,0.4213692963723833,4.175558974237899,1.3042075779337574,0.2957975229343236,2171
GSCX,0.1236111111111111,0.7340882654417556,0.6749929238535705,4.800093147800329,2.103241153614188,0.2421973351118398,2171
PID,0.2344444444444444,0.7969440532509284,0.8138140957290475,5.250072643213539,2.683730881931034,0.2151538028028345,2172
GSCX,0.1161111111111111,0.675179951357003,0.6145173170187893,4.430497046543267,1.9006200905361244,0.2580871934949848,2172
PID,0.5544444444444444,0.9150459519333938,1.4945912871350182,6.044724812305359,4.539852217304735,0.1594717914330294,2173
GSCX,0.2794444444444444,0.8200807129298228,0.8712361501568565,5.412299257409124,2.457555767634868,0.2085048301788102,2173
PID,0.1922222222222222,0.7686029863460453,0.7620940435404223,5.046040794696066,2.457135311607113,0.2253588402019693,2174
GSCX,0.0,0.4842788083667264,0.3517860377773902,3.275611390272934,1.1573103167088594,0.3459930662461614,2174
PID,0.2541666666666666,0.8195355209605849,0.8274283263191774,5.406665679480464,2.373984983073685,0.2122989000547294,2175
GSCX,0.0116666666666666,0.3817127686444226,0.2807468627863726,2.5798412156467863,1.5059679259382617,0.3882108835956311,2175
PID,0.2886111111111111,0.8610090269453965,0.9200914464493892,5.686217724867682,2.2580588564922883,0.2020484059035625,2176
GSCX,0.1402777777777777,0.7346568539321912,0.6974784800067869,5.007092861656627,2.3282903313406096,0.2341932972115312,2176
PID,0.3161111111111111,0.8298431391665291,0.9280879005770244,5.461159422705639,2.8273455448683382,0.2015672060829265,2177
GSCX,0.1730555555555555,0.7079035855350638,0.6891332542190758,4.615919108417299,2.0828349447384205,0.2430032895135427,2177
PID,0.3241666666666666,0.8611800512680379,1.0111143532837212,5.699106664294714,3.700396799026961,0.1900180325061043,2178
GSCX,0.0127777777777777,0.4311501171882481,0.3215804833012676,2.900918914846432,1.4973852261137597,0.3629050493272938,2178
PID,0.7102777777777778,0.9363517633120364,1.875170526570093,6.204249737425996,4.308956647814608,0.1452878953498866,2179
GSCX,0.0,0.3859000423666309,0.2783454764402404,2.613974127540868,1.1813373677255317,0.3942461397181337,2179
PID,0.5402777777777777,0.9121755288564042,1.3484817100931337,6.019926180299786,3.227959510095073,0.1686791224223447,2180
GSCX,0.2263888888888889,0.7798405517899856,0.8297219480121096,5.154483145936406,3.4110492215617274,0.2126118686835321,2180
PID,0.4241666666666667,0.8842509190264946,1.1598007963117591,5.867900375561332,3.187152056873796,0.180698382951164,2181
GSCX,0.0075,0.4145340775792187,0.3108995326131568,2.813844697800402,1.232501949672725,0.3747036517095463,2181
PID,0.4180555555555555,0.8679009361029077,1.1664647183330752,5.70493673999554,3.1355682455534697,0.1829920520285684,2182
GSCX,0.1491666666666666,0.6978346418316524,0.6597758558381724,4.548422240421919,1.867075937043982,0.2496914691415387,2182
PID,0.0,0.5553894066727171,0.3211480960867288,3.646052347915683,0.8546898587452609,0.3353601108344335,2183
GSCX,0.0,0.359373534120541,0.261833672219853,2.410626345561352,1.0317864604249951,0.4136900416766764,2183
PID,0.515,0.8952572424342378,1.2497294276521724,5.909326043674594,2.967767045193334,0.1749180070462098,2184
GSCX,0.0,0.3247148267544532,0.2294764135801503,2.191512528489079,0.8498231043022992,0.4410038530290022,2184
PID,0.2983333333333333,0.8315374744108653,0.8721398099739955,5.500395664533428,2.5263194473403177,0.2057538739988015,2185
GSCX,0.1383333333333333,0.6900495154129541,0.6418031431124218,4.500407800820395,2.0625787567151237,0.2514147577441432,2185
PID,0.3641666666666667,0.8794792720822946,1.0604987633296628,5.819277840123043,3.1843917764563425,0.1870783055292837,2186
GSCX,0.0291666666666666,0.4817072149020662,0.3837450139637524,3.279507538040582,1.3848675276531437,0.3353379646426489,2186
PID,0.2188888888888888,0.8071873509190675,0.7958016350267197,5.330873854738341,2.3803856446412093,0.2169688225693906,2187
GSCX,0.0,0.4191083175408836,0.2982001136463822,2.84604049459371,1.124927799886598,0.3776828164922415,2187
PID,0.2144444444444444,0.8052825103749377,0.7876578354022589,5.291009274981468,2.3835288055376305,0.2182871407287976,2188
GSCX,0.0608333333333333,0.6212673841098864,0.5232139124735673,4.195907256857363,1.7792111856015451,0.2779312697934377,2188
PID,0.1197222222222222,0.7410741642421099,0.6233970636821304,4.843116674739136,1.7808684315229073,0.2470515988786475,2189
GSCX,0.0,0.3445700799371468,0.2485744491380339,2.325778947386439,0.8980183390976579,0.4254824390169705,2189
PID,0.75,0.9447731514783771,2.1484822128410204,6.2412999422710325,5.3191865685189645,0.135846756984196,2190
GSCX,0.0,0.320636873048571,0.2281801642964692,2.15149661241192,0.8688222552705566,0.4439379095977733,2190
PID,0.2619444444444444,0.8367027200677256,0.8907062040373999,5.501186590433949,2.925308193284581,0.2043030394943019,2191
GSCX,0.0,0.3640107446279528,0.2513522904554454,2.441290682954092,0.9061868569355872,0.4160622467219479,2191
PID,0.3566666666666667,0.8598203304658417,1.0236678722849022,5.677746424047384,2.947577580335909,0.1919186498440251,2192
GSCX,0.1958333333333333,0.8170360096195203,0.8123140121570448,5.3970417715427965,2.399859355993043,0.2157966285400561,2192
PID,0.3294444444444444,0.8490525006864442,0.9844713743096448,5.597441635653965,2.9531750532004897,0.1957743224360584,2193
GSCX,0.0555555555555555,0.5796604461271941,0.4851266379047678,3.940397884257516,1.827794724508068,0.28997974825302,2193
PID,0.6897222222222222,0.933294990129152,1.7602022212021269,6.164731805561856,3.8287096650951566,0.1500818988774059,2194
GSCX,0.0072222222222222,0.3899687513229655,0.2865838995580799,2.629119798316445,1.312658193575997,0.3882497965650696,2194
PID,0.7591666666666667,0.9468534068541682,2.207832834109082,6.263769754515264,5.028349283144884,0.134960267748543,2195
GSCX,0.2066666666666666,0.8021881158834985,0.8067535034158886,5.289307348792507,2.5816799740559087,0.2166312422595321,2195
PID,0.2705555555555555,0.8620372668442357,0.887548243008131,5.682020968167983,2.2530110795632057,0.2043383457796533,2196
GSCX,0.0136111111111111,0.4734195583136149,0.3517988498753442,3.190142262833491,1.426486883787575,0.3446663221519709,2196
PID,0.3697222222222222,0.8629236732474656,1.0374399113651822,5.681091007295215,3.2290632212835653,0.1895701816144178,2197
GSCX,0.0,0.3654101991698331,0.2552021149092905,2.481437137394221,1.033406293598779,0.4102280234286697,2197
PID,0.3005555555555556,0.8418377894808386,0.92660077285552,5.547562187848929,2.6854670413214503,0.2015094581151811,2198
GSCX,0.0575,0.6554369838042402,0.5402749004978527,4.254760285156967,1.6908194795524587,0.2748148560173789,2198
PID,0.2936111111111111,0.8576142742450369,0.9401225787816708,5.6636423906972295,3.316489306556136,0.1963122382971326,2199
GSCX,0.0672222222222222,0.5977646626168066,0.5085977527722589,4.052824902530953,1.9047105523928305,0.2822683671481363,2199
PID,0.7133333333333334,0.9381300829104848,1.8747391320743332,6.196438384295537,4.630436036596597,0.1444646072530508,2200
GSCX,0.0,0.3899268246788844,0.275558880137779,2.6475647624235084,1.0069973655670434,0.3958719753082292,2200
PID,0.2641666666666666,0.8653075076282591,0.8730756731568158,5.721574230120523,1.9573856234922071,0.2061271059233763,2201
GSCX,0.2183333333333333,0.785535966645177,0.8210647291131744,5.166786309728769,2.346839319396879,0.2190584512108504,2201
PID,0.3336111111111111,0.8503246066956298,0.9258301224319262,5.601889838164569,2.5218602908306997,0.2000818335877237,2202
GSCX,0.0086111111111111,0.4286920786489309,0.3144103555757738,2.905310285465508,1.287784961643852,0.3678138281897298,2202
PID,0.1563888888888888,0.7671823416229341,0.6843872225814024,5.022233111612388,2.103518719905957,0.2344857914453598,2203
GSCX,0.0,0.3407106980264183,0.241683482905373,2.30437441424213,1.0499434473185452,0.4252250464490452,2203
PID,0.7405555555555555,0.9422538519219869,1.957649658134105,6.232352845768995,4.242886816380719,0.1426848137068559,2204
GSCX,0.0036111111111111,0.3449523015619467,0.246928980481078,2.301684631658909,1.233412276355822,0.4194524215468346,2204
PID,0.6591666666666667,0.9305508422185184,1.7259374403244172,6.152208220275851,3.928110935904991,0.15149008864079,2205
GSCX,0.01,0.4518903706270247,0.3253122809710448,3.0519332947553144,1.3170899200848445,0.3574720353400283,2205
PID,0.2647222222222222,0.8653934457455205,0.8778811136521343,5.708597787142555,2.0627662775114817,0.205534650357732,2206
GSCX,0.1416666666666666,0.6557686615209894,0.6027807315132913,4.26823890877934,1.8195259018779009,0.2623261761123371,2206
PID,0.385,0.8733546134070108,1.0524499473102444,5.780027351222448,2.984607296365053,0.1880806885499061,2207
GSCX,0.0,0.3696608478481901,0.2643192401784993,2.4799032906782164,0.90218635152422,0.4109599636575478,2207
PID,0.4230555555555556,0.886667740805882,1.1801433363672758,5.897768587275422,3.323743019112908,0.1791061282723412,2208
GSCX,0.0058333333333333,0.4085705100644222,0.3030918374976142,2.7719198949422017,1.2389526227896135,0.3785101094201891,2208
PID,0.2611111111111111,0.8261138080782741,0.850370705818445,5.448045790385922,2.394745432884019,0.2099757117434699,2209
GSCX,0.0044444444444444,0.4054327383568481,0.3026679000748142,2.752134641235086,1.249478645168993,0.3797936949698883,2209
PID,0.5233333333333333,0.903319994469388,1.3039927588357922,5.985838774078926,3.53858892357964,0.1699554864071194,2210
GSCX,0.0,0.3862120957765251,0.2660167393648167,2.600235426864016,1.082778161007032,0.398973897366376,2210
PID,0.3672222222222222,0.8645574663334304,1.0607780451821864,5.73311645111739,3.2732409287313837,0.1878813309557011,2211
GSCX,0.0530555555555555,0.6870922718421063,0.5728356166857667,4.595636583034579,1.5365557802598049,0.2641850354529558,2211
PID,0.2508333333333333,0.8500473639292656,0.8916757651985473,5.615979507077811,2.648793844037338,0.2041797190240794,2212
GSCX,0.0655555555555555,0.6472617193524614,0.5387889058702747,4.348435603757046,1.608717407846152,0.2728892938504793,2212
PID,0.3113888888888889,0.8393105987404609,0.9143295758233938,5.51599344226705,2.295163133963995,0.2040458841224398,2213
GSCX,0.0355555555555555,0.6538441386156497,0.5247432469944201,4.450493615887117,1.5426691089564912,0.2739879124139731,2213
PID,0.1844444444444444,0.7576376239846631,0.7099901601049358,4.953411789800584,2.3842556938842003,0.2311510552724006,2214
GSCX,0.0061111111111111,0.3710695367509257,0.2725502575247586,2.4914309767589407,1.298081648376334,0.3998930964830145,2214
PID,0.52,0.9041787445505288,1.406290563025973,6.001417565134479,4.21891182770268,0.1644583846714068,2215
GSCX,0.0,0.3520825019035996,0.2441358218603126,2.3731883745246343,0.8996841067560443,0.4227320697694572,2215
PID,0.2747222222222222,0.8443489041699654,0.8608712434919495,5.555716533280404,2.239512669905782,0.2076895000380142,2216
GSCX,0.0,0.4179606146239769,0.2958261579330041,2.810506984243837,1.0853261288693288,0.3806032944732971,2216
PID,0.1897222222222222,0.7728802378416663,0.7280163361273967,5.06326797273628,2.1148784811525387,0.2291336304707381,2217
GSCX,0.2652777777777778,0.8038980024995743,0.8455463665968208,5.288255624453298,2.0421055356731017,0.2149116437574387,2217
PID,0.7141666666666666,0.9380026562981264,2.0020930442235496,6.203515083518707,4.486308583714996,0.1418810514908543,2218
GSCX,0.0,0.4135947534952835,0.2904220518748631,2.781872136104356,1.001477747875482,0.3847020204696622,2218
PID,0.2080555555555555,0.7976165389224529,0.7704891445378689,5.235266765594658,2.307527811864706,0.2210546722362458,2219
GSCX,0.0397222222222222,0.5802262568624589,0.4602525361659509,3.966347151670502,1.410083800978794,0.2972180344307958,2219
PID,0.3133333333333333,0.8745770410167938,0.9624495586503808,5.775250874214265,2.429421650831132,0.1969102450976811,2220
GSCX,0.13,0.6839365712690081,0.6468153600468398,4.691749236615844,2.14592318575222,0.2469811879486296,2220
PID,0.6608333333333334,0.9302932246322112,1.7274544026228555,6.14436158554564,4.252260311677441,0.1505919108503093,2221
GSCX,0.2041666666666666,0.7765321139586813,0.7625503881922465,5.104525558874172,1.9767134513197315,0.2264389633276281,2221
PID,0.6416666666666667,0.927191953120806,1.8629040467851576,6.116060962920478,4.743961243691848,0.1466707030125394,2222
GSCX,0.0,0.3634110668606754,0.2614761418750336,2.4316081327966823,1.045678418276532,0.4119120019857291,2222
PID,0.12,0.651435847290687,0.5614947637054857,4.289822308234063,2.182468425144675,0.2635654230441543,2223
GSCX,0.2219444444444444,0.8038495219300292,0.812408246281073,5.296756523319928,2.019339747836532,0.2186503810287532,2223
PID,0.6575,0.928906841642606,1.647056847705585,6.138367515774292,4.026904929782863,0.1533994585567006,2224
GSCX,0.0075,0.4271490227568882,0.3126077790569306,2.8784669184953557,1.3442512599571006,0.3686827333688773,2224
PID,0.5638888888888889,0.9139892173436778,1.3397642162742094,6.043701255171788,3.0710849544098666,0.1685558885864989,2225
GSCX,0.0,0.3491278376712221,0.2531825590567952,2.3422768727225725,1.1679892267220322,0.4174382395805416,2225
PID,0.3030555555555556,0.8694705061744507,0.9441365837770392,5.736982127998735,2.356809988096967,0.1990593066741913,2226
GSCX,0.0816666666666666,0.588368177917665,0.4846464157912255,3.9850891975150895,1.7852092056525968,0.28665206976984,2226
PID,0.6283333333333333,0.9271959256839748,1.6355440850265304,6.124553342809332,3.741853370597024,0.1553449682763709,2227
GSCX,0.0,0.3721874480541351,0.2776603819226546,2.5222848725410003,1.0407278654286851,0.4031286295353208,2227
PID,0.6513888888888889,0.9295904318226914,1.7534550030190348,6.153985523944118,4.478660216003349,0.1494804229598195,2228
GSCX,0.0788888888888888,0.6436549550741291,0.5539203146136199,4.351327925252837,1.808340578899716,0.2689754364728314,2228
PID,0.5544444444444444,0.9123376006847036,1.3704192008835414,6.0226208057492885,3.4529715756601584,0.1668131464912124,2229
GSCX,0.0,0.3600383389253419,0.2549905551278813,2.417274886610675,0.8709987796586213,0.4178727646387055,2229
PID,0.4116666666666667,0.8787700127352072,1.1552589130751316,5.8018487720342655,3.4106116447614743,0.1812310444939529,2230
GSCX,0.01,0.4791065053383944,0.3709739245491347,3.240818850235325,1.4058995986710194,0.3405224670598289,2230
PID,0.7202777777777778,0.9389665183826652,1.9837681507175269,6.221096398803662,4.559797216820392,0.1418536884591846,2231
GSCX,0.0,0.3586836225473219,0.2562055009868202,2.420857091507953,1.0341905452211166,0.4141410055384749,2231
PID,0.6008333333333333,0.9184591331396144,1.5422572371253775,6.06384851145281,3.550027923908354,0.1597706145432833,2232
GSCX,0.0,0.3470001710843965,0.2424589795468464,2.33869263043471,1.0557931746379805,0.422280791949977,2232
PID,0.2308333333333333,0.8231305729395288,0.7962259557968234,5.419658882871603,1.9329710734535324,0.2171115240377374,2233
GSCX,0.2927777777777778,0.8033590337519106,0.8863534586701335,5.282419334321066,2.223978777431997,0.2107480507880264,2233
PID,0.5563888888888889,0.9160775683563336,1.4516594982630704,6.066510273351427,4.083264115076611,0.1618458314518399,2234
GSCX,0.0063888888888888,0.3582489595292382,0.2638264586441922,2.407942483626185,1.282781076830461,0.407411030944969,2234
PID,0.2638888888888889,0.8356043819378118,0.8997550536544672,5.523315497989772,2.670734772141979,0.2047799734550181,2235
GSCX,0.0058333333333333,0.3450346304445864,0.2569155955846258,2.3191032550316053,1.2777753243222467,0.4151573533976587,2235
PID,0.3938888888888889,0.8737611814037943,1.132818647606595,5.799624188312539,3.0249617988369546,0.1842962691724138,2236
GSCX,0.1322222222222222,0.7321140184226268,0.6814019781952467,4.950136950138438,2.061736896485729,0.2385967419367644,2236
PID,0.2822222222222222,0.8496488866743895,0.9362412490691312,5.610890428554757,2.800558886488993,0.2002279269949043,2237
GSCX,0.1,0.6202475686751553,0.5615438431821766,4.218100910746678,2.8418841786829714,0.2621801660033529,2237
PID,0.4205555555555555,0.8710043283383264,1.1527645613793625,5.743162874004561,3.1492986087446395,0.1828631161980396,2238
GSCX,0.0211111111111111,0.4181706107468328,0.3106203160139246,2.8150411666540758,1.5136315435028629,0.3679351267170894,2238
PID,0.4069444444444444,0.8841105152865804,1.1159523404548248,5.835446706077896,3.1152255216898244,0.1835342214309046,2239
GSCX,0.0,0.3366923596201323,0.2379934224933101,2.2581961375865096,0.9228892671857634,0.4320737529619236,2239
PID,0.3433333333333333,0.8552065491319708,0.965615948582313,5.649085347791352,2.436029665712961,0.1976340338284927,2240
GSCX,0.2266666666666666,0.7762847562161344,0.8055397645810152,5.115276097518254,2.0409819512676006,0.2223530144017242,2240
PID,0.6563888888888889,0.9280898423195004,1.703341638135217,6.133590047850084,4.089200511317526,0.1518564673787452,2241
GSCX,0.0,0.411746773609859,0.2845922509771214,2.7696545861315816,1.1366300147001565,0.3840080270173315,2241
PID,0.3672222222222222,0.8762997006791655,1.0255955886591002,5.806600979729763,3.016542166745296,0.1892502941923474,2242
GSCX,0.19,0.7217408394022302,0.7266592181807784,4.7185039632080645,2.2161026116744664,0.2363218553587047,2242
PID,0.2866666666666667,0.8570009648406388,0.9260969658692082,5.64456444864377,2.47041920075276,0.2014881258372976,2243
GSCX,0.0225,0.4781613630420057,0.3751755829579504,3.249664710888465,1.5381190187585965,0.3364372262864389,2243
PID,0.6869444444444445,0.9363555043722138,1.9861770806794357,6.187710730621392,4.802289869928537,0.1421449408553553,2244
GSCX,0.0005555555555555,0.3882840851942002,0.2861206881858418,2.616814777153137,1.2006107407914592,0.3921607671598349,2244
PID,0.6861111111111111,0.933070516077425,1.7612286554254413,6.161770446761718,4.154470286309686,0.1492871436991447,2245
GSCX,0.2272222222222222,0.7980359560174709,0.8385548910156847,5.257872966983895,2.2440125166549865,0.216530556645476,2245
PID,0.2508333333333333,0.8509525423095925,0.8418672565908558,5.61554825684453,2.193559923596534,0.2088343164014475,2246
GSCX,0.0061111111111111,0.4712829714546191,0.3543097631577269,3.195607635865741,1.2917872807869069,0.3470527527495332,2246
PID,0.3063888888888889,0.8256254814659852,0.9358562241489324,5.429630068460659,2.8340050024048016,0.202109484339667,2247
GSCX,0.0,0.352843856488759,0.2560517447468897,2.3804660326298093,1.085651067574663,0.415994507218885,2247
PID,0.2733333333333333,0.8390016313841677,0.8659218951190181,5.516950461344732,2.299357782722405,0.2078892408790182,2248
GSCX,0.0,0.3903334929275702,0.2869748527700907,2.6141960087530807,1.1669127950736429,0.3927235322564278,2248
PID,0.405,0.8862600040961089,1.1352371369146834,5.8420874523362505,3.573184383822672,0.180959755235283,2249
GSCX,0.0,0.3965114451162891,0.2801295630014844,2.6742501820893056,1.0587403996832234,0.3922169901792213,2249
PID,0.6305555555555555,0.9252600022845436,1.7037100878294278,6.115560621764282,4.239962287043851,0.1522013178277471,2250
GSCX,0.0,0.3910525424628028,0.2700743707955932,2.624309305217993,1.0078669065275234,0.3980087245255616,2250
PID,0.2463888888888888,0.8290108432832175,0.8248018701793719,5.451632246776266,2.201500712417674,0.212812269135482,2251
GSCX,0.0,0.3557832921252756,0.2566929526513504,2.383717715081194,1.1284157938438446,0.4145634781976385,2251
PID,0.2497222222222222,0.8351111028234266,0.8624238438258321,5.507676256276749,3.087948410125648,0.2052364459619976,2252
GSCX,0.1711111111111111,0.7791877189528128,0.7413607471417619,5.1465473951922025,1.649430987922114,0.2306025381264488,2252
PID,0.3525,0.8450177125710028,1.0491859233216632,5.565540995080162,3.359359138281785,0.1909152981644992,2253
GSCX,0.0261111111111111,0.407319004599207,0.3119368964184474,2.7432685325881154,1.7062123119230972,0.3679954757117946,2253
PID,0.3977777777777778,0.886439547480324,1.0833255557469472,5.860671694838096,2.828288409742332,0.1859094267610918,2254
GSCX,0.24,0.7917736165258682,0.8021412953377872,5.213903491891054,1.9042456798917693,0.2206517088704785,2254
PID,0.2863888888888889,0.8511477978629207,0.8712515261635324,5.619836439417593,1.932733227553693,0.2071829148991484,2255
GSCX,0.3025,0.7985200446650459,0.8739353838382825,5.251323662860913,2.533885732091477,0.2098551102490175,2255
PID,0.2605555555555555,0.8628360330405346,0.8701941526082331,5.689590380060421,2.110321015922909,0.2061583416451445,2256
GSCX,0.2636111111111111,0.8182211235412518,0.8505075868085947,5.394583951005355,1.9774412195588191,0.2130939275271573,2256
PID,0.1816666666666666,0.7925527695224002,0.7593246040136274,5.333557338713205,2.8221392841760227,0.218389522022817,2257
GSCX,0.2819444444444444,0.8141913731537113,0.8622921173710425,5.3826901102359885,2.2482417379880126,0.210500504500661,2257
PID,0.4413888888888889,0.8954936143402533,1.1824505533896168,5.947851082843992,2.842825226951041,0.1795995226169439,2258
GSCX,0.2727777777777778,0.8247585470469193,0.8769436952703896,5.441149293854326,2.237146547394612,0.2091430206346813,2258
PID,0.2511111111111111,0.7784556529248741,0.8341151952853493,5.124592936979183,2.5806484450273706,0.21634587353375,2259
GSCX,0.2505555555555555,0.8093570412836809,0.8205733272182425,5.326108809726154,2.005986350502276,0.2163446978575739,2259
PID,0.0422222222222222,0.5886868212327683,0.4097200664704388,3.7880694001302926,1.669127428769011,0.3045119894968264,2260
GSCX,0.1488888888888888,0.696014243793816,0.6383511873170488,4.547330848977854,2.232916778347582,0.248521457920633,2260
PID,0.5755555555555556,0.9152584228219562,1.5765623220435496,6.039957333883811,3.970507050308366,0.1584262239800591,2261
GSCX,0.1258333333333333,0.6626781627701489,0.6022668771479357,4.369708112753142,2.042216250615052,0.2590005366507102,2261
PID,0.25,0.8638868027551946,0.8773595556129966,5.701522675799798,2.7567010582089777,0.2028322836449696,2262
GSCX,0.0,0.3535998206342079,0.2521214013712244,2.368507650232827,1.07882663213766,0.417555654096699,2262
PID,0.6094444444444445,0.9206926784499117,1.5236870749855245,6.08393850256891,3.5870312497008165,0.1597537451460995,2263
GSCX,0.0097222222222222,0.4627434822775683,0.3398744075613265,3.111258686182007,1.300875675135285,0.3525018854594607,2263
PID,0.7055555555555556,0.9366743460886626,1.7862007248294882,6.1978303760388105,4.0528856696359625,0.1482037691197933,2264
GSCX,0.3083333333333333,0.8160837156122862,0.890662301612543,5.37498564546853,2.278574290406304,0.2079013564192492,2264
PID,0.2827777777777778,0.8572623297029092,0.8923700590943541,5.655688971618796,2.2103960392648507,0.2042946178836795,2265
GSCX,0.0,0.3320949881343932,0.2294655216635436,2.2305421364596705,0.8976796315968776,0.4366304816612378,2265
PID,0.2441666666666666,0.8331470300631549,0.8498267444534078,5.486220196031622,2.2647711370327688,0.2107107718150776,2266
GSCX,0.2211111111111111,0.8044913382175244,0.8100466430009072,5.3082807238295535,2.392308861248754,0.216489632684829,2266
PID,0.265,0.833368318133912,0.850472464328329,5.498485718131902,2.783576379284876,0.2068665366402108,2267
GSCX,0.0344444444444444,0.4690109799714774,0.3618856357929536,3.192170709928302,1.6560557920058208,0.3378880612088255,2267
PID,0.2591666666666666,0.8416063489763081,0.8690209879228874,5.53823530709292,2.724079550389674,0.2058000837666011,2268
GSCX,0.0352777777777777,0.4677223820003663,0.3688757046905041,3.1867983805940234,1.602509870397006,0.3379295420410358,2268
PID,0.6791666666666667,0.9311499910062152,1.720905540961558,6.158629138216756,4.005449052746065,0.1508897741599394,2269
GSCX,0.1127777777777777,0.6633255047664667,0.5889936213518884,4.3150644852029485,1.4631862090904493,0.2670211173819223,2269
PID,0.7008333333333333,0.9354549934366542,1.8061524155781,6.183963787425289,3.997312556561524,0.1480906545315513,2270
GSCX,0.0,0.410948836876751,0.2968313284865946,2.759414328071496,1.1978087150267664,0.3815376235395614,2270
PID,0.7052777777777778,0.9381371776686994,2.001965109306656,6.193799950640164,5.30629887401593,0.1401701418008917,2271
GSCX,0.0,0.3265130669755401,0.2270255079660797,2.181903260177191,0.8995994969639661,0.4408632593635417,2271
PID,0.25,0.8553359670816808,0.8534263614073633,5.642041757208222,2.181056329183137,0.2078953862287746,2272
GSCX,0.1613888888888889,0.6775029142353299,0.6353765604270564,4.425743560954617,1.9645282107965143,0.2531688481166856,2272
PID,0.2891666666666667,0.830531460855281,0.91724782194323,5.46943040913956,2.3725212604743966,0.2053016430025667,2273
GSCX,0.0,0.3650718796123519,0.2513356314476884,2.470204001890606,1.094047233488208,0.4104064954322139,2273
PID,0.3397222222222222,0.850463205855292,0.9813152958113498,5.616505120353692,2.7458870053698656,0.1961876531544706,2274
GSCX,0.0233333333333333,0.4354702252648446,0.3410016020359079,2.955334648357157,1.421985022233334,0.3572191455607961,2274
PID,0.3191666666666666,0.8644890465549151,0.9805561218900134,5.733009929127042,3.39662752237184,0.1922726672687972,2275
GSCX,0.0,0.3939680707572034,0.287174411925511,2.6652432228829164,1.0565618000671686,0.3917267269858084,2275
PID,0.4577777777777778,0.8983236171337899,1.2257487748486862,5.947769547178922,3.988796244942432,0.173288543250737,2276
GSCX,0.0741666666666666,0.6314685486598697,0.536513129226665,4.308798941852544,1.805057104177729,0.2722437847538597,2276
PID,0.2544444444444444,0.8476577509048777,0.9028850049900338,5.605101928250927,2.756228489799017,0.2031860783397641,2277
GSCX,0.0125,0.3776696368693619,0.2699914803505935,2.5337452730699788,1.343729803543032,0.3956478128164531,2277
PID,0.5558333333333333,0.912690487967766,1.4345615053008438,6.033629961948413,4.514225283095818,0.1613413473177208,2278
GSCX,0.0,0.4285015258679051,0.318486050240778,2.91144809602154,1.0974131707634742,0.3712149867549616,2278
PID,0.6877777777777778,0.9357715195260414,1.7994791007425042,6.177582321541581,4.083045394592976,0.148358680494948,2279
GSCX,0.0,0.5010595259853886,0.3637673783564163,3.4086428509325724,1.049917325860021,0.3396005505790216,2279
PID,0.2813888888888889,0.8481625202186973,0.8574064637078332,5.586148138185947,2.2078788568034358,0.2071977839683021,2280
GSCX,0.2394444444444444,0.8075168282403314,0.8285426469681498,5.341906307372808,1.8790410255795704,0.2169491026764924,2280
PID,0.6094444444444445,0.9180612985950962,1.585970409133644,6.06050761571311,4.2198645294045125,0.1563794800620253,2281
GSCX,0.0597222222222222,0.5536547902357809,0.4630059755094541,3.764289157792592,1.967926358110889,0.2965752247161006,2281
PID,0.295,0.8508107961518808,0.9106915423576524,5.616761951145052,2.5082519344506062,0.202163862115315,2282
GSCX,0.0575,0.5832901460467439,0.4735260011891488,3.968900005111194,2.0409428770040456,0.2877791161613376,2282
PID,0.3997222222222222,0.8461800822407607,1.1360613742993328,5.559934187110002,3.364933456705008,0.1858756875050711,2283
GSCX,0.0155555555555555,0.4780122153166126,0.3553342428974179,3.226374546762764,1.4507860649642044,0.3418973913041036,2283
PID,0.3072222222222222,0.8607658154477423,0.9161984233741104,5.679148817360824,2.117771388373703,0.2022563820043911,2284
GSCX,0.0147222222222222,0.5126458632142731,0.3967347037226842,3.4907468985076653,1.3019941917052926,0.3268164229716969,2284
PID,0.6230555555555556,0.9241004916972204,1.711642149654803,6.111860120942845,5.06678909946521,0.1499503767185281,2285
GSCX,0.0191666666666666,0.5392056354775552,0.4019191226088206,3.663806787688716,1.292554946642965,0.3183335410476721,2285
PID,0.2766666666666666,0.8336569555098657,0.8777291328957295,5.487966454870839,2.3289864676711804,0.2075730547206308,2286
GSCX,0.0,0.3501733199356673,0.2520916388807609,2.34751557807022,1.0761776951650848,0.4191728711378965,2286
PID,0.5469444444444445,0.9037614359613206,1.4123415037524116,5.975691914248807,3.953256417252027,0.1646606692696878,2287
GSCX,0.0972222222222222,0.6164400773148991,0.5606805804994565,4.1818328774411775,3.2398623372756474,0.260159631448002,2287
PID,0.2777777777777778,0.8590428455369804,0.9285216004488046,5.677679689623575,2.614073948049064,0.2005375375043711,2288
GSCX,0.0,0.3736290342513375,0.264866493042231,2.5062991488098167,1.056541278511247,0.4059305045006222,2288
PID,0.6597222222222222,0.9318258663267028,1.676484220922064,6.157811406445546,3.442123830865111,0.1540484228133477,2289
GSCX,0.0033333333333333,0.3940446922376184,0.2924738766443786,2.639451188129819,1.2180242801837355,0.3887502611868433,2289
PID,0.2688888888888889,0.8247865746486397,0.9089285792520194,5.4322282400022885,2.4531703940551832,0.2068027937863127,2290
GSCX,0.0,0.3389472615739775,0.2395723400637938,2.2799006318878727,1.00390544667263,0.4283591368661717,2290
PID,0.6930555555555555,0.9342751174589712,1.821973300563798,6.179490802920455,4.331740535341574,0.1470527546990876,2291
GSCX,0.0,0.373023838703992,0.2618942811123565,2.512992036787775,0.9501295169209388,0.4082453823573379,2291
PID,0.6711111111111111,0.9301109015097576,1.7356479086823406,6.15793318124745,4.0714632587988815,0.1505406081656485,2292
GSCX,0.1333333333333333,0.714730995389728,0.6494938151829254,4.851927732159433,1.9642346342541568,0.2437069776871921,2292
PID,0.6497222222222222,0.9257591567102544,1.7254699658677062,6.119444509611906,4.676519995906883,0.1499853288160385,2293
GSCX,0.1186111111111111,0.6470740555499177,0.5839771567053896,4.284293865558234,2.107805837026279,0.2628391081199586,2293
PID,0.1591666666666666,0.7805086240526576,0.7049867664825138,5.159472086748426,2.634344607641041,0.2268696431361627,2294
GSCX,0.1063888888888889,0.6463605242779917,0.5858698478944997,4.20149994377876,2.09977298758844,0.2656602961348997,2294
PID,0.385,0.8778326741358821,1.0518519169695095,5.796810662527357,2.8533183114147573,0.1883826761675577,2295
GSCX,0.0433333333333333,0.5242641694643428,0.4207019073017349,3.5731832381773416,1.526406160960852,0.3148805778268447,2295
PID,0.5313888888888889,0.9040237144209666,1.3772225975835355,5.961862442532022,3.481392542294674,0.1678538584660633,2296
GSCX,0.0,0.339015589601617,0.2383390349908395,2.270963861824465,0.8573056983068744,0.432442906574375,2296
PID,0.6591666666666667,0.929915620540076,1.6454940678610066,6.135345115955568,3.5433072543426194,0.1547930148194941,2297
GSCX,0.0083333333333333,0.3862781648169576,0.2873611608270094,2.620760875978553,1.3561518116394842,0.3878584318045877,2297
PID,0.2683333333333333,0.8356794941281788,0.8949863514305576,5.521684514857245,2.789049513381162,0.2042421246945213,2298
GSCX,0.0,0.3614810247112206,0.2581972918933027,2.443466489080214,1.166523388403012,0.4095206071524904,2298
PID,0.1469444444444444,0.7536572448721417,0.667990134434529,4.926522821432201,2.198971653891277,0.237583927023585,2299
GSCX,0.1663888888888889,0.7018579419970101,0.6749480282479313,4.580432444253125,2.281852248417332,0.2438048327016002,2299
PID,0.1619444444444444,0.7599837683612586,0.688068161680347,4.978183795976396,2.127805930313152,0.2348237431307576,2300
GSCX,0.0738888888888888,0.5839597225090908,0.4960180987961549,3.973985580132204,1.93870973276934,0.2852390941984123,2300
PID,0.2741666666666666,0.8005100222469087,0.8629502317579295,5.281100863597797,2.569543915223699,0.2109539080941291,2301
GSCX,0.0077777777777777,0.4233608503151243,0.3010847027833909,2.860407453106209,1.3420243367755074,0.3715167247868906,2301
PID,0.1386111111111111,0.6276007028598471,0.5505670951071611,4.239668166337539,2.149630093397118,0.2653579424212617,2302
GSCX,0.0341666666666666,0.4720951643343418,0.3800628360379954,3.210591397911552,1.661779030302702,0.3346945266951925,2302
PID,0.2741666666666666,0.8387519370078754,0.8517756183023066,5.536336771883921,2.2271730434996795,0.2086142300544895,2303
GSCX,0.0266666666666666,0.470203162107847,0.3464476494576839,3.1776038427890376,1.3331511706252974,0.3458424561875619,2303
PID,0.1808333333333333,0.8352206896715423,0.7972728305901501,5.507334968859666,2.489935909400584,0.2145903265311766,2304
GSCX,0.0036111111111111,0.4894175560634558,0.3569438411334824,3.30948536240874,1.2338623702692948,0.3421294123426185,2304
PID,0.2655555555555555,0.8399439070122907,0.8772505582016688,5.524733714709556,2.201976946413075,0.2080559271014443,2305
GSCX,0.0,0.4014009028758419,0.2867129559841798,2.728580030718073,1.1216530618373226,0.3867550270643627,2305
PID,0.3011111111111111,0.8541535477083589,0.9252221081342848,5.626607660791821,2.590952014894552,0.2006641401275931,2306
GSCX,0.3069444444444444,0.8229920096151715,0.9098762568482082,5.418986232759764,2.283592767440753,0.2062352741820955,2306
PID,0.3055555555555556,0.8709693543955398,0.9816983518603593,5.765433253183448,2.9774438827530685,0.1940784771489281,2307
GSCX,0.0,0.4695847202010177,0.3543874163539391,3.1866656325133884,1.0665071205189405,0.351561429230462,2307
PID,0.4411111111111111,0.8864845807400107,1.172894227301548,5.837973468408969,2.833333492815079,0.1813728765971599,2308
GSCX,0.0,0.3935816647523312,0.279537263740265,2.637471745289497,1.041888261910672,0.3948286228967309,2308
PID,0.2891666666666667,0.8586379698328725,0.8803295836755959,5.666773282165605,2.1212726057381963,0.2048408121417732,2309
GSCX,0.0,0.349770411456083,0.2504876496631534,2.3706025847033145,1.0654291127896458,0.4183233144973613,2309
PID,0.6419444444444444,0.9270153229443182,1.683807568290594,6.121419517276596,4.259433607895978,0.1523248149387302,2310
GSCX,0.0075,0.5443504211741816,0.4106959606457259,3.689561484892656,1.341482433126448,0.3168018063940644,2310
PID,0.0930555555555555,0.6457239974010058,0.5031704171854644,4.174172715448871,1.9750360975891692,0.2750968371850631,2311
GSCX,0.0,0.3262494500708695,0.230537417554404,2.184919330331065,1.1430926748305876,0.4343489587672821,2311
PID,0.275,0.8667886780094164,0.9257093435528432,5.726848977388388,2.6331217105032816,0.199851832634873,2312
GSCX,0.0,0.3837936001563163,0.270279944732597,2.6106352821764154,1.172342117579141,0.3961308376541235,2312
PID,0.1658333333333333,0.7151322005714216,0.6464916249880048,4.667361726923363,2.512117027143914,0.2419073372446384,2313
GSCX,0.0,0.339792966323177,0.239788330491228,2.2923116861679342,0.8915655406734583,0.4299279827752519,2313
PID,0.6836111111111111,0.9334761444140192,1.7601141490571353,6.158880333776788,3.9551509585590585,0.1499244267266994,2314
GSCX,0.2086111111111111,0.7903725929895005,0.7890187961430931,5.229184558092604,2.3018711994770102,0.220330387518839,2314
PID,0.355,0.8754321172442187,1.0303239913148627,5.796632449152502,2.568099527641184,0.1915967892328831,2315
GSCX,0.08,0.6134406209100596,0.5200405840507436,4.09096016562039,2.040316929563483,0.2774104392442124,2315
PID,0.3041666666666666,0.8491427809423792,0.9234207748207084,5.612649525834868,2.4636403666119757,0.2015272562372545,2316
GSCX,0.0038888888888888,0.3517605316652519,0.2514042238848116,2.355893068068692,1.238980772312387,0.4145995354152831,2316
PID,0.2194444444444444,0.8043465465220832,0.8374158639818327,5.298037486110853,2.842129773269541,0.2128598633521908,2317
GSCX,0.2447222222222222,0.7931550306540254,0.8301132315455095,5.21887682087671,2.310644050959953,0.2165134498997283,2317
PID,0.1838888888888888,0.7910313416048649,0.7209426234548055,5.29411974488689,2.507877822504235,0.2228771279498259,2318
GSCX,0.2316666666666666,0.822252051903573,0.8270351392541241,5.438388213934139,1.8533394331825253,0.2156447994580895,2318
PID,0.3066666666666666,0.852872653606857,0.966682463637782,5.646553511413238,3.011668105427145,0.1964056210922132,2319
GSCX,0.1966666666666666,0.8020394088438686,0.8211744797692906,5.278228597522364,2.498566097225428,0.2170099203014866,2319
PID,0.5255555555555556,0.905444065100872,1.3640189284344058,5.984649317379336,3.52444818863301,0.1680393450726385,2320
GSCX,0.1436111111111111,0.722188437866793,0.7055701930574939,4.723425734593175,2.15209726081181,0.2406059150509993,2320
PID,0.4305555555555556,0.8903840380038751,1.119140699300096,5.885407953467891,2.4919296600526923,0.1844607502668772,2321
GSCX,0.0088888888888888,0.4169619129633332,0.3066307434931625,2.813339074550319,1.398359321161809,0.3722609926520226,2321
PID,0.2963888888888888,0.8470200701821248,0.9002854051355949,5.589267097749026,2.6643398751663256,0.2022724854438629,2322
GSCX,0.0,0.4189018082010801,0.2896681132201301,2.817490261580809,0.9838271910699152,0.3829478539870548,2322
PID,0.6,0.9168926936097718,1.6463590818462388,6.092390631254568,4.959836042270912,0.1526458001557093,2323
GSCX,0.0080555555555555,0.3464757711172683,0.2548507376069609,2.3316936220611333,1.343789673652489,0.4129410791318872,2323
PID,0.2436111111111111,0.8437513642456247,0.8677299793548666,5.586805924285648,2.966779249395354,0.204532531475154,2324
GSCX,0.0241666666666666,0.5224939801016084,0.4016073211529953,3.542938714553349,1.4862155913137465,0.3205712392750357,2324
PID,0.6394444444444445,0.9260304880632848,1.6181209406006414,6.122146252560278,3.504907555384981,0.1562638856631836,2325
GSCX,0.0,0.3166565098222491,0.223377193125611,2.109086757103594,0.9140420791106678,0.4472120397377837,2325
PID,0.5391666666666667,0.9099512868703832,1.3785531807950135,6.014053579411991,3.694635340274265,0.1662972584196341,2326
GSCX,0.2677777777777778,0.7959562788952629,0.8840026549298227,5.2767306057955805,2.729944543220579,0.2095201742885152,2326
PID,0.6677777777777778,0.9301282847320768,1.6870682625931177,6.151617931003384,3.935009639181751,0.1522677689393188,2327
GSCX,0.0075,0.3895772118592129,0.2909372407493569,2.6259286880850263,1.3366938876738463,0.3872488229450619,2327
PID,0.6938888888888889,0.9328145346316418,1.8668929054129455,6.172066209359,4.581549776025625,0.1454070259768318,2328
GSCX,0.1355555555555555,0.5883043891207373,0.5644364607400082,3.971628344117824,2.7213612053661125,0.267536631400618,2328
PID,0.2902777777777778,0.8629242056159968,0.9210192796577592,5.71541028899616,2.3806744159884494,0.200892387731955,2329
GSCX,0.0,0.3169696636031324,0.2263667625400446,2.121255055855156,1.044156801850629,0.4425997137829388,2329
PID,0.3152777777777777,0.8714608412207854,0.9885070209646584,5.796028904029837,2.938263904304041,0.193199580921961,2330
GSCX,0.1091666666666666,0.7028126933869858,0.6363417240740863,4.817738400154431,2.122476649423328,0.2459229713584957,2330
PID,0.2525,0.8432395675793171,0.8455406537907746,5.566062884994468,2.3461809149036363,0.2086934929061657,2331
GSCX,0.1780555555555555,0.6902860051448186,0.6674302222133032,4.495874902819463,2.022593106988836,0.24757838070217,2331
PID,0.6594444444444445,0.9309750602211516,1.6907072445333091,6.152854753973233,3.803012359932021,0.1527178779789356,2332
GSCX,0.0066666666666666,0.3436415122970181,0.2424956397135511,2.2984345585475947,1.3180029345340072,0.4182940048926467,2332
PID,0.7119444444444445,0.9389333267118184,2.002497945782327,6.199949401128516,4.529216557247561,0.1418298799959321,2333
GSCX,0.0,0.3378742293248606,0.2340195279578842,2.284009163081603,1.011395975745077,0.4291411548756292,2333
PID,0.6972222222222222,0.9366168902288748,1.8853328894048051,6.196378551612873,4.714956139062719,0.144360695989481,2334
GSCX,0.0,0.4236033519036437,0.3162489332447268,2.877898294340323,1.1140450995612432,0.3732115957067433,2334
PID,0.3655555555555556,0.861918989560424,1.0640611523197967,5.710527522894827,2.745449985591567,0.1904027494268059,2335
GSCX,0.2077777777777777,0.7475798044490236,0.7788902714099728,4.916607898881142,2.8028689119819328,0.2243095460492059,2335
PID,0.4358333333333333,0.8874851023946695,1.2392842488174147,5.854379731493999,4.078977152844058,0.174309424094659,2336
GSCX,0.0,0.4768522641241209,0.3424789136162163,3.225431545319814,1.0705678582625158,0.3510398404950474,2336
PID,0.0683333333333333,0.5783927395322411,0.4576539272127862,3.915812049157046,2.8074287274711547,0.2825293684241681,2337
GSCX,0.1630555555555555,0.7184525171763759,0.7181924317593537,4.69165516817057,2.4462306732691173,0.237417025110326,2337
PID,0.2663888888888889,0.846299973772003,0.8657781401531635,5.57421568560744,2.1377249365134228,0.2080263941333087,2338
GSCX,0.0,0.4266895257839957,0.312806335080393,2.8957454514728886,1.043751428361818,0.3738515745155313,2338
PID,0.5022222222222222,0.9026502286221936,1.3311483078553616,5.971963393795551,3.868042625819326,0.1687185580312305,2339
GSCX,0.0,0.3494923000578732,0.2474873302838158,2.350400745289119,0.8863038614701146,0.4239975269208274,2339
PID,0.6508333333333334,0.923825217407967,1.5975474356604982,6.113000737474468,3.839444843273916,0.155662847044881,2340
GSCX,0.0,0.3334136493447097,0.2386004270098734,2.251129583789934,1.0841134161971486,0.4290951251612205,2340
PID,0.2666666666666666,0.8547259109360451,0.869592159741267,5.658790672278262,2.192246819544206,0.2061221979940377,2341
GSCX,0.0030555555555555,0.4770179697008158,0.3539992456071045,3.2031805497120653,1.221472421773737,0.3478499591308243,2341
PID,0.2555555555555555,0.8549134740013158,0.8775126095146705,5.651681497956036,2.151550052473285,0.2065345456682373,2342
GSCX,0.0,0.3226564525695054,0.2287012572578172,2.1746198053706363,1.1174801922990785,0.4363037263226072,2342
PID,0.6388888888888888,0.9266646562788514,1.6414934005120314,6.121757823422486,4.022902006731841,0.1541569769115054,2343
GSCX,0.1813888888888888,0.7556095116311364,0.7286267568217575,4.970325080000012,2.0404734645210216,0.2321600554776748,2343
PID,0.3238888888888889,0.8470958430526784,0.8831629486367476,5.600140059923287,1.9814317993812296,0.205154208217389,2344
GSCX,0.2313888888888889,0.8103643472225623,0.8616693881622131,5.356862050626541,2.233444476845408,0.2133650034338375,2344
PID,0.265,0.8250633507272711,0.878564079235863,5.443041066895024,2.976650660523994,0.2055514747152627,2345
GSCX,0.0227777777777777,0.4227199984267304,0.316724042307543,2.838068560676806,1.573616090172906,0.3644904441840369,2345
PID,0.2958333333333333,0.8666510951784149,0.9352793954475156,5.714489364880079,2.645258265918645,0.1987227717527412,2346
GSCX,0.1538888888888888,0.7422955270637503,0.7395169192962009,4.86244830883617,2.2272182902045823,0.234163872535688,2346
PID,0.4063888888888889,0.8850184551784631,1.124994519910691,5.864287939441232,3.1723595286678736,0.1826375573965844,2347
GSCX,0.2441666666666666,0.795623868563597,0.8044603415043386,5.235208185893486,2.1496610572286503,0.2184652999416362,2347
PID,0.2444444444444444,0.8425791509558774,0.870738588619458,5.613538955490237,2.583961960617517,0.2059209870078557,2348
GSCX,0.0,0.3933037827931919,0.2868239818289391,2.644135015625863,1.198865725550291,0.3903498910329748,2348
PID,0.3755555555555555,0.873027287198768,1.07646634961783,5.779604249687139,2.971710404538207,0.1875469727108524,2349
GSCX,0.0,0.538993394575607,0.4071460168047411,3.674549135848167,1.196032308959874,0.320510383743637,2349
PID,0.5566666666666666,0.9102152533404576,1.4808130885884798,6.005513672673983,4.402123447426725,0.1606337314972864,2350
GSCX,0.0,0.46833838906083,0.349903587213679,3.185407809795594,1.1890724073797516,0.3504802718209142,2350
PID,0.6952777777777778,0.93413203020487,1.76124571342028,6.170777220732186,3.730155399571247,0.1501411743379407,2351
GSCX,0.0,0.564134168201124,0.4151374713799454,3.827015471318609,1.1237132449429,0.3139902173368601,2351
PID,0.1991666666666666,0.8348063280126672,0.8263458296095368,5.524636632722404,2.522429726599228,0.2118588268361521,2352
GSCX,0.2075,0.7838036073236738,0.781720055180742,5.142463373193458,2.359561663946066,0.2220685870664241,2352
PID,0.2780555555555555,0.8467155852795946,0.8673105536370957,5.584913485254349,2.3168724086316352,0.206361566331031,2353
GSCX,0.1202777777777777,0.750247011928251,0.6948645267190815,4.931090415738506,2.8568051500873746,0.2330492677755792,2353
PID,0.2980555555555556,0.8532891502682299,0.9121658098526492,5.637911426746628,2.5802832932308157,0.201275237290964,2354
GSCX,0.0,0.4552080418041441,0.3236761449134721,3.066598668905088,1.049292496851508,0.3623041368134409,2354
PID,0.6194444444444445,0.9248218548905376,1.6290355856368877,6.113389834162579,4.902959907694732,0.1525414537853973,2355
GSCX,0.0,0.3063502869962419,0.2191268578135164,2.051846156785993,0.8317974075426513,0.4551953459364613,2355
PID,0.6911111111111111,0.93348777368426,1.7273452842070782,6.163587555822228,3.8535331618888153,0.1508081799991778,2356
GSCX,0.1822222222222222,0.7363258515832253,0.7220758200563809,4.825340909049314,2.093003828789421,0.2354114336821645,2356
PID,0.2669444444444444,0.8377260688188962,0.8700480673613141,5.5180678090722015,2.485918980053756,0.2070132760759581,2357
GSCX,0.0,0.3498468539087693,0.2554666861727098,2.354665624673044,1.0459362992640913,0.4187447286295123,2357
PID,0.2213888888888888,0.8524280208571091,0.8818985144524388,5.625390415670694,2.818150367236443,0.2048284390762919,2358
GSCX,0.2019444444444444,0.8017629632461609,0.7842665985120144,5.296049863258647,2.0299153439879536,0.2211098759402885,2358
PID,0.5447222222222222,0.90784327791484,1.4516322405502786,5.982000749722578,4.153421763872617,0.1628092266831783,2359
GSCX,0.0,0.3635728302565466,0.2542086589410685,2.437586702352593,1.018017905175569,0.413470061930234,2359
PID,0.2486111111111111,0.8330483711322664,0.8686550184676546,5.473240504860327,2.9027824672141547,0.2064848009009298,2360
GSCX,0.0,0.3620907789709837,0.2504347030903617,2.43599924023336,0.8429675813074429,0.4180296405045647,2360
PID,0.6463888888888889,0.9280647548241288,1.6259128808396237,6.127568904655003,3.562521391234428,0.1556499237958051,2361
GSCX,0.0,0.366739063110403,0.2511243742146499,2.464234890620175,0.8491865383392716,0.4156873788469367,2361
PID,0.2616666666666666,0.8532933285442674,0.8780065589711656,5.62696509147648,2.0784334512797717,0.2070262354330385,2362
GSCX,0.0213888888888888,0.3937977196951506,0.3027767545641044,2.6514880366804654,1.500791886118101,0.3788211501982793,2362
PID,0.2363888888888889,0.8529984157208105,0.8743138246699789,5.646563962264129,2.2820188375177524,0.2069483731498234,2363
GSCX,0.0,0.3682796835377705,0.2677044829413683,2.476419838601099,1.1773830225325352,0.4051480222512191,2363
PID,0.1177777777777777,0.6903745575099166,0.5899842670681018,4.656554107926304,2.075762938137332,0.2527604913029547,2364
GSCX,0.1219444444444444,0.7299880503039241,0.6792425465031071,4.959471693014233,2.0261116955033858,0.2394318169445329,2364
PID,0.5611111111111111,0.9109923601530971,1.471344303128597,6.007083818996319,4.380509879706664,0.1608317722914196,2365
GSCX,0.2833333333333333,0.818661143837239,0.8704876392112915,5.38973835374009,1.9398061062434409,0.2114856857522402,2365
PID,0.2747222222222222,0.8192561283367346,0.8843599060746894,5.392903623955905,2.625841751699804,0.2075205163159567,2366
GSCX,0.03,0.4919400816437389,0.3831233832532967,3.3541599565243008,1.6650814575003412,0.3282374988995398,2366
PID,0.1352777777777777,0.6920627121232757,0.6250748934359358,4.685820115410697,3.252067420010367,0.2401206263173674,2367
GSCX,0.2716666666666666,0.8188587833029101,0.8580375131323619,5.404097591082817,1.9682024908340807,0.2122415474468587,2367
PID,0.6547222222222222,0.9299585568863618,1.6353398265391796,6.147932150934331,3.6759883079363744,0.1546797053639582,2368
GSCX,0.2777777777777778,0.8215395086545536,0.8738690706248736,5.427799608703722,2.2981635745653617,0.2090197880061785,2368
PID,0.2986111111111111,0.8609270671099545,0.973730320888841,5.695304032723302,3.1347215626324494,0.1950589750209157,2369
GSCX,0.1744444444444444,0.7737706182317919,0.732584230827787,5.139891692762475,2.038325353415093,0.2287259159922397,2369
PID,0.3788888888888889,0.8828702276901721,1.137588145364902,5.860186381086474,3.616780648862507,0.1814023955716419,2370
GSCX,0.2063888888888889,0.7752162541696725,0.797749205427256,5.104820289865535,2.116111321571609,0.2235445733564921,2370
PID,0.6855555555555556,0.9332772913189818,1.769744023729224,6.15841541224498,4.05153746682941,0.1493902193078128,2371
GSCX,0.0,0.3597860877457366,0.2522024496626463,2.413801170540932,1.0083940324666658,0.4157720417011005,2371
PID,0.3172222222222222,0.8605658722769133,0.9722596736702755,5.688188219079273,2.68124173368076,0.1965958488839584,2372
GSCX,0.2327777777777777,0.790074957241685,0.8134283790813558,5.211517134294771,2.821520139778809,0.215252993311376,2372
PID,0.2261111111111111,0.8275892161320741,0.8284726322466374,5.452681397819473,2.6931849297352324,0.2109051976685339,2373
GSCX,0.0125,0.5780316567342878,0.4466291872966514,3.934401046434583,1.287101624233661,0.3034533986586621,2373
PID,0.2319444444444444,0.7919021526995336,0.8102761028746737,5.207191980294817,2.428768768442584,0.2176954356787381,2374
GSCX,0.1555555555555555,0.6817340404978989,0.6636765165723061,4.433816705796215,2.423960376090038,0.2478258772229777,2374
PID,0.2997222222222222,0.8546666059232352,0.9129114007182808,5.64740284799603,2.067367823089564,0.2035333440945818,2375
GSCX,0.1819444444444444,0.7982047735010308,0.766692013036254,5.262908907229003,2.0083073080568097,0.2238381946429579,2375
PID,0.6377777777777778,0.9255070915922796,1.626945452506728,6.105742206719312,3.487970009883803,0.1562631324442461,2376
GSCX,0.0011111111111111,0.3483574171983929,0.2527678778662826,2.3399392381744586,1.2029148127431353,0.4167977625195656,2376
PID,0.28,0.8606040880445596,0.9152696714641192,5.687127576747666,2.8980388834559907,0.1995081009619299,2377
GSCX,0.0041666666666666,0.3898585263605941,0.2875066614157726,2.622093011655736,1.239211406491471,0.3902746288260772,2377
PID,0.6583333333333333,0.9274273737005124,1.691406637814396,6.1309284957514345,4.472874026271044,0.151084952912474,2378
GSCX,0.0094444444444444,0.4488563969276573,0.3338109941636563,3.007343858859982,1.4202553232514232,0.356935973733859,2378
PID,0.4030555555555555,0.8879680312067161,1.0701109588173343,5.859637078377085,2.8686908402438784,0.1860506963819737,2379
GSCX,0.2861111111111111,0.8197815547902909,0.8663460497865569,5.426278148866008,1.825009882446804,0.2115868333858165,2379
PID,0.4519444444444444,0.8887063511844832,1.225445111626421,5.8511130325339655,3.4055207576564914,0.1767907674142493,2380
GSCX,0.2833333333333333,0.8061900313020555,0.8774187522962738,5.292793410240432,2.140940788051636,0.2118343342436996,2380
PID,0.3555555555555555,0.8683478112474075,1.0741418059678596,5.719549219502325,3.354957654041504,0.1875361521941013,2381
GSCX,0.2733333333333333,0.8220292489664517,0.892609205619054,5.429666984025512,2.235644908768561,0.2086037596415373,2381
PID,0.3783333333333333,0.8781733073053867,1.0734529165191191,5.795100533692861,2.971119607740891,0.1872964648317027,2382
GSCX,0.0172222222222222,0.412254527117596,0.3058967942112559,2.7774589910028733,1.4227150784196891,0.3728477796308665,2382
PID,0.2975,0.8346949874070563,0.9072010758277786,5.500950685048843,3.0589660591406638,0.2014730665136334,2383
GSCX,0.0,0.3840788216191163,0.2827994949422963,2.602243726584049,1.1419058818377064,0.3949869950158322,2383
PID,0.3008333333333333,0.855345309011658,0.8929786928864135,5.655292089802224,2.2586510128092088,0.2033179191990937,2384
GSCX,0.0758333333333333,0.5908361388261769,0.4997301024265199,4.016001007783748,1.9184286594957023,0.2835090309403756,2384
PID,0.7188888888888889,0.9393777826708304,2.02138412582785,6.208289336429032,4.904772490076046,0.1403192606332268,2385
GSCX,0.0641666666666666,0.6046334586598785,0.5090189964040328,4.069099352249266,1.7270120406743696,0.2834789459144213,2385
PID,0.3352777777777778,0.8763461648823272,0.987392572857022,5.803030929266292,2.8411311900600262,0.1927613505796319,2386
GSCX,0.1852777777777778,0.7337514381190398,0.7243453529386128,4.80085717507079,1.9382417814302408,0.2366788370767361,2386
PID,0.1275,0.6940766823089709,0.6044539001219996,4.761579305251916,2.3022830236502827,0.247062396185835,2387
GSCX,0.2072222222222222,0.8009000245927498,0.7892722721666792,5.274289183150343,1.9429201565015188,0.2214850036999129,2387
PID,0.305,0.8688347017593793,0.9366822031922456,5.732502440332572,2.4127329972034737,0.1991147417089898,2388
GSCX,0.2233333333333333,0.7740581719509388,0.7812623149764737,5.097072125569884,1.9321451867034232,0.2248767309423369,2388
PID,0.2733333333333333,0.8257792625785287,0.871944921399886,5.439413095110568,2.376609258568261,0.2086349364603702,2389
GSCX,0.0,0.4012160688732183,0.3020682087602197,2.721618755755996,1.154806637247069,0.3840296475882014,2389
PID,0.7086111111111111,0.9364587067156042,1.9423046634230383,6.193564652765217,4.993555751454477,0.1421761803421182,2390
GSCX,0.2705555555555555,0.8095777188596702,0.8701249703675473,5.3427236138663226,2.0242800466029505,0.2125457299120865,2390
PID,0.2044444444444444,0.8113410574247834,0.8020859795181344,5.334474717703332,2.9210744213190525,0.2141585539954767,2391
GSCX,0.0,0.3534681153689647,0.2568362497083385,2.3598349592837704,1.0844600855181723,0.4170736658126476,2391
PID,0.3477777777777778,0.863212299512546,1.019090884985105,5.690596690207513,3.032745682653448,0.1918332146342113,2392
GSCX,0.0,0.33642614167326,0.2405427838105148,2.274384775483469,0.9701879834787794,0.4294709760137798,2392
PID,0.3358333333333333,0.8714316089956199,1.0437312580615832,5.757942942199826,3.208382321370137,0.1895243145488699,2393
GSCX,0.0,0.3813383626564577,0.2648318115526232,2.5798104144727976,1.039391689053533,0.4015132385669972,2393
PID,0.5508333333333333,0.9121732820154184,1.350092515623799,6.023563455835894,3.331033500184207,0.1679434763432866,2394
GSCX,0.0,0.3510238488225627,0.2521530300429187,2.3629539158846407,0.9062817032960024,0.4217422040601823,2394
PID,0.5405555555555556,0.912783380537454,1.3288371929164629,6.036726369350705,3.090724563058228,0.1695843609086396,2395
GSCX,0.2555555555555555,0.8061970841622117,0.8351801966061808,5.30767106146726,2.149095007076834,0.2149327201710432,2395
PID,0.3741666666666666,0.8690178619060008,1.0021635843699526,5.744462239014544,2.650408197799302,0.1924477567205398,2396
GSCX,0.0144444444444444,0.5175561266757391,0.3817925540166811,3.486166200668043,1.363403084484666,0.3277524679618155,2396
PID,0.2608333333333333,0.8629792354870038,0.8752790006421631,5.691313112511586,2.1775212135376827,0.2055395783641132,2397
GSCX,0.0063888888888888,0.4820470145332533,0.3481715638771361,3.2687872613990043,1.2595884134373008,0.3446463596474317,2397
PID,0.5458333333333333,0.9104101385366674,1.3550601591232407,6.026108675994522,2.933621688929436,0.1692833152672289,2398
GSCX,0.2494444444444444,0.80949656749027,0.8445553700900528,5.345730750602477,2.10640021722048,0.214293248421911,2398
PID,0.3891666666666666,0.8880460968808589,1.0834121010873914,5.881082981975366,3.4410400009000224,0.1834241581963687,2399
GSCX,0.0,0.3620391718978027,0.250026142439091,2.4287580706248546,0.9847523619277746,0.4155961615734117,2399
PID,0.5072222222222222,0.9062678719227496,1.260785975448346,5.981487146431892,3.4868145829184822,0.1720031921607151,2400
GSCX,0.1155555555555555,0.5939959583902016,0.5489694921736158,4.04560323630766,2.234410478790709,0.2724193965803149,2400
PID,0.2752777777777778,0.8534480388289646,0.8915798389854076,5.628608781039233,2.656739126629422,0.2028854783906859,2401
GSCX,0.0,0.3944629477499861,0.2869702212988093,2.6565540579055686,1.016827637990337,0.3929290366035728,2401
PID,0.45,0.8943208287842365,1.1909847009198309,5.926035889471239,2.843613432484305,0.1792797848614558,2402
GSCX,0.0,0.344505917111203,0.2515329309324229,2.31572854676637,1.0903680302385448,0.4213963061318923,2402
PID,0.5713888888888888,0.9114085832752954,1.562406674919843,6.030542159669056,4.139066707548858,0.1585402161120858,2403
GSCX,0.0163888888888888,0.5587610747429764,0.4245145659895915,3.810912845484672,1.4646893665401837,0.3082253369401088,2403
PID,0.2166666666666666,0.7494692595092682,0.7238578766609155,4.894094352834282,2.26335251310447,0.2306961095342146,2404
GSCX,0.0,0.3539473395327485,0.2532205094807863,2.377006674841586,1.1385130823714082,0.4155597593038966,2404
PID,0.2569444444444444,0.8408749178167035,0.8622902268485312,5.546845390035935,2.398421429538959,0.2077678643038475,2405
GSCX,0.2652777777777778,0.813745418623639,0.8727106883481219,5.374710244852042,2.928920798239223,0.2072940965614102,2405
PID,0.2936111111111111,0.8542774155357855,0.8882454156809163,5.634120352581377,2.137707383668332,0.2047681108580308,2406
GSCX,0.1738888888888889,0.6836735278423993,0.665887253378604,4.470242312882029,1.999896103810324,0.2488434814371475,2406
PID,0.7158333333333333,0.9384484158933288,1.8882340796698895,6.198557874857848,4.51077731656987,0.1443838756491837,2407
GSCX,0.0,0.3037848524614546,0.2178944561761407,2.032390621802964,0.8279779476077644,0.4572304035978764,2407
PID,0.5905555555555555,0.919338403038512,1.5885922904284044,6.06291357944832,3.9363073187863855,0.1575774425333574,2408
GSCX,0.2977777777777777,0.8016629179136888,0.8758785766668196,5.274276226147665,2.2450846787992926,0.2110862781008848,2408
PID,0.6119444444444444,0.9233137386960562,1.604922709703953,6.101102720442614,4.3251497423206375,0.1551047807308285,2409
GSCX,0.0030555555555555,0.3805276190815028,0.2749906551673666,2.545167864633568,1.2247813812756472,0.3976830629698092,2409
PID,0.2927777777777778,0.8589321970757732,0.9104024638607,5.657494307939485,2.4383070959774047,0.2018790972587267,2410
GSCX,0.0541666666666666,0.6011110519200324,0.4885141815024946,4.091156259436489,1.5315820516699914,0.2875441528942506,2410
PID,0.31,0.8588078313405936,0.9339914578388048,5.6670633370549695,2.4647992518947497,0.1998759887048124,2411
GSCX,0.1522222222222222,0.7443949338775807,0.7056514378635625,4.885786673955294,2.284269971809374,0.2354296000908763,2411
PID,0.2808333333333333,0.8547781700914973,0.927084293100932,5.6422239279304405,2.4644221725300395,0.2017843683632867,2412
GSCX,0.0083333333333333,0.4359800774194169,0.3235784008825483,2.953139147041444,1.375014888585559,0.3624421369288246,2412
PID,0.2308333333333333,0.8096115131821878,0.8153018719569406,5.331871692705318,2.972889378182267,0.212093917955906,2413
GSCX,0.0058333333333333,0.4251667175361414,0.3064811121261619,2.861928966884163,1.278437122975179,0.3718335805803356,2413
PID,0.3091666666666666,0.8479722527646335,0.9563094806807472,5.609336767147589,3.2596765645072554,0.1961890794974684,2414
GSCX,0.0055555555555555,0.3792000696472621,0.2754746765157795,2.549752106586959,1.2722142481169778,0.3961499488781926,2414
PID,0.6877777777777778,0.9330350197768078,1.7930605431457949,6.165440828843977,5.251292442507953,0.1456013218090087,2415
GSCX,0.0,0.3622319586014804,0.2512994897744618,2.433339285032029,0.9671324946058912,0.4154275727086562,2415
PID,0.3347222222222222,0.8404583408126934,0.941998294157574,5.5335811115556135,2.716857629230999,0.199525014592576,2416
GSCX,0.0,0.3299808426103369,0.2352371777572765,2.2169381820724223,1.0005312828420667,0.4341701659237549,2416
PID,0.4108333333333333,0.8781098758283858,1.102251598018584,5.816575217238634,2.762913393913545,0.1856730766583607,2417
GSCX,0.2436111111111111,0.8083920032377323,0.8356052841480245,5.320411760180474,2.122436774521446,0.215359905459829,2417
PID,0.2855555555555555,0.8504403826939526,0.941688302286892,5.602217763931608,3.083378982302828,0.1986139702029012,2418
GSCX,0.2327777777777777,0.8022657079871679,0.8110673746147745,5.278676199715224,2.272903337245992,0.2170960287912113,2418
PID,0.3633333333333333,0.8589934016592032,1.017015381965217,5.670757833757372,2.8277809341304803,0.1925781817647391,2419
GSCX,0.0191666666666666,0.4195154256764546,0.3148661419084044,2.818372802580761,1.5437279650500983,0.3668406566060015,2419
PID,0.2030555555555555,0.8006746151058924,0.7701954005644663,5.262504290100654,2.3738836874611726,0.2203945821749046,2420
GSCX,0.0,0.2886389743497491,0.2086666415601633,1.942693817300267,0.8703188461663428,0.466461001138476,2420
PID,0.2191666666666666,0.8039938328775682,0.7696570811342331,5.283032169152573,2.253264712593998,0.2199233050037271,2421
GSCX,0.0,0.4171425978235534,0.2997744593448632,2.8229340445714914,1.0456087272090662,0.3800885248513237,2421
PID,0.2147222222222222,0.8152749996438585,0.7880526100738803,5.364997650636825,2.0448764904550103,0.2187423618035174,2422
GSCX,0.1225,0.6169455692056464,0.5783041359884705,4.197404976360519,2.4575722501346675,0.2631398580595621,2422
PID,0.2736111111111111,0.8500009092209666,0.8925190035597431,5.600831694673076,2.3014030705145263,0.2051559007214149,2423
GSCX,0.0788888888888888,0.593523125787853,0.4983744741437333,4.025043621189626,1.718343947435502,0.2849690705753995,2423
PID,0.4886111111111111,0.8859515893080936,1.3001208847580252,5.840965046122426,3.650135098275875,0.1724204438513797,2424
GSCX,0.0,0.334248139027772,0.2382964790821863,2.2283835925395987,0.993662502118014,0.4325799216658268,2424
PID,0.6402777777777777,0.928280467330345,1.6642591275368128,6.136771846872609,4.643868577741121,0.1516570794689485,2425
GSCX,0.0,0.351427659740718,0.2513922728356925,2.354287250018241,1.114943360442088,0.4179784768317718,2425
PID,0.6930555555555555,0.9340728356598847,1.805162910119003,6.173511485919662,4.52330260592751,0.1470027708212785,2426
GSCX,0.0,0.3979421762932372,0.2828711067569736,2.663109563149025,1.181411247642116,0.3900019271954211,2426
PID,0.3255555555555555,0.8170577032819704,0.9811604868980282,5.353574369239178,3.26558440508542,0.1984863740553854,2427
GSCX,0.2627777777777778,0.825830050940072,0.8688433219978352,5.441005939655968,2.0597697389170904,0.2108968992722475,2427
PID,0.2988888888888888,0.8502367365650493,0.92047505235655,5.605997537207677,2.793032455608735,0.2003493688033323,2428
GSCX,0.0,0.369646853341062,0.2672031548236607,2.513997759453497,1.1341378189356477,0.4038347651139994,2428
PID,0.5008333333333334,0.8801069208792137,1.2559116683146867,5.79816497884995,3.2191132618219704,0.17562236474839,2429
GSCX,0.0055555555555555,0.4427902970356329,0.3220554864321532,2.98706250757542,1.2822862250340286,0.3625265776408103,2429
PID,0.6205555555555555,0.9257955497658548,1.708340755770701,6.121538165220718,4.562144669579827,0.1513698799498183,2430
GSCX,0.1116666666666666,0.6596388400601378,0.6117917524196571,4.290344768964559,2.0166724316233706,0.2614313174688981,2430
PID,0.2902777777777778,0.8503087872014966,0.8884231225341065,5.619151708860893,2.191834161901839,0.204922006748008,2431
GSCX,0.0066666666666666,0.3523601516289232,0.2531407194379343,2.375311653388039,1.2690124500721518,0.4119762995068982,2431
PID,0.2555555555555555,0.8630493918609463,0.883105871535661,5.69572204873352,2.336309816203927,0.2045322658389418,2432
GSCX,0.0,0.4036396290885828,0.2826312487076863,2.725324386043063,1.1143026535037808,0.3875800649995777,2432
PID,0.3472222222222222,0.8530588913428176,0.9830761083916224,5.637037244173752,2.5529643970277114,0.196394155939971,2433
GSCX,0.2838888888888889,0.8089949637159985,0.8707642490695396,5.333062960331513,2.286642418569676,0.2106706174948467,2433
PID,0.4066666666666667,0.8914262601454644,1.1062848693069225,5.887539210665406,3.262806767018714,0.1825851264675187,2434
GSCX,0.0572222222222222,0.5767137635887734,0.4650474616001703,3.922667464548065,1.9827123064927816,0.2907691230723685,2434
PID,0.0108333333333333,0.6116064114390086,0.4022432709256751,4.1315593044873005,1.25683310779464,0.3007166487310788,2435
GSCX,0.0,0.3910044322570849,0.2924773798759716,2.6398988475700014,1.1802589435249282,0.3901262506761116,2435
PID,0.2802777777777778,0.8567221895165864,0.9110752118712634,5.669403968313655,2.1946070058819003,0.2034327351315363,2436
GSCX,0.2608333333333333,0.8129576601935593,0.8571614154176685,5.388443434660862,2.3470138001992784,0.2110978935327636,2436
PID,0.4172222222222222,0.8981296727501058,1.139049147340914,5.941613980495639,3.2815248859758754,0.1802554484726216,2437
GSCX,0.0,0.3686499457114782,0.2671366418354748,2.4698477705776622,1.1245010890076046,0.406647940392624,2437
PID,0.1533333333333333,0.6640937957881143,0.6041889984421404,4.508392208623071,2.316752832756367,0.2517160076384024,2438
GSCX,0.0055555555555555,0.4079194840986149,0.2853924953514151,2.742410354204081,1.2727737355642577,0.3823174303322418,2438
PID,0.2608333333333333,0.7799233961513296,0.8353702410882066,5.104563440627438,3.146892274615521,0.2129957025889025,2439
GSCX,0.0,0.3969790450677716,0.2893818912573473,2.6861643905552137,1.154214217412194,0.3882554446493897,2439
PID,0.6427777777777778,0.9262946472649672,1.672265881954431,6.117777538103229,4.141967859059695,0.152966920680853,2440
GSCX,0.1333333333333333,0.6606228276875898,0.6180620117703535,4.509908295850025,2.3535819142653183,0.2518016691445486,2440
PID,0.3341666666666666,0.8574684329978532,0.9788128067256676,5.667206899823528,2.9552724791176894,0.1947466445548108,2441
GSCX,0.0166666666666666,0.4093237274012664,0.3092568031468199,2.774810449535859,1.336687128828335,0.3741631457369607,2441
PID,0.5588888888888889,0.9155861348565768,1.431689755795033,6.046290113966172,3.735238834794065,0.1636609894700422,2442
GSCX,0.0663888888888888,0.5647408116649036,0.4858730255904018,3.835303059109531,2.069536387619104,0.2902182221474229,2442
PID,0.58,0.9104369587739356,1.4052493351426372,6.008019548599287,3.3384607996384084,0.1655932624896005,2443
GSCX,0.0086111111111111,0.3992254108138898,0.2900723851190552,2.682955077088623,1.3766061925679771,0.3829115475649458,2443
PID,0.1955555555555555,0.8179335634348122,0.7875089662719132,5.398777721163286,2.3080863251999637,0.2175602406583175,2444
GSCX,0.0791666666666666,0.5958764170591562,0.5141586098951536,4.052878436209929,2.225886364390595,0.277893617606584,2444
PID,0.3372222222222222,0.8353504117443491,0.9704071069170582,5.502239545268674,2.736144693462176,0.1986216085742738,2445
GSCX,0.0,0.3698231392034216,0.2586065125598494,2.4956081733083915,1.0750355793401294,0.40760514461895,2445
PID,0.2730555555555555,0.843419661384722,0.8539579650647457,5.568709012368212,2.0677552646781305,0.2088063252999737,2446
GSCX,0.2588888888888889,0.8243992695847739,0.8654649548757339,5.438742163774414,2.0097813076110684,0.2115679639879956,2446
PID,0.285,0.8374252164766957,0.9084297940012236,5.506992059794832,2.644414687719832,0.2038365668429799,2447
GSCX,0.0227777777777777,0.386445555732524,0.2935991620119326,2.59980631045444,1.6147755115338849,0.3811930588271826,2447
PID,0.6713888888888889,0.9313576182962278,1.996102877696094,6.161727398200989,5.341089349557545,0.1411682005782728,2448
GSCX,0.2569444444444444,0.8061740305635313,0.8582569518623845,5.303907269613244,2.3186096911870124,0.2128381361773063,2448
PID,0.52,0.9085414668688748,1.4067742815379107,5.996556036636988,3.988903592667901,0.1651866380615194,2449
GSCX,0.0,0.3324773629759165,0.2376088526126234,2.2447154068505264,1.1550879301890942,0.4282205027442064,2449
PID,0.5472222222222223,0.9088601126681298,1.3795316278559993,6.002385377773141,3.928392164291112,0.1654003613485647,2450
GSCX,0.0552777777777777,0.5180787463533912,0.4276257239398362,3.526352400406958,1.6895857098361875,0.312913129887091,2450
PID,0.2630555555555555,0.8607561768935832,0.8924773104104249,5.682079654178017,2.5522152842594865,0.2029585433417783,2451
GSCX,0.2227777777777777,0.787346137757183,0.8137993446728768,5.198808832746602,2.1725038224247686,0.2196572904333245,2451
PID,0.7211111111111111,0.9390984560500836,2.099476340976065,6.2131010741726005,5.065739070552842,0.1382054732689503,2452
GSCX,0.0447222222222222,0.491102858552612,0.4027608535362956,3.34097945370126,1.705193090674531,0.3243887012290493,2452
PID,0.3163888888888889,0.8446073681357509,0.942521696688954,5.570643560191956,2.698505230265643,0.1997290896754873,2453
GSCX,0.0,0.3405642382149668,0.2403920430061079,2.298293881199951,1.121834551948453,0.4243206763274396,2453
PID,0.5725,0.9183227473297292,1.5540095611362574,6.058580053524053,4.159804159059103,0.158357258269897,2454
GSCX,0.0111111111111111,0.4620697206766667,0.3459993319769417,3.1017179953279683,1.3254645431758227,0.3515805027452182,2454
PID,0.5891666666666666,0.9205062134636726,1.6136377966343802,6.0846183556897815,4.17239165896684,0.1560378990834703,2455
GSCX,0.0,0.3626622611091731,0.2489928468903749,2.4423452445218867,1.041457163003534,0.4137555782333845,2455
PID,0.4547222222222222,0.8754958703537555,1.1963841090732397,5.770416506278661,3.3280141852859044,0.1790919027955387,2456
GSCX,0.0633333333333333,0.6107822588092787,0.5079159989293589,4.165758217936714,1.6246411631563245,0.2817008324251132,2456
PID,0.2777777777777778,0.8327654932685219,0.8914793330422247,5.492270196290269,2.232162208849224,0.2073267812533433,2457
GSCX,0.0,0.3245462966683731,0.2275464252240298,2.1768939628046597,0.9453589159438388,0.4401984160982427,2457
PID,0.7441666666666666,0.9436618041958742,2.2149138778734088,6.232789626319812,5.789891245793354,0.1336633380827761,2458
GSCX,0.0,0.3998786915291013,0.2870000038977512,2.697658747942093,1.0278871565765466,0.3901415238153814,2458
PID,0.4011111111111111,0.8813611486013448,1.15894619399138,5.834236606495265,3.9868837415250287,0.1787957756798197,2459
GSCX,0.0063888888888888,0.4190493643446443,0.3095288107379215,2.8377530307846093,1.250244397354044,0.3733174094684901,2459
PID,0.2677777777777778,0.833745584838342,0.8409529395258925,5.4963391611580805,2.155657241212159,0.2105081855045719,2460
GSCX,0.0,0.3290731221141363,0.2362630254672585,2.204517981005989,1.1346573700499871,0.4318325519910284,2460
PID,0.2969444444444444,0.861003587405419,0.9316646019872008,5.677159508227816,2.8564057272005896,0.1984520093890366,2461
GSCX,0.0872222222222222,0.6496992213817824,0.5712039408253058,4.275895263702554,2.0824742985502027,0.2663561688970006,2461
PID,0.2883333333333333,0.8557146404312905,0.9011659595622336,5.642844739051468,2.380957101418524,0.2030292785394969,2462
GSCX,0.0027777777777777,0.4614985879355862,0.328061229426499,3.109401178105265,1.2142017854517329,0.3564663195483395,2462
PID,0.2633333333333333,0.860080026171386,0.8880776055375428,5.681180761881507,2.3593670626014727,0.2041319563722383,2463
GSCX,0.0111111111111111,0.4978351590111493,0.3702957006120602,3.3762215859869613,1.4491613461518251,0.3335513513943037,2463
PID,0.2163888888888888,0.7764553893724703,0.8133248593458087,5.0953700349522535,3.285589745294632,0.2156054611372236,2464
GSCX,0.0,0.4506203112731109,0.3151823323688966,3.0326698148172464,1.1850591881205506,0.3632241051435874,2464
PID,0.2113888888888888,0.8370371449889447,0.8249633466304092,5.526278590821654,2.716796627617193,0.2102727318537177,2465
GSCX,0.0,0.3662618430923186,0.2608217247662264,2.4768600026721384,1.098092053450971,0.4080976741849281,2465
PID,0.4355555555555555,0.8824821846719104,1.1567596437169,5.870011805119525,2.85956870593661,0.1817269706313249,2466
GSCX,0.0908333333333333,0.6150364935045115,0.5195533443740548,4.112837065615311,1.6186864876231004,0.2798890911497074,2466
PID,0.2758333333333333,0.8581343609684837,0.874968715705832,5.662040376032604,2.148257800916752,0.2055936078731645,2467
GSCX,0.0,0.3732135189801743,0.2735342426390534,2.5231879128987726,1.1324886069137514,0.4019537924287096,2467
PID,0.2633333333333333,0.8439020256893018,0.8710676392070256,5.561869079241798,2.1404189507682605,0.2081265899246253,2468
GSCX,0.1825,0.7234366802529937,0.7215225584871663,4.725227541028362,2.1774110654935543,0.2371443857914787,2468
PID,0.29,0.8517288192177034,0.921211963574024,5.604285826270271,2.273992860549071,0.2032111296290452,2469
GSCX,0.0,0.36137084484765,0.2532141731914037,2.4511758398394354,1.1277697466866214,0.4107794467961874,2469
PID,0.2861111111111111,0.8478521246357359,0.8790912986593371,5.594643478502499,2.329632042683675,0.2052407798719297,2470
GSCX,0.0,0.3637018989600162,0.2574867393240128,2.4499032452128096,1.1530862356486071,0.4093767328179113,2470
PID,0.7430555555555556,0.9443664632875453,2.1625461368374586,6.244498049381158,5.337899494901361,0.1356310412391487,2471
GSCX,0.0091666666666666,0.3775592871107741,0.2744472179287675,2.537149667206218,1.2908049409572486,0.3962186065785522,2471
PID,0.4163888888888888,0.8870009847956997,1.16830054066236,5.8638530975279135,3.225039194872449,0.1805046587927075,2472
GSCX,0.0047222222222222,0.449182011007093,0.3175178795600036,3.02318732095978,1.2480081685225837,0.3617944565791609,2472
PID,0.2733333333333333,0.8554070703994175,0.8771436508029332,5.632262791193307,2.166597792857861,0.2059983318153901,2473
GSCX,0.2255555555555555,0.7939714646085733,0.8166650260435767,5.25218535424039,2.016212589080616,0.2192316766869912,2473
PID,0.2491666666666666,0.848286694907745,0.8710452360622392,5.6143567980143,3.0128192468815755,0.2034336082634945,2474
GSCX,0.1491666666666666,0.7223923243798681,0.679173136419895,4.730209464955056,1.9493196145936211,0.2432601533566638,2474
PID,0.2441666666666666,0.8548716084556115,0.8629290434778133,5.643286601492696,2.3520159972928707,0.2068049983600193,2475
GSCX,0.1719444444444444,0.667126200765047,0.6577146458344684,4.334153046741528,2.071655062823041,0.2524494208562785,2475
PID,0.1277777777777777,0.6822550983209879,0.5669953340924804,4.51754948981387,2.3587049863884983,0.2549281200522513,2476
GSCX,0.0,0.407195523608353,0.2885868651824847,2.736412851099006,0.9915366367981552,0.3879860233969434,2476
PID,0.3552777777777778,0.8527452160366547,0.9888278622642912,5.647430067063685,2.8124226544753657,0.1945216851775482,2477
GSCX,0.0205555555555555,0.5409616566270262,0.4257662005846464,3.688491287340825,1.3796041434321211,0.3135921267731549,2477
PID,0.2647222222222222,0.8434241347317715,0.8535312782788848,5.552703245505668,2.1465782174596675,0.2090221042349019,2478
GSCX,0.2011111111111111,0.7856699255547197,0.775522378264758,5.233683634281546,2.004513866895853,0.2232108912282792,2478
PID,0.3769444444444444,0.884121870342849,1.0762692036623256,5.844008411615471,2.7442185147789897,0.1874974954096453,2479
GSCX,0.1694444444444444,0.7372447220808287,0.7330400458588008,4.820554670983396,2.1914142881194074,0.2348679031812489,2479
PID,0.2536111111111111,0.8499750223240722,0.8557436606944417,5.598441458698556,2.094578527940722,0.2088457960228368,2480
GSCX,0.0127777777777777,0.4209406219743181,0.3188737758562395,2.839236057435985,1.5931820880459369,0.3652465454913228,2480
PID,0.3172222222222222,0.8700431480759897,0.9609576437319464,5.749203798637105,2.864680560467676,0.1952446965604262,2481
GSCX,0.0,0.3217776402409583,0.2316147598934285,2.157047817235636,0.8771841676896306,0.4425160558145687,2481
PID,0.7075,0.9369695436135226,1.7774036651057223,6.192864274152572,4.268516974578295,0.1478414076902923,2482
GSCX,0.0102777777777777,0.4680306334136306,0.3368407861392872,3.176330603002889,1.3196039443567231,0.3494689420404395,2482
PID,0.2561111111111111,0.8330048175710716,0.8440135453557367,5.504408515324311,2.218646609942172,0.2104306804736024,2483
GSCX,0.1452777777777777,0.5784306281891137,0.5590372724831,3.912948473709581,2.6992271648132315,0.2692549762846778,2483
PID,0.29,0.8392600346188486,0.9022148500137306,5.526521587119397,2.2748124132220435,0.2054500391093017,2484
GSCX,0.3027777777777777,0.8233240078256149,0.8939743425607994,5.426130163766785,2.010412688928438,0.2084618657904899,2484
PID,0.5433333333333333,0.9056805331276844,1.371969390493737,5.982417879864707,3.69264618780619,0.1667494938284395,2485
GSCX,0.0,0.390620709619399,0.2830035768710529,2.6141373060104818,1.0739001821660572,0.3951164659219089,2485
PID,0.7080555555555555,0.9364424301934005,1.779374550998554,6.189260040853372,3.668141452792203,0.1494057094204249,2486
GSCX,0.0161111111111111,0.4959022357874388,0.3905838684042506,3.375137646288461,1.2784715060706506,0.3329311381591644,2486
PID,0.3030555555555556,0.8652995625641609,0.947658903458762,5.716568148891443,2.400815832032864,0.1990540194809442,2487
GSCX,0.0241666666666666,0.4531793216215771,0.3481476706392526,3.0582028295071506,1.657814366531723,0.3471777987240333,2487
PID,0.6069444444444444,0.9209876801053776,1.5975122871914806,6.098965757689578,4.6529241879069945,0.1545203061121854,2488
GSCX,0.0088888888888888,0.3991528602143333,0.2964016490731637,2.70389753748988,1.2611353900611928,0.3828117706543447,2488
PID,0.2983333333333333,0.8447740541124763,0.9180799052023622,5.570556085061077,2.5538163255855006,0.2022440129159414,2489
GSCX,0.0,0.3675096445875406,0.2600394302851574,2.483407035532412,1.0633894471454717,0.4084597054421922,2489
PID,0.27,0.8393311570243572,0.8884413642410212,5.528372659066366,2.53715125859617,0.2055763361114155,2490
GSCX,0.0044444444444444,0.3655647013171262,0.2661917910778549,2.479145915136804,1.2495124394386792,0.4033230441811329,2490
PID,0.4919444444444444,0.8894619363210005,1.2794005321973272,5.872492549505643,3.157375475605454,0.1744043982791245,2491
GSCX,0.0722222222222222,0.5911938983474314,0.5094212971991605,3.985940025022248,1.5878470086956435,0.2870063429067389,2491
PID,0.4697222222222222,0.8894598450233105,1.2937483661162277,5.873345095501508,4.21569161357964,0.1708042244341031,2492
GSCX,0.1491666666666666,0.730045906847149,0.6735070225955299,4.781463024013408,1.883814699942088,0.242829554561252,2492
PID,0.3163888888888889,0.8556180003174275,0.9597038524088763,5.6439721588475855,3.0384910444299944,0.1961899746975836,2493
GSCX,0.0,0.3340846105679784,0.2354129267659053,2.239779519712819,1.167707858576409,0.4285701913884556,2493
PID,0.7155555555555555,0.9388438220154972,1.9886809714894529,6.2034593245388265,4.6985218212757385,0.1416306672832948,2494
GSCX,0.0066666666666666,0.3619416752347414,0.2663361562884456,2.4206912933205937,1.3118098806793796,0.4053228076090347,2494
PID,0.2575,0.8626539347375337,0.9033823052814848,5.698977772095871,2.699039605088701,0.2016966000242276,2495
GSCX,0.0,0.3844544107300239,0.2764403170340863,2.5776014661997197,1.1863516399758056,0.3965717886105924,2495
PID,0.2583333333333333,0.8605065040730523,0.877107732625247,5.673318144432676,2.324905809790595,0.2051269506441359,2496
GSCX,0.0,0.4180805839254793,0.3048165730466399,2.8083773208391265,1.1407691884531888,0.378320873479211,2496
PID,0.6980555555555555,0.9358846381510016,1.7722601762479815,6.186842232111817,3.961959123117458,0.1490419646760486,2497
GSCX,0.2705555555555555,0.8143872974334384,0.882404499004626,5.391816869809753,2.3001281617352425,0.2096073059209016,2497
PID,0.3011111111111111,0.8531841667851234,0.8870255876026173,5.632816256775144,1.932960656748486,0.2055830982716547,2498
GSCX,0.1011111111111111,0.6564595810720819,0.5795591577704698,4.469273766447371,2.4202259193591966,0.2571549557509446,2498
PID,0.2652777777777778,0.8405389177430092,0.8593187719981774,5.53802419471541,2.1873581834477926,0.2087873418377282,2499
GSCX,0.1961111111111111,0.7522502216426584,0.7583715065820676,4.939392095465951,2.3529368696174613,0.2283119604637573,2499
PID,0.2102777777777777,0.7062838268687845,0.6642462532293489,4.845014328756212,2.1905310591010454,0.2371131875030463,2500
GSCX,0.2036111111111111,0.7633952738068347,0.7542706107467942,5.002481770748888,2.2645978986411093,0.2273007770283492,2500
PID,0.2827777777777778,0.8493667723042184,0.9449653681010688,5.6909196798253046,3.037435531699653,0.1975984328316124,2501
GSCX,0.0130555555555555,0.3655446011310133,0.262407926463959,2.447992553229992,1.343970821814843,0.4025322114073358,2501
PID,0.6836111111111111,0.9349329781772844,1.7981591324258386,6.175001102396481,4.082609882771817,0.1485118466479542,2502
GSCX,0.2525,0.8148529705015805,0.8392071377549084,5.370128292936188,2.226254767098504,0.2132647627254353,2502
PID,0.1633333333333333,0.7764085482603117,0.6957295900222445,5.088056873011957,2.1159407434121738,0.2318704805046278,2503
GSCX,0.0169444444444444,0.4858684615022169,0.3777127579143583,3.2838094756787,1.5034487782047168,0.3354785559132052,2503
PID,0.5652777777777778,0.910718668561202,1.4717544324047511,6.027900324026182,4.045154254425354,0.1615713869999874,2504
GSCX,0.0,0.4262336095819252,0.3051715984184756,2.8674063573691533,1.13057420483884,0.3749875768164423,2504
PID,0.2983333333333333,0.8098994272407559,0.9068119775779752,5.316188860159915,3.0798328018873047,0.2044769287783762,2505
GSCX,0.2211111111111111,0.7942052132030868,0.817346373347676,5.219633534637833,2.16410707697689,0.2190988918520747,2505
PID,0.6833333333333333,0.9342532763554132,1.834780999609411,6.1858655865106495,4.051518871253999,0.1476397942161136,2506
GSCX,0.0052777777777777,0.3808362484274981,0.2797047501286743,2.553864813337462,1.2680527460734994,0.3952025057480185,2506
PID,0.2888888888888888,0.8524659384173856,0.9025196094251652,5.628538843697944,2.3469607217019504,0.2033804261930347,2507
GSCX,0.0,0.3505855582125949,0.2552596277198014,2.3569847974363776,0.9573207651677924,0.4204556266151867,2507
PID,0.685,0.9327978150136704,1.8623371158234527,6.163280445216143,4.483253158124645,0.1460180502653478,2508
GSCX,0.0,0.4167609196360767,0.2886694862236835,2.7994951730682,0.9627414757537436,0.3845516176232679,2508
PID,0.2608333333333333,0.8347260406637186,0.8491073554703765,5.4993966808407935,2.3403611085525933,0.2093753984440065,2509
GSCX,0.0205555555555555,0.4826978037940544,0.3630282867007569,3.264490333582992,1.5443016221332462,0.3372694369670781,2509
PID,0.5427777777777778,0.904370133731079,1.429546832909535,5.972377203184926,3.934850360679015,0.1643450215596562,2510
GSCX,0.0041666666666666,0.3252435160568306,0.2387835560050704,2.1978945127872187,1.242656460783501,0.4288955482579957,2510
PID,0.2441666666666666,0.8452721579343726,0.858375639550299,5.564949968562634,2.1648169716677934,0.2093687110361464,2511
GSCX,0.0069444444444444,0.3649426032579413,0.269448180006703,2.467226405100264,1.3243476100227314,0.4016043985028842,2511
PID,0.0,0.531469246228225,0.3223382359021529,3.5170915054946725,1.1397017305270871,0.3376690654907916,2512
GSCX,0.2841666666666667,0.822367874612611,0.9019369544756412,5.412826237992217,2.2960926062276643,0.2076246775987124,2512
PID,0.2077777777777777,0.6582966135473594,0.6922968280508233,4.256630180135341,2.708131709830763,0.2450779684739423,2513
GSCX,0.2430555555555555,0.7975292566074006,0.8593956668708042,5.284538242035463,3.1769879758646,0.2092879525237861,2513
PID,0.1986111111111111,0.8169720491015432,0.7986354862192971,5.381179955797139,2.4236066082825,0.2164973891895475,2514
GSCX,0.0,0.3186616867085634,0.2303687287588323,2.140865861808677,1.119664980285814,0.4385068262136996,2514
PID,0.4622222222222222,0.8990693971896909,1.2185216352893888,5.946604603476184,3.24021872165187,0.1761395978643073,2515
GSCX,0.0158333333333333,0.5735590549089801,0.4451242863189248,3.912325037786649,1.3600345471083672,0.3033898170333373,2515
PID,0.4433333333333333,0.8771344340348067,1.226895007396059,5.772116889509934,3.2216049548541363,0.178748202797315,2516
GSCX,0.0,0.3573677594998275,0.2461177322433719,2.4122148249689355,0.9847447779752164,0.4177127657466467,2516
PID,0.4930555555555556,0.9005219486118702,1.1861717272041066,5.983556909573887,3.152619550532763,0.1761916272415693,2517
GSCX,0.0644444444444444,0.5730872837228302,0.4894003309916517,3.890948152247335,2.16423287593191,0.2871736295176781,2517
PID,0.2716666666666666,0.8322690862141178,0.8681212899537276,5.475802215219718,2.345678061486065,0.2083709565711045,2518
GSCX,0.0,0.4203571567795196,0.3078768913687336,2.842219788561688,1.0587619679711422,0.377407815174117,2518
PID,0.3011111111111111,0.8593672153099052,0.940788325630323,5.662127916344558,2.408435745215029,0.2002623205560783,2519
GSCX,0.2463888888888888,0.792452078295964,0.8692806505951866,5.212550326760184,2.5927590255195336,0.2130050335166848,2519
PID,0.2813888888888889,0.8477952809986522,0.8641062164945672,5.601765996197428,2.037941011335255,0.2075298200887942,2520
GSCX,0.0394444444444444,0.4539031707324582,0.3503948780697355,3.09022683026143,1.6186246567719995,0.3442400531246194,2520
PID,0.6469444444444444,0.9281600398766268,1.676429523006534,6.129120628322834,4.051757864394727,0.1529030454778533,2521
GSCX,0.0416666666666666,0.5281202407561407,0.423728470884332,3.594179743359303,1.727374833613638,0.3114614722895693,2521
PID,0.2680555555555555,0.8590325184154353,0.9128350151509445,5.665038012765199,2.606924282206289,0.2018435206862715,2522
GSCX,0.0541666666666666,0.5287420893038137,0.420793435016351,3.6008428943620694,1.5775898253795395,0.3120534537073668,2522
PID,0.11,0.6138881375356617,0.5153508153494383,4.093591498453733,2.1141931852728444,0.2747557873014766,2523
GSCX,0.0366666666666666,0.5406785871366174,0.4158622139047956,3.678084691171756,1.6205471292767877,0.3106346618043163,2523
PID,0.4738888888888889,0.8800399537699384,1.214895247888542,5.797844885496417,3.427619230759129,0.1770898299615171,2524
GSCX,0.1358333333333333,0.7269002437742101,0.6784670782371355,4.889633653802816,2.6779134297165568,0.2357393255360068,2524
PID,0.2869444444444444,0.8700368219640439,0.8943410259867801,5.7417733106757725,2.1388598146132627,0.2029006687969158,2525
GSCX,0.005,0.3247612428360661,0.2343443833399273,2.180516908309326,1.263888754115542,0.4303353826458251,2525
PID,0.5241666666666667,0.9061940141718948,1.456816552965124,5.992039300487696,3.916193847715391,0.1638911912442121,2526
GSCX,0.0108333333333333,0.3725773263172756,0.2792934427211289,2.4971900779111578,1.3486361843590684,0.3965785130786369,2526
PID,0.2927777777777778,0.8432715263636575,0.8922293737341609,5.56296404508818,2.1034892763936,0.2060513827515205,2527
GSCX,0.0,0.3449342748254956,0.2452208137775342,2.3014928404151185,0.9509506703341823,0.4265120043764376,2527
PID,0.3291666666666666,0.8465542504680219,0.9666686799662144,5.582460845305634,2.738677688257949,0.1977865999940702,2528
GSCX,0.0,0.3234575603939542,0.2344920089459955,2.1785642763084465,0.8244214989439068,0.4415156867139261,2528
PID,0.2841666666666667,0.8548029550455692,0.9249060853139022,5.63767666673844,2.467485463884675,0.2017955860314795,2529
GSCX,0.0,0.4234050123206562,0.3092012486760062,2.866862905646459,1.1472454893657698,0.3742900039408541,2529
PID,0.2077777777777777,0.8181064640235997,0.8063922410913721,5.398832644264845,2.821591056895396,0.2131678239634704,2530
GSCX,0.0169444444444444,0.4554175087006314,0.3455986935542402,3.085222442012489,1.610316544636699,0.347813175365638,2530
PID,0.2925,0.8486397400186586,0.9017563515531168,5.60924794273348,2.4542722211491736,0.2030840623440686,2531
GSCX,0.0,0.3261573968857104,0.2351753542927362,2.189961890087684,1.040324664529655,0.4353903872509301,2531
PID,0.2783333333333333,0.8607881614204727,0.909305033185849,5.688056534434955,2.7867116770011147,0.2003546786404535,2532
GSCX,0.0452777777777777,0.6529427575004462,0.5249265927279994,4.442430411998578,1.569423035308143,0.2732462409346826,2532
PID,0.2669444444444444,0.826048535367687,0.8534340523850824,5.428701099764728,2.146870767168429,0.2111881741938349,2533
GSCX,0.0,0.4468655973356122,0.3210491873347141,3.006216119834473,1.1989902131800692,0.3635969507326946,2533
PID,0.4180555555555555,0.8904406836723257,1.1438052395593992,5.900874111549725,2.887783253782951,0.1821898638408269,2534
GSCX,0.0,0.3197287936377485,0.2279855000800137,2.1499602752228424,1.0999831343458195,0.4387608187636743,2534
PID,0.1536111111111111,0.6858564904951245,0.609600917344073,4.685620712734228,2.188796337721625,0.2478050450748019,2535
GSCX,0.0,0.3603678526504257,0.2500800649695515,2.4201950760634765,0.8977769099745065,0.4180505689064153,2535
PID,0.5222222222222223,0.9037428892678004,1.3966075685943409,6.018213668614335,3.866136586578016,0.1656867394462224,2536
GSCX,0.0052777777777777,0.4435793499007618,0.3203589766493428,2.9972116983618,1.2661042066262065,0.362550037323887,2536
PID,0.7172222222222222,0.9381708034012932,2.0340384733929997,6.198852324029248,4.723878390476671,0.1405816259055509,2537
GSCX,0.0,0.3609372556300367,0.2525315201430253,2.429769395870264,0.946203727806524,0.4159439340843204,2537
PID,0.7,0.9372692799514106,1.8500411792094076,6.194035893877143,4.359838497428089,0.1460299639283251,2538
GSCX,0.2875,0.8098276748978525,0.8936445580830396,5.329779951574385,2.230167912212328,0.2097326609031291,2538
PID,0.5486111111111112,0.9089988363369982,1.4916790438169598,5.99350683701891,4.394646245211939,0.1606789010572192,2539
GSCX,0.0,0.3454156600910204,0.2396867599147665,2.335673693225609,0.9471813982036236,0.4254884529029228,2539
PID,0.2586111111111111,0.8529007144619093,0.8769503744568012,5.640272822208918,2.6941730323519573,0.2038961247889005,2540
GSCX,0.0,0.4077322352797723,0.2936842385264688,2.7644013021295097,1.131547858125866,0.383162554969945,2540
PID,0.2869444444444444,0.8026518170608382,0.8485946696438224,5.276486043548287,3.006251497565503,0.2088069687153507,2541
GSCX,0.0147222222222222,0.3699591799950353,0.2791679805645159,2.4880324249287,1.434020989542316,0.3950722637629541,2541
PID,0.2941666666666667,0.8513414703441782,0.8885709871889322,5.612157003411463,2.1944642376561188,0.204821956433761,2542
GSCX,0.0127777777777777,0.4822404408414176,0.3526769844202061,3.264673142598443,1.3598006181708755,0.3420508020955181,2542
PID,0.7005555555555556,0.9359242669892844,1.797784890200914,6.192288117865248,3.694997953863778,0.1490316197190686,2543
GSCX,0.1680555555555555,0.7880916912528204,0.7631995671963496,5.198129722356188,2.0847528682806207,0.2256454091185841,2543
PID,0.2675,0.8411815184185366,0.8741822666482757,5.538475250267148,2.383435238787721,0.2069488993975962,2544
GSCX,0.0097222222222222,0.442934495827552,0.3370538518201675,3.00168300892923,1.426492410894847,0.3569426983658799,2544
PID,0.5219444444444444,0.8797065242465594,1.314230248280447,5.793203107166485,3.493081800727963,0.1721094396055525,2545
GSCX,0.0994444444444444,0.6520210561797668,0.5844860817495042,4.26609554693897,2.0872763472060405,0.2645925984740243,2545
PID,0.2758333333333333,0.8435184006912181,0.8843663724001317,5.555177740723768,2.311725097428245,0.2061881669270662,2546
GSCX,0.0,0.4307574963399248,0.3059165261986158,2.870494246838295,1.090820119484255,0.3751049656830856,2546
PID,0.1580555555555555,0.7777717440258545,0.7117256826417692,5.100325709416242,2.7722777993249648,0.2268222569565016,2547
GSCX,0.0027777777777777,0.473037079766964,0.3461472090331015,3.193237440427108,1.2190214423636283,0.3496109791948959,2547
PID,0.2769444444444444,0.8284074618268396,0.8687043993717402,5.454002854382721,2.285177086434345,0.2088369396549153,2548
GSCX,0.3030555555555556,0.8189367664864126,0.9026262318308604,5.392159942520087,2.1779487380834,0.2077673497967049,2548
PID,0.2608333333333333,0.8291530556664443,0.874985945114039,5.452688018942741,2.460333485377192,0.2083282304685721,2549
GSCX,0.0,0.3842903230937528,0.2757454680324188,2.578322506938956,0.9189731611458696,0.401777412327728,2549
PID,0.5988888888888889,0.9206337503588632,1.5683135176032026,6.076552479714806,3.745907918111506,0.1583626251194256,2550
GSCX,0.2027777777777777,0.7009952014509981,0.7058690553001206,4.570836084395139,2.1879103383751857,0.2405567378128041,2550
PID,0.3222222222222222,0.8599164130125322,1.018168840661081,5.6892032829912855,3.0300618361210265,0.1929012754185223,2551
GSCX,0.0,0.3814550244005412,0.2699826280299904,2.594030190457786,1.0001987944056523,0.4005495421472613,2551
PID,0.6897222222222222,0.9329282490572148,1.7413715137103098,6.1574018019401935,3.677200359644972,0.1510253882353153,2552
GSCX,0.0216666666666666,0.5220870347360137,0.4019318222329137,3.522519749210352,1.5809292412206928,0.3203768392409968,2552
PID,0.5811111111111111,0.9203851063646246,1.58420268714212,6.069462778406782,4.006770387975969,0.1576533169121262,2553
GSCX,0.0516666666666666,0.5562064467752141,0.4504126660720948,3.778983421712158,1.7103739754315408,0.300724513764348,2553
PID,0.1491666666666666,0.7599116566774948,0.6810660826681494,4.974233004334043,2.396600654967403,0.234253852332321,2554
GSCX,0.0,0.4532700258868697,0.3182516921136619,3.049413950347411,1.0838917024801675,0.3634499785716318,2554
PID,0.6019444444444444,0.9200591364114894,1.5397300746977316,6.074636067286749,3.811271743359298,0.1589029500313176,2555
GSCX,0.0,0.4004764240497628,0.2903969622118834,2.7040136404479718,1.0916104244195095,0.3880407284269895,2555
PID,0.2466666666666666,0.8466416725234598,0.8563321309185535,5.598456471108865,2.4253648289101664,0.2074635291892294,2556
GSCX,0.0,0.3495981554972657,0.2487777729079301,2.363433115421106,1.1738911801633425,0.4168328349592499,2556
PID,0.7555555555555555,0.9451948792209928,2.262412119565873,6.269520901906138,4.802317067496542,0.13440576686641,2557
GSCX,0.1616666666666666,0.7072218762797841,0.6684986328896119,4.611153435256427,1.9031020568290968,0.2464546903561989,2557
PID,0.695,0.9349117142237028,1.7948211793605442,6.169091316294046,4.084684196938328,0.1483820943258044,2558
GSCX,0.0133333333333333,0.443466549628398,0.3349930383372675,2.982062236361962,1.5661759815636247,0.3554862248905018,2558
PID,0.5563888888888889,0.9135468061101938,1.507736191702903,6.032890259178356,3.99655778618624,0.1608468706750627,2559
GSCX,0.0,0.393444179501086,0.2886365981086269,2.666445253527057,1.174068352728038,0.3893028636420523,2559
PID,0.2827777777777778,0.8570214020530865,0.8734964260362961,5.649385661877364,1.9397970801948337,0.2066395729574889,2560
GSCX,0.0072222222222222,0.3632200554538253,0.266072607452148,2.4369854968499345,1.335228836480387,0.4037918477824899,2560
PID,0.2047222222222222,0.7881718880936561,0.772117598258073,5.170539302970865,2.477134808954723,0.2214508909024224,2561
GSCX,0.0030555555555555,0.328165454278421,0.2405203008133249,2.2171754415922256,1.2286643800721244,0.4275782002601174,2561
PID,0.2891666666666667,0.8546860761028148,0.8812016390917317,5.640851891536897,2.325293022448569,0.2042304070587138,2562
GSCX,0.1397222222222222,0.5626270053895011,0.5527362709049173,3.8037981939125913,2.8056183444073786,0.2725599326852637,2562
PID,0.6194444444444445,0.9209823189139392,1.5939983658257022,6.083438769868375,4.048680454714966,0.1561931380251683,2563
GSCX,0.0,0.4070157897426738,0.3052699677543546,2.7581330426087587,1.158559028066089,0.3811952250815469,2563
PID,0.2888888888888888,0.8400267319882561,0.8931543222549327,5.535853349470421,2.505828921397853,0.2045986067487023,2564
GSCX,0.0,0.4155136816854211,0.2948793951058013,2.791933079211832,0.9314926112084716,0.3845703924762056,2564
PID,0.3197222222222222,0.8656098817875818,0.9829606502945388,5.738465751940646,2.643109793800179,0.195459874730406,2565
GSCX,0.0,0.3822624623632791,0.2664535480926202,2.5930630682603035,1.1441974988860968,0.3984075197692013,2565
PID,0.5119444444444444,0.8992223504611836,1.309833641462939,5.942937843368445,3.501712851017042,0.1707170628516828,2566
GSCX,0.0252777777777777,0.4538024044626328,0.3437187228104109,3.082363908067877,1.5158482384912173,0.3486375197053004,2566
PID,0.6630555555555555,0.9311616909800992,1.7344648005236731,6.15417293608897,3.8880251063615634,0.1512741869208586,2567
GSCX,0.2863888888888889,0.8072662948527556,0.8569815210914485,5.309576081972959,1.9543371636266724,0.2134375827099588,2567
PID,0.2525,0.8569150119611431,0.8712839708203004,5.664522836877626,2.270229559495495,0.2061203452915898,2568
GSCX,0.0,0.4300251328527537,0.3225211749983576,2.9274761925340176,1.1502719621310438,0.3688765698454205,2568
PID,0.2575,0.8529563972177738,0.8707079086576043,5.626687622750735,2.214385327756897,0.2068604872859493,2569
GSCX,0.005,0.4314243466644166,0.3115229993862545,2.8989676174720547,1.2621246696741348,0.3692885079821368,2569
PID,0.2877777777777778,0.845320143231187,0.8875710936980401,5.570126481141061,2.169936800400365,0.2059971229766347,2570
GSCX,0.0119444444444444,0.3913986589782703,0.2918450461806035,2.6359298836760234,1.366029537654887,0.3852670199794838,2570
PID,0.6427777777777778,0.925161538505362,1.6086605652509331,6.1200938540329375,3.8156387610119,0.1555563985163732,2571
GSCX,0.0897222222222222,0.610386230908773,0.5264468996438747,4.13345014240709,2.077892567627651,0.2747598254942507,2571
PID,0.5552777777777778,0.9134148788730082,1.3891699228072416,6.040489504978331,3.65441711629177,0.1653684480305439,2572
GSCX,0.0,0.3733614822935224,0.2775460319574143,2.5223946910428894,1.1748634847510029,0.4004589159509987,2572
PID,0.18,0.7956213731053582,0.7300364078324083,5.228262217892954,2.567030941420476,0.2232638644581853,2573
GSCX,0.0,0.3349532654269021,0.2335008099617183,2.246232591733939,0.9176645379340004,0.4340501938970842,2573
PID,0.1175,0.593629454814903,0.4973781958993081,4.010880474962438,2.115095805870008,0.2786005057265369,2574
GSCX,0.0205555555555555,0.4420443074761644,0.3370984247290444,2.980171455239487,1.4129864452809549,0.356773069006397,2574
PID,0.4163888888888888,0.8794499467744928,1.1585708411293965,5.790957907038765,3.503108424198172,0.1807083836697383,2575
GSCX,0.1630555555555555,0.6837524467315699,0.6369080529250555,4.461552614504862,1.723856139613153,0.2538232658234746,2575
PID,0.6508333333333334,0.928739300336729,1.7559701784629391,6.147591581591234,4.427767464069689,0.1496261807421783,2576
GSCX,0.0,0.3526319610793981,0.2586154561516779,2.380242516929206,1.1755937239797174,0.4136816926253654,2576
PID,0.7172222222222222,0.940062704960172,1.92593360423298,6.208880337760464,4.221243921274144,0.1441247240697888,2577
GSCX,0.0,0.5388894349575561,0.3930920288129051,3.661316736975599,1.0231121551279576,0.3247664497143885,2577
PID,0.2725,0.864094702750179,0.8796084193958733,5.696744251968349,2.1960830424021305,0.2046537304264592,2578
GSCX,0.0475,0.5511381209622372,0.4478935144191367,3.762913526895751,1.7940516443580523,0.3011593775898437,2578
PID,0.6286111111111111,0.9234340687829046,1.7272900045857402,6.10518577933054,3.950048719622715,0.1525553870296324,2579
GSCX,0.0,0.441060937280692,0.321995115126864,2.9867974251852734,1.1303041860215894,0.365806239847265,2579
PID,0.2786111111111111,0.865096215992292,0.9524218949971496,5.712112826765838,3.025558882299793,0.1969327702114902,2580
GSCX,0.0088888888888888,0.5146992844590336,0.3686518457531019,3.4870133009492705,1.2896218491447975,0.3309910339678774,2580
PID,0.2666666666666666,0.8529430751329418,0.9046590127328656,5.630344317472427,2.6927211054296736,0.2024552555319045,2581
GSCX,0.1541666666666666,0.6868240126013256,0.6619086368163364,4.470744431663036,2.082264837957621,0.2496274744001691,2581
PID,0.5469444444444445,0.8881800134291118,1.393918042628033,5.853421195089488,3.781093883367945,0.1671580002596019,2582
GSCX,0.0272222222222222,0.4336318060688743,0.3249514859925447,2.932704996704813,1.4781671558146543,0.3592431494956065,2582
PID,0.6211111111111111,0.9240020154518004,1.6248531830810002,6.108772784503316,4.123212850700266,0.1548681277608069,2583
GSCX,0.2180555555555555,0.8139565013001703,0.8195820893577997,5.363421944724545,2.156177042844839,0.2163652062221325,2583
PID,0.1005555555555555,0.613050757051196,0.520166917497363,4.149029893438909,2.719199085997805,0.2683068184851238,2584
GSCX,0.0,0.3870468182251043,0.2729875748376676,2.5936341627985966,1.0780951901680202,0.3981524483646779,2584
PID,0.3291666666666666,0.8655365431197017,0.9565082123666436,5.735697876855464,2.512459519949092,0.1968578904225428,2585
GSCX,0.0102777777777777,0.420015644586459,0.3209301918657883,2.8513861091161194,1.4440088211002935,0.367164584902605,2585
PID,0.2794444444444444,0.8482697114764122,0.8890325632987816,5.587157974249842,2.2357315043560497,0.2056388345850996,2586
GSCX,0.0086111111111111,0.3857295727274257,0.2852856483973824,2.593334369450716,1.371562379820106,0.3893689585616638,2586
PID,0.3341666666666666,0.8380231588566099,0.980629059152392,5.527345269277503,2.8267685641865383,0.197482020304572,2587
GSCX,0.1230555555555555,0.6958514630099477,0.6461212510800195,4.537027738524998,2.4280289574110694,0.2483703629753967,2587
PID,0.6947222222222222,0.9345558124366852,1.837779660219872,6.181440393646461,5.005335771773249,0.1449070729496237,2588
GSCX,0.0911111111111111,0.6149155844228051,0.5615648153225936,4.177782976927492,2.4413334518447045,0.2673276090796781,2588
PID,0.1361111111111111,0.7382497288255839,0.6286169609443084,4.824905246488058,2.0848961899578407,0.2439794100540891,2589
GSCX,0.0541666666666666,0.5230046583593724,0.4161177266362836,3.560704777317913,1.476725735206486,0.315387568084057,2589
PID,0.2391666666666666,0.8263251774252722,0.8194481284092555,5.447032415138935,2.4221841206046077,0.2123354415775182,2590
GSCX,0.0,0.3856054323989294,0.2823685047586045,2.59205930965601,1.0258481971544604,0.3977012324941796,2590
PID,0.3294444444444444,0.8595315140262187,0.9562089183078254,5.671189319599147,2.6112905349049798,0.1973813588055776,2591
GSCX,0.0058333333333333,0.3722070109468421,0.268609159971119,2.486587134637569,1.2314044366832089,0.402111795648749,2591
PID,0.4505555555555555,0.8946825496880059,1.1280446613131268,5.919564095826879,2.661896704202845,0.1823058709582274,2592
GSCX,0.0,0.3740692039907584,0.2678906630129041,2.524809209303464,0.9090813049616656,0.4072019610392075,2592
PID,0.2866666666666667,0.8537614135862178,0.901925776401415,5.640388915304518,2.195954569803443,0.2040554666807436,2593
GSCX,0.005,0.3815467172910421,0.2828170957994779,2.582729471354277,1.261746480936294,0.393211638184899,2593
PID,0.3858333333333333,0.8767440886301799,1.1040975117405056,5.784449101573102,3.4880479709054883,0.1838911912902614,2594
GSCX,0.0311111111111111,0.5394149085776235,0.426397146231793,3.674789393675116,1.562300288005074,0.3108933610941091,2594
PID,0.5694444444444444,0.9131106801039598,1.54335262377423,6.039946096685197,4.135126332901892,0.159027301737426,2595
GSCX,0.2808333333333333,0.8114970948646361,0.8558815469262433,5.340748984800638,1.9172111503280904,0.2133650041939773,2595
PID,0.7191666666666666,0.9377137379006528,1.877515364344682,6.19337302707893,4.624426706069361,0.1443206258812904,2596
GSCX,0.0,0.3682207119884215,0.2601526263535293,2.497467482578147,1.059288438645046,0.4076482240835953,2596
PID,0.4616666666666666,0.8975587533157646,1.2369806906914027,5.916058405925718,3.473822071631187,0.1750171442741863,2597
GSCX,0.0,0.4517441947059347,0.3218195298827222,3.0301064178710178,1.1201507176318883,0.3633401815549427,2597
PID,0.445,0.8923376847301855,1.1726048154025568,5.90108629663295,2.970671811132372,0.1799118335364899,2598
GSCX,0.0,0.3693101936181486,0.2570992625161879,2.490231238545145,1.014902818824932,0.4094387006757291,2598
PID,0.2686111111111111,0.815732917688629,0.8596679936804384,5.375833105221391,2.3305724524566123,0.2108576509215194,2599
GSCX,0.0077777777777777,0.4420004325141471,0.3442474386217514,3.001607547621049,1.3416106034585389,0.3575379277453929,2599
PID,0.2980555555555556,0.7848013110725325,0.8896754320734173,5.1471071231183965,3.080639684540041,0.2082889254377384,2600
GSCX,0.0,0.3196716162701934,0.2200281016956986,2.154024173684789,0.951507484758302,0.4436611364255198,2600
PID,0.4669444444444444,0.901708957277969,1.2607443266649645,5.968349680303462,3.6157303010822206,0.1729402991461395,2601
GSCX,0.0113888888888888,0.4290779904291824,0.3161105691399454,2.9173409735072475,1.2611697970352225,0.367025634901126,2601
PID,0.6791666666666667,0.9334927923284952,1.8238818065447613,6.17117416436388,4.187318442516001,0.1477563730871189,2602
GSCX,0.0122222222222222,0.4310474415268507,0.3241959870323196,2.91465710557857,1.5157801853996322,0.3616855284533866,2602
PID,0.645,0.9267184545686842,1.6901089203075517,6.1312333734709705,4.189455150123511,0.1522114169129271,2603
GSCX,0.0091666666666666,0.3574470313266639,0.2569949921876675,2.4044083378972068,1.3800783185220658,0.4065264341317815,2603
PID,0.3961111111111111,0.885669969255527,1.0446524175957157,5.853159752649872,2.9392306316301826,0.1870874541848461,2604
GSCX,0.2305555555555555,0.8090624308967043,0.8242828958798069,5.332686875091871,1.917676371844248,0.2174902905226519,2604
PID,0.3722222222222222,0.8673746670399255,1.028031561495225,5.723247397700549,2.5043771416310525,0.1924173188844829,2605
GSCX,0.0611111111111111,0.6664859517980489,0.5560084315081106,4.539742956216067,1.7004088087433615,0.2655620591004068,2605
PID,0.2936111111111111,0.8094807415847265,0.9018396946874744,5.328497456172991,2.366155878787911,0.2083848250457997,2606
GSCX,0.0305555555555555,0.4759347166475274,0.3805368337336737,3.2509469865549363,1.6090513596756042,0.3339751998681561,2606
PID,0.4019444444444444,0.8842326950200062,1.1741998724940617,5.881659699247948,3.624963541137964,0.1790495696844653,2607
GSCX,0.0,0.3525796649399625,0.2523657233233214,2.3591424352106865,1.1653592819492726,0.4163533415145393,2607
PID,0.1308333333333333,0.7281403021948103,0.6215678836153827,4.752830908810211,1.8613647603115973,0.2481958808568722,2608
GSCX,0.0,0.3521276483241941,0.2440962244625009,2.3616853516021394,0.7945845794748774,0.42573059317066,2608
PID,0.6538888888888889,0.9275132203025668,1.6991306754655453,6.1209787973286405,4.014646507821211,0.1523365283556093,2609
GSCX,0.2819444444444444,0.8253542573917313,0.8767728970898057,5.449969108072967,2.368901223541708,0.2079191678061852,2609
PID,0.165,0.806123010798559,0.7333396045644744,5.456065184981256,2.3347564567819545,0.2210324531815125,2610
GSCX,0.2494444444444444,0.7907927030707556,0.848061672465525,5.23015082437849,3.3867984033278957,0.2094180491321945,2610
PID,0.2602777777777778,0.8647508052433642,0.9011636372084832,5.713970933666608,2.541011921570975,0.2022037418076902,2611
GSCX,0.0655555555555555,0.5958213203487406,0.4974492091627831,4.052117623737938,1.8525590680855792,0.2839765491311788,2611
PID,0.29,0.864160269300176,0.9195421881822048,5.711051518704126,2.4767468389915623,0.2005436264264641,2612
GSCX,0.0327777777777777,0.4726739584958526,0.3697665632358618,3.218814481724486,1.5074727216373438,0.3378713882543335,2612
PID,0.1352777777777777,0.7203926654598374,0.6857192191227506,4.901699063324238,3.569635343106836,0.229479036171307,2613
GSCX,0.175,0.7396161135306809,0.7515025557597862,4.845669612174809,2.349568093853362,0.2318887576935006,2613
PID,0.2830555555555555,0.8637412932329772,0.9020647686963662,5.705735080392076,2.182481370077322,0.2031316635656946,2614
GSCX,0.2611111111111111,0.7951987357531664,0.8765196825183303,5.229569667350064,2.5759846391669123,0.2117482263938589,2614
PID,0.3025,0.8464935161375655,0.9024181943351296,5.581868133508007,2.4190068906273745,0.2032513397458326,2615
GSCX,0.0144444444444444,0.4543374766334399,0.3516412212706099,3.076443662158015,1.2850095959388452,0.3525275058979131,2615
PID,0.3122222222222222,0.8669472451611814,0.9861613730569312,5.738275402316131,2.67517258361551,0.1954444596042119,2616
GSCX,0.0,0.313814325994013,0.2219346071618787,2.1053255333225454,0.7727337563675952,0.4514802113270369,2616
PID,0.6863888888888889,0.9330525437236163,1.948979236580668,6.154063642917587,4.525726363812676,0.1439439374238309,2617
GSCX,0.2741666666666666,0.8168549740673097,0.865853678682302,5.375714467487107,2.0704676517751257,0.2116784421833911,2617
PID,0.4247222222222222,0.8940509265998784,1.2031422832646037,5.932286230304532,3.4524381391994785,0.1772705662513315,2618
GSCX,0.2491666666666666,0.8196633750726141,0.8437651381281404,5.414901074222319,2.006700772506569,0.2135758960430067,2618
PID,0.2761111111111111,0.8319053721452622,0.8815467822176222,5.487015249900412,2.5893107201711745,0.2061285049917157,2619
GSCX,0.0,0.4683256373024366,0.338124663152355,3.175708762392062,1.1759990651126273,0.3526961620686454,2619
PID,0.6927777777777778,0.9325090321802074,1.75367389230388,6.15723441634732,3.7023428120000506,0.1505851443497486,2620
GSCX,0.0,0.4316756602402796,0.3120048097386053,2.9115137184401325,1.1909334354301442,0.3704525351612133,2620
PID,0.3530555555555555,0.8758967367967128,1.0678910461384497,5.804184651116796,2.9898250450699004,0.1882483033186199,2621
GSCX,0.0,0.3892307161599818,0.2925943164310441,2.6359684788642417,1.1886747283906247,0.3902838819234496,2621
PID,0.2236111111111111,0.8314660218774139,0.8577550694324952,5.479930886883489,3.354879934431769,0.2056824803912973,2622
GSCX,0.0033333333333333,0.38964257759492,0.2827565936383798,2.640114109711285,1.2273195876855847,0.3904689595780495,2622
PID,0.6694444444444444,0.9309156664830054,1.696550001474429,6.153518693476355,3.913146025704488,0.1520248826131729,2623
GSCX,0.0013888888888888,0.3521635798375301,0.2581058670135573,2.366001617958236,1.203317601746146,0.413859726525582,2623
PID,0.1369444444444444,0.6932045143129704,0.6287163983787637,4.712391020993188,3.0355735338248557,0.2407271773619636,2624
GSCX,0.075,0.6329172464673489,0.53632707837534,4.296163219194068,2.025333047828832,0.2705283953349253,2624
PID,0.3011111111111111,0.8629043047218212,0.951572432161686,5.696967469319458,2.4041185273252994,0.1992595292263135,2625
GSCX,0.1152777777777777,0.7229717001298125,0.6474021104324763,4.744307805144519,1.7707893391109757,0.2484003133583454,2625
PID,0.4475,0.8941241242989826,1.2424314710879338,5.8941467612848,3.196375289200973,0.1765833873571216,2626
GSCX,0.0,0.3818560308798846,0.2738344278726147,2.574833723923099,1.0299147178209285,0.4003467556876198,2626
PID,0.2313888888888889,0.8229579764128724,0.8239638361228425,5.413793635751229,2.586945346295514,0.2121637098974931,2627
GSCX,0.2461111111111111,0.8139101472658048,0.8495167155976041,5.373920458824149,1.953989710939692,0.2144914733313503,2627
PID,0.6747222222222222,0.9321256275195166,1.9743503384110035,6.168571098450433,5.223407447892062,0.1418083102594032,2628
GSCX,0.0,0.4012759822633896,0.2818369289489008,2.69755455270522,1.0304544801028117,0.390870294787943,2628
PID,0.3880555555555555,0.8806164255296971,1.0601050859841596,5.826150553381995,2.6584796415068883,0.1883729156540987,2629
GSCX,0.0,0.3887004062209843,0.2668536197640945,2.6214724830357614,1.014947362079309,0.3987617304537855,2629
PID,0.6197222222222222,0.9210145473021298,1.5042270412860608,6.086781193124222,3.218716715378677,0.1611487212678393,2630
GSCX,0.0,0.3799435231225578,0.2773723167249625,2.5710364273392488,1.1406771339521486,0.3979579758369891,2630
PID,0.4383333333333333,0.8860405582929732,1.1364174381964411,5.856302474095371,3.552120678328909,0.1797568248766126,2631
GSCX,0.1436111111111111,0.759900800774959,0.7138643630576397,5.057381065805759,2.121328030938677,0.2328039367700228,2631
PID,0.3780555555555555,0.8786756237988038,1.0347711762983,5.805164091058471,2.4500759060894,0.1909298973441992,2632
GSCX,0.0,0.3915174820888094,0.2703373940616723,2.643860617243439,1.0439225625615045,0.3961689003177635,2632
PID,0.6611111111111111,0.9279549266043524,1.7323647576478782,6.146465841839676,4.563229400152173,0.1496302046418924,2633
GSCX,0.0094444444444444,0.3937601801910989,0.2966730564612178,2.6618514211361224,1.427290378619534,0.3822776493885028,2633
PID,0.2694444444444444,0.8384330510018672,0.8461976014717801,5.53743194066135,1.9928879253432925,0.210313593141042,2634
GSCX,0.2475,0.7893994899971858,0.8483412068558719,5.201317035339768,2.654990797503474,0.2139053467541268,2634
PID,0.6369444444444444,0.9250726492617029,1.6147036153940415,6.109456754964041,3.986882649423392,0.1551316728419021,2635
GSCX,0.1519444444444444,0.6263774561140334,0.6169671950693792,4.254790858193693,2.8409811022022597,0.253641483415934,2635
PID,0.6436111111111111,0.9286748167687636,1.9511905369880616,6.12340584065824,6.133121549682834,0.1411036080143797,2636
GSCX,0.0775,0.5671855298956512,0.5050049738134644,3.837711553168505,3.1584730109179757,0.2769734189205201,2636
PID,0.6902777777777778,0.934658969311336,1.8136076904673923,6.176018347032677,3.749935162337476,0.1488662034108347,2637
GSCX,0.0,0.3864859292997491,0.2740137880385787,2.587853613504723,1.1169138315490554,0.3975965669949653,2637
PID,0.2961111111111111,0.8514594084981941,0.900353975889481,5.626645515971767,2.32598536337834,0.2033304969073565,2638
GSCX,0.01,0.4347795746932868,0.3392041514018679,2.948850790292647,1.2670220273336477,0.3619364737052328,2638
PID,0.0872222222222222,0.5917583222747064,0.468687676947825,3.794900456206233,2.130192514326437,0.2896109452717167,2639
GSCX,0.2527777777777777,0.8117801528144423,0.8643966118004025,5.380744276277084,2.268941183624544,0.2116649144697232,2639
PID,0.2619444444444444,0.861867869562115,0.8734642649041767,5.679789188305163,2.204149297280813,0.2056335444503768,2640
GSCX,0.2580555555555555,0.7957380917146458,0.8276346701946363,5.24820007131149,1.9786412200974912,0.2173514815206686,2640
PID,0.125,0.7126599221994593,0.6268529148624744,4.667130237258896,2.410838959732161,0.2464249026557299,2641
GSCX,0.0363888888888888,0.4830276213870942,0.3812115384261298,3.2838101272665305,1.4333275320253336,0.333954838965808,2641
PID,0.1813888888888888,0.8133608115392279,0.7698915702248746,5.344823424936861,2.050292942425122,0.2216800748719556,2642
GSCX,0.0138888888888888,0.3895546181690701,0.2801425262342109,2.622031681821063,1.33903230191915,0.3882379114985305,2642
PID,0.3572222222222222,0.8585900218105118,1.015830149654929,5.686475050553935,3.1206069119355964,0.1913604582680324,2643
GSCX,0.1588888888888888,0.7011368565553833,0.6752328624668641,4.57006763354926,1.9239632436827068,0.2470626789722603,2643
PID,0.2722222222222222,0.8631224919493793,0.8902155064136685,5.696870913677732,2.4455285696681504,0.2029536803469522,2644
GSCX,0.01,0.4071102838979609,0.2992975149554828,2.718635033297672,1.3899963858779565,0.3786804823975406,2644
PID,0.6972222222222222,0.935650087329668,1.7905342650823015,6.176118154391069,3.7430114557213536,0.1492836954366313,2645
GSCX,0.0694444444444444,0.5734138134227502,0.4839131296738188,3.9139722696823274,1.9460732564412195,0.2887499395449862,2645
PID,0.7294444444444445,0.9412610362754584,1.9618235553257544,6.219198733506997,4.7782124720242445,0.1416205351051071,2646
GSCX,0.2822222222222222,0.8150324097966172,0.8638779621191174,5.366493550390666,2.074657243063677,0.2115737538942122,2646
PID,0.2630555555555555,0.8331711650696275,0.8559162114854516,5.483285472734979,2.0205977262646617,0.2109209798002022,2647
GSCX,0.0,0.4520610019943031,0.3264803002616284,3.068853316010041,1.1535540730898,0.360349851057633,2647
PID,0.2536111111111111,0.8297850857954743,0.8523028303592757,5.472271463945514,2.227425655243098,0.2106534349762528,2648
GSCX,0.0052777777777777,0.3457496684598096,0.2556168699315762,2.348389044328175,1.2719017397306784,0.413803138638081,2648
PID,0.2761111111111111,0.8618703623214996,0.8884421853413084,5.692093729091493,2.205481073174912,0.2041595586068825,2649
GSCX,0.0261111111111111,0.4715837275732137,0.3601578586211833,3.1869175528637164,1.491032154476298,0.3414318189451262,2649
PID,0.2805555555555555,0.8515151199492603,0.8729844229029512,5.612675534947135,2.0458145632976072,0.206869969237553,2650
GSCX,0.0097222222222222,0.445730091369457,0.3278518793721118,3.0059946028219167,1.4244826152828751,0.3579131558595024,2650
PID,0.4875,0.9010760003153386,1.2986544194031022,5.938566951395959,3.620513691287397,0.171395346075563,2651
GSCX,0.0,0.3391014579470855,0.2429731257777301,2.2658134474247382,1.1270354821012136,0.4258680681660738,2651
PID,0.5263888888888889,0.901890871994016,1.3758023850793046,5.965828826016174,3.604056808132973,0.1676122986335255,2652
GSCX,0.2519444444444444,0.8175884450384845,0.8482858848500521,5.394495859280232,2.2138526355821466,0.2124626518647296,2652
PID,0.6561111111111111,0.928390202477655,1.6497118518914142,6.133680410975548,3.771903489364824,0.1541310282531719,2653
GSCX,0.2305555555555555,0.810920840176799,0.8261313648227464,5.340568045195292,1.975131591669801,0.2168995533696584,2653
PID,0.3025,0.8462938308677656,0.9175053247905486,5.576221978643383,2.451537550819144,0.2024926734797102,2654
GSCX,0.0036111111111111,0.3880734189604859,0.2869900069289924,2.619026999622526,1.2347531729126084,0.3908138443207286,2654
PID,0.2377777777777777,0.8439724082072692,0.8719907198783512,5.564885208474835,2.750725857371724,0.2059922282607912,2655
GSCX,0.0044444444444444,0.4190445216182188,0.3082183115291497,2.8002316749456533,1.24892443261314,0.3756564634265062,2655
PID,0.1669444444444444,0.7673485599224932,0.7116858382018649,5.20031326872269,2.061421560858415,0.2292218449125785,2656
GSCX,0.1744444444444444,0.6649561497026667,0.6435183578055791,4.499865241623889,1.9667296486294683,0.2504692982000205,2656
PID,0.2983333333333333,0.8479350812141097,0.9043171503877184,5.578383080896475,2.1629649859429976,0.2046394689061463,2657
GSCX,0.0,0.3584058327609285,0.2448662918931007,2.40418236590579,0.8758051873354629,0.4206636733050709,2657
PID,0.6522222222222223,0.928169149989202,1.65166470859313,6.138554811373603,3.8374523138225913,0.1539475702230862,2658
GSCX,0.0,0.3263461296468034,0.2343693505795139,2.183116210406866,0.9200981505392342,0.4387572735065668,2658
PID,0.4194444444444444,0.8787502642163568,1.1485415432004351,5.8488963948742505,3.0115946309433177,0.1822561647630264,2659
GSCX,0.1861111111111111,0.7745946282133022,0.7539424688312881,5.102748714840278,2.055162392048556,0.2274486408713463,2659
PID,0.2983333333333333,0.8332892942778113,0.8897066950781645,5.482224902315472,2.4637678789982465,0.2054897937522612,2660
GSCX,0.0,0.4713280987503784,0.3418501262525726,3.165721443288915,1.1184006197468093,0.3533140230017595,2660
PID,0.5358333333333334,0.9108869486193354,1.3467145337919162,6.027317875689269,3.4804042423464447,0.1679450584910839,2661
GSCX,0.1983333333333333,0.773235629201278,0.7600479843607284,5.09754651012493,2.197191301883544,0.2257261754605865,2661
PID,0.2994444444444444,0.8685820895845943,0.9050943625503978,5.727237954930688,2.154090233810208,0.2020637050767455,2662
GSCX,0.0141666666666666,0.5452714079888566,0.4184734971000301,3.600683616452629,1.3645791064952957,0.3180814947106574,2662
PID,0.3769444444444444,0.8817726774527589,1.064606494535148,5.83372834930757,2.914944541765902,0.1873919839615349,2663
GSCX,0.0097222222222222,0.398674171903159,0.2909118481996626,2.6875552199846746,1.3503175099639717,0.3828760874065942,2663
PID,0.2691666666666666,0.8540272775727307,0.8706184936574378,5.630153996882112,2.063610041522618,0.2070673585111944,2664
GSCX,0.0397222222222222,0.5014554300986395,0.4080990302132519,3.3933725570026247,1.8136957682700248,0.3205528910477328,2664
PID,0.2322222222222222,0.844379639022037,0.8716969065715258,5.558464768842791,2.6673151057930493,0.2067568067034604,2665
GSCX,0.2288888888888889,0.7876443632878986,0.8056058125705484,5.194922774886465,2.49246447649623,0.218016254834188,2665
PID,0.3588888888888888,0.8808379078063627,1.0568519315218088,5.82496499736965,2.95492086508494,0.1882838022286205,2666
GSCX,0.0208333333333333,0.5132527350802857,0.4036858158437608,3.4866402345687533,1.277809026767951,0.3257846184602112,2666
PID,0.6280555555555556,0.921667438818488,1.701753213099597,6.078146429450472,4.202206827302686,0.1527568679568931,2667
GSCX,0.1933333333333333,0.7363194171634014,0.736868818248707,4.8195357754885535,1.947220717044904,0.2349769386652983,2667
PID,0.5872222222222222,0.9179535069243476,1.5550035421609376,6.063474617786478,3.816632552694993,0.1589568054173935,2668
GSCX,0.1772222222222222,0.6812894938866457,0.6682133077923366,4.426817312579708,2.026497760174853,0.2492893431622521,2668
PID,0.6980555555555555,0.9353160809002607,1.7964304772785618,6.178339307619998,3.8775449193348233,0.1487487523085633,2669
GSCX,0.0025,0.3750760913527805,0.2700024526272084,2.5339653576228414,1.2161751074587626,0.399821547319056,2669
PID,0.2816666666666667,0.8504910055541943,0.899355524967117,5.610677794523429,2.238893722396228,0.2046629099261408,2670
GSCX,0.1691666666666666,0.677938387239912,0.6663654179432662,4.4315608769623696,2.085626816741312,0.2494659915015101,2670
PID,0.2266666666666666,0.838752932686017,0.8290423710593915,5.535060631496982,2.1119360542036145,0.2124605728544687,2671
GSCX,0.0,0.3442322040131628,0.2545158728171441,2.314323486161995,1.1550359380803914,0.4195529313001193,2671
PID,0.2722222222222222,0.8568731846745877,0.8706017642250629,5.651160498440562,2.0071919509787217,0.2068574782918762,2672
GSCX,0.0,0.3243260433715727,0.2292311767335531,2.1629154494337204,0.9174429047440672,0.4414592830781624,2672
PID,0.6083333333333333,0.9173033994847324,1.5367249352774166,6.056246137143085,3.44675027832966,0.1601328853575123,2673
GSCX,0.1677777777777777,0.7046509569073515,0.671475533350796,4.776088956313696,2.3469210423463687,0.2394202894583217,2673
PID,0.3594444444444444,0.8788702970300849,1.0367358123831631,5.802065262743009,2.811043094906046,0.1899914955693522,2674
GSCX,0.0,0.3285683203821045,0.2309985651471409,2.199359956099103,1.0002760751730777,0.4363452407802171,2674
PID,0.6797222222222222,0.93358557998792,1.798641551104761,6.170135995291928,4.287492714915852,0.1480957515734242,2675
GSCX,0.0,0.4614663587528723,0.3273947734640435,3.1065236319525957,1.020103298914806,0.3600373284726012,2675
PID,0.1669444444444444,0.7438588232136145,0.6680970951773398,4.87512915316592,2.1293900087652777,0.2381854239296997,2676
GSCX,0.0,0.3052426314010052,0.2175399779390685,2.060509344769095,0.9663577137746376,0.4517131400240036,2676
PID,0.2863888888888889,0.8468531779905033,0.9194508793679464,5.590701476742944,2.6837128708542304,0.201708070083435,2677
GSCX,0.0,0.3327604644992493,0.2314497665449464,2.2331615660766366,1.0004335908836484,0.4336521846835127,2677
PID,0.1852777777777778,0.7923171648893537,0.7358503640801048,5.19757633782114,1.991655587733558,0.2267879015795353,2678
GSCX,0.0594444444444444,0.5673734341768304,0.4712926823959539,3.845912649672183,1.6011362235880588,0.2966135440647238,2678
PID,0.6905555555555556,0.934432250385244,1.8109569742341671,6.174740698777554,4.348279781031345,0.1473610098570785,2679
GSCX,0.0247222222222222,0.4686105795875975,0.3663696232244617,3.188844240648688,1.518830267046999,0.3404882762417722,2679
PID,0.6391666666666667,0.9237370434756258,1.636445724440991,6.099065193380049,3.9176929967766094,0.1548051213107376,2680
GSCX,0.0027777777777777,0.4057988408644558,0.3013053484109625,2.7448510033731037,1.2161662708131489,0.3811758671808151,2680
PID,0.3491666666666667,0.8864659432749479,1.023085373472979,5.875308013826412,2.6428734327185586,0.1905860817311181,2681
GSCX,0.0858333333333333,0.6422572292589951,0.5519578637254581,4.213391259711286,1.684272310242923,0.2733134788514401,2681
PID,0.46,0.8971020729252438,1.1484815781681272,5.919568438317209,3.076977939882197,0.1795940894310635,2682
GSCX,0.0,0.3445277184130372,0.2422512183216948,2.297694180878973,1.081875532902433,0.4245325759233498,2682
PID,0.4513888888888889,0.8957056285508472,1.2430281101574676,5.9091805154183845,3.546648642589246,0.1749598094445214,2683
GSCX,0.2758333333333333,0.8133553980394369,0.8692209449847984,5.361817609377407,2.0639273086989327,0.2117614986655512,2683
PID,0.2569444444444444,0.844632759249818,0.8670351784970526,5.563189416197123,2.013241333327098,0.2092280824896441,2684
GSCX,0.0086111111111111,0.4703876196676181,0.3514411809510058,3.164359614591622,1.3185043226603654,0.348114601573494,2684
PID,0.455,0.8925781778151881,1.1875171511740166,5.95161712749516,2.80512256843059,0.1791276920536083,2685
GSCX,0.0,0.3278303531615796,0.2288058509933117,2.195407405096776,0.9805300312041844,0.437585765885547,2685
PID,0.3188888888888889,0.8538529068434613,0.9536124380126278,5.632313126207281,2.571953197839892,0.1987265461155119,2686
GSCX,0.0,0.3469624376978801,0.2415348612206751,2.3337437342740497,0.8559393061073375,0.4271050303157702,2686
PID,0.0047222222222222,0.6400638531627416,0.4232243653346598,4.263955899879165,1.2630665827026055,0.293923112067823,2687
GSCX,0.0,0.3789640516588541,0.264749563146344,2.54568004316171,0.9517766758779854,0.4053572732412449,2687
PID,0.2686111111111111,0.8612385089005608,0.8711263948193213,5.684966842936871,2.528898029884201,0.2037650220199304,2688
GSCX,0.0,0.3325371832215934,0.234236805775041,2.228034452963755,1.020149717673912,0.4329881095323735,2688
PID,0.7066666666666667,0.938379206704859,2.02952446540145,6.200111305658108,4.88663919318635,0.1404918643421543,2689
GSCX,0.0141666666666666,0.3812026342811704,0.2769437084805732,2.564664889677035,1.381430540713006,0.3915809611405783,2689
PID,0.1388888888888889,0.6334214097303219,0.5584083106759975,4.211853368565439,2.048899906796281,0.2660852290861762,2690
GSCX,0.0,0.3456863303343125,0.2391661566349038,2.317022934806316,0.835426637771397,0.4292120254352081,2690
PID,0.2694444444444444,0.8297912545290018,0.8916843954508984,5.450376633090678,2.790940589560729,0.2054971289048382,2691
GSCX,0.0083333333333333,0.5477617759168406,0.4120154345298318,3.720538976474756,1.259564577004518,0.3163176074021266,2691
PID,0.4547222222222222,0.894108222596295,1.1714383248226194,5.892111727149697,2.957366972687656,0.1797663541163538,2692
GSCX,0.0,0.3851715518878617,0.2702780558571337,2.6079047364247057,1.0122289466215422,0.399222762603488,2692
PID,0.2602777777777778,0.8589543098199663,0.8724660900800363,5.665124138976061,1.976253573424947,0.2071910290298977,2693
GSCX,0.0,0.4035157215403526,0.2922197287359884,2.7109013155112147,1.1699355422188602,0.3857680146647452,2693
PID,0.5830555555555555,0.9144115040336586,1.5659735534356725,6.042683073968678,4.390106095724751,0.1572608073903223,2694
GSCX,0.0233333333333333,0.4718114924862593,0.3794142182780442,3.2103678019817727,1.3796444402532424,0.3398828522653371,2694
PID,0.675,0.9308393825128812,1.834590305920866,6.148610581433956,5.116640288111607,0.1453924211928047,2695
GSCX,0.0138888888888888,0.4546550656532057,0.3447802184000182,3.083045151715867,1.398994350781327,0.3515325194281797,2695
PID,0.3011111111111111,0.8604566824164097,0.9402377370847336,5.677863024482367,2.6416273316291914,0.1989327074301569,2696
GSCX,0.2591666666666666,0.8024967689707089,0.8365595723800995,5.285161382250596,2.1838775835738136,0.214943863053315,2696
PID,0.0,0.5711372278077836,0.346093447424761,3.798678323139433,1.0213844320110728,0.3236436485886141,2697
GSCX,0.0230555555555555,0.4631023624964518,0.3431791061975609,3.133634170592743,1.341062087433704,0.3488394752545509,2697
PID,0.6991666666666667,0.9342709876677951,1.7963985924622496,6.174969786158492,4.145790949030821,0.1480524864606606,2698
GSCX,0.0,0.3156655094285815,0.226703308519364,2.1222835900599324,1.1896014974936704,0.4391792599863889,2698
PID,0.6475,0.9241895894071454,1.67626230035341,6.12772041964836,4.275920722360766,0.1523209181129584,2699
GSCX,0.0355555555555555,0.5002249409311317,0.3872504958494261,3.4021827592594773,1.7667090285847828,0.3236873034859902,2699
PID,0.2322222222222222,0.8047053938003923,0.8305593190590557,5.316915615723003,2.9961995028620256,0.2114871662670662,2700
GSCX,0.0,0.3838034052540046,0.2703846977954678,2.5880512472187025,1.0715423543155898,0.3992752803921716,2700
PID,0.2636111111111111,0.8381805249280369,0.8770855657620874,5.517509254145383,2.250338295525942,0.2080405464266055,2701
GSCX,0.0,0.3419983442720944,0.2395923305779667,2.2881817678669747,0.844517851217364,0.4310982965563684,2701
PID,0.2869444444444444,0.855241384473768,0.9153816444611604,5.654727430770268,2.44837067728594,0.201951580977818,2702
GSCX,0.0469444444444444,0.5343234069852958,0.4286252112940727,3.6161007416750586,1.9364258554600555,0.3070419388026607,2702
PID,0.4786111111111111,0.8939174183519026,1.2316854549641525,5.895332288528484,3.108911880363756,0.1762995669801153,2703
GSCX,0.0,0.3704739495726116,0.2644727690785234,2.4967904755728783,1.1441401533677946,0.4050539704845836,2703
PID,0.0205555555555555,0.6286867776053964,0.420207486100724,4.212759620636648,1.430300259253363,0.2931008682055708,2704
GSCX,0.1216666666666666,0.6702147583834848,0.6018855503423732,4.421143625970962,2.0882192084205493,0.2575113493595911,2704
PID,0.6958333333333333,0.9356996834072931,1.81375343527252,6.181654226727136,4.265344509534702,0.1473307942220032,2705
GSCX,0.0,0.4362162426210494,0.3063256219902489,2.9279641226686826,0.9647964849495232,0.3739969614909418,2705
PID,0.2863888888888889,0.8468149118636477,0.885299474868617,5.582352469298995,2.4470733392741053,0.2045509649673536,2706
GSCX,0.0302777777777777,0.6211288838791577,0.4931411433210451,4.229246496735691,1.54406039983458,0.2842714412408895,2706
PID,0.2638888888888889,0.8517773730483124,0.9277146230085456,5.638401025400393,2.7597194522242576,0.2011149213838868,2707
GSCX,0.1427777777777777,0.6847371940620693,0.6370245273405871,4.469279438269558,2.0007589023013264,0.2527821604703384,2707
PID,0.7111111111111111,0.9375297150251726,1.8365918936476429,6.20522227696091,4.570802382911729,0.1454847078992388,2708
GSCX,0.0391666666666666,0.5940184462926045,0.4845767492368136,4.023126892744608,1.5875670582254846,0.2908573203277738,2708
PID,0.1888888888888888,0.7549475918271097,0.7104457911209201,4.935273276198542,2.2070796655957454,0.2324337668216734,2709
GSCX,0.0,0.4230349406119852,0.2993517220147318,2.8437345221567045,1.1975695775114137,0.376128189515829,2709
PID,0.5772222222222222,0.9178851201860564,1.4889350341069616,6.060728178882727,3.918586365373132,0.160782449972297,2710
GSCX,0.2152777777777778,0.7698872654026536,0.8164240791262081,5.083984972413443,3.535330187394121,0.2144345365833128,2710
PID,0.2752777777777778,0.8686688459924112,0.9004550347214685,5.731067470211783,2.499068338932747,0.2015137262987683,2711
GSCX,0.1394444444444444,0.7339601978991208,0.6927540237722916,4.814040592420675,2.346103326170375,0.2381971770648347,2711
PID,0.2533333333333333,0.8335858954239567,0.838524428858891,5.486524482071351,2.26496194254612,0.2108413411679598,2712
GSCX,0.0475,0.5687107102676294,0.4653128703659522,3.845242985128826,1.5410314662030364,0.298862279321206,2712
PID,0.705,0.9386241915586412,2.2900170378592914,6.1913685622478765,6.172060225815731,0.1323797428851553,2713
GSCX,0.0022222222222222,0.4437252989411642,0.3240404070893292,2.9839859997631297,1.2113221698550394,0.3638881987703452,2713
PID,0.7144444444444444,0.9372069431257942,1.9976824188758735,6.200616186598782,4.662689153452165,0.1415753481052002,2714
GSCX,0.1775,0.7877340118799382,0.7594124121298937,5.2072598772690375,2.0613569523740862,0.2253654314547297,2714
PID,0.6316666666666667,0.9264860066263868,1.6445101159051168,6.119843785002231,3.786558175784167,0.1549455808709733,2715
GSCX,0.2072222222222222,0.8029761401934891,0.7797876600059107,5.305261495707125,1.8052986837587293,0.2222318385956568,2715
PID,0.6786111111111112,0.9334399685010102,1.9317985141860103,6.172847119699908,4.615926487442368,0.1441328185159559,2716
GSCX,0.0,0.3169446995389897,0.2262959911659708,2.1312032833064083,1.0991979373073717,0.4406498408829168,2716
PID,0.3041666666666666,0.8599304786314333,0.9271545755874968,5.667999267978303,2.5724728998547715,0.1998600217592739,2717
GSCX,0.2147222222222222,0.7956873043592565,0.7993829290152099,5.248353202482608,2.5905319749606117,0.2173964940291428,2717
PID,0.4727777777777778,0.894061904530091,1.268084529824226,5.889985401910427,3.7929987021617846,0.1728114575170037,2718
GSCX,0.2708333333333333,0.8199337014664145,0.8905403860565164,5.392753625120444,2.360306080304297,0.2087639776647686,2718
PID,0.2877777777777778,0.8485973049577151,0.892768317295812,5.5911032983046,2.0329750508029725,0.2060778594806887,2719
GSCX,0.2119444444444444,0.7753469981097587,0.8041791454586719,5.089296492777643,2.352810934572667,0.2217767595394233,2719
PID,0.2866666666666667,0.8580780429971298,0.9211966307477772,5.65801150772189,2.270469541490161,0.202475118513978,2720
GSCX,0.1255555555555555,0.7335630133428961,0.6599602554584267,4.8177975360704215,1.5726712506822926,0.2465139913978846,2720
PID,0.5283333333333333,0.9112438121410446,1.461951391541082,6.017584302864132,3.9007113642010864,0.1633778848429077,2721
GSCX,0.0,0.4468254785025989,0.3248043455197857,3.0357657893119283,1.1318202397858912,0.3627535270229802,2721
PID,0.3752777777777777,0.8789675796158349,1.0749666655228562,5.799563407714471,3.250604835722384,0.1861089648220494,2722
GSCX,0.0275,0.4764662809213584,0.3836254406166925,3.2205865865376637,1.7658765365562332,0.3329994125371844,2722
PID,0.4683333333333333,0.8830244702916462,1.2831790386354542,5.8348242404154975,3.341626696556543,0.1748137148938867,2723
GSCX,0.0,0.3609952913316101,0.2493342625698834,2.4139048638368585,0.92064955972208,0.4180496761222541,2723
PID,0.6983333333333334,0.9359411486959006,1.8156524155209668,6.183862590748421,4.202148964647951,0.1473766740567899,2724
GSCX,0.0022222222222222,0.349345160570047,0.2558064884159979,2.343083927015188,1.214184535740815,0.4155246317601256,2724
PID,0.2572222222222222,0.8226133335210604,0.8442842710618437,5.433285562550406,3.142659944229983,0.2068303634114134,2725
GSCX,0.2522222222222222,0.8026326643854029,0.8549614566207996,5.28879200229132,2.409883374245064,0.2130321238984642,2725
PID,0.255,0.839791237271213,0.8630050027905009,5.552416434334734,2.220212980804914,0.2086818812214977,2726
GSCX,0.1052777777777777,0.6682901558495685,0.5969968696248895,4.540322613055395,2.555294755693243,0.2526239296171003,2726
PID,0.5455555555555556,0.9102817333070576,1.4485345693824103,5.997086968536538,3.9653520008001575,0.1633081517571756,2727
GSCX,0.0794444444444444,0.6180515219722954,0.5454259765570443,4.153455554404474,3.050515998839902,0.2647388337179694,2727
PID,0.3519444444444444,0.8616793792577723,1.031856294309233,5.68208763287337,2.884553151315928,0.1919526117767613,2728
GSCX,0.0,0.3911322708659958,0.2702059760670163,2.6268883803784138,0.8869258585633847,0.4001475533341403,2728
PID,0.275,0.8594644263709493,0.891955184466009,5.676955654973434,2.1292360402971444,0.2046935201163458,2729
GSCX,0.2788888888888889,0.8128610255571819,0.8704263228209175,5.349604267260255,2.136298624605172,0.2113779404238114,2729
PID,0.2530555555555555,0.8524077789821334,0.8577403180586732,5.625943834108673,2.0878872549046057,0.2083428728982261,2730
GSCX,0.1872222222222222,0.7828304152795471,0.7697598694219672,5.14916084514235,2.2230722872206368,0.2244564751575972,2730
PID,0.2447222222222222,0.8422109494116602,0.8636209623467406,5.537643512190508,2.599748101993149,0.2073035009542474,2731
GSCX,0.005,0.3408681027009663,0.2408151156485204,2.2961506075321667,1.260477175143479,0.4204865686506284,2731
PID,0.2994444444444444,0.8235396727151338,0.8984446286482842,5.423295060366024,2.6203209719799108,0.2053001023166085,2732
GSCX,0.01,0.3598325085990621,0.2613009022237615,2.425395200772503,1.4053354982035748,0.4037330447045831,2732
PID,0.6786111111111112,0.9329262907765016,1.858310396246637,6.173512259737663,4.600534318349538,0.1458712005591872,2733
GSCX,0.1222222222222222,0.6855624219990681,0.6325478239161466,4.612835518006735,2.01986489302315,0.251041562852711,2733
PID,0.3530555555555555,0.8809094191040978,0.9999012748083798,5.828965372648305,2.285310467261484,0.1936584100766263,2734
GSCX,0.0,0.4576728523156462,0.3235177910246914,3.086347337132423,1.0624169792811908,0.361071579095688,2734
PID,0.2622222222222222,0.8561789955659106,0.8714406512975286,5.65147976247282,2.5972662561229374,0.2042576546359906,2735
GSCX,0.2644444444444444,0.81407520427042,0.86556320315767,5.364820593335816,2.443446483340188,0.2103580915154763,2735
PID,0.4063888888888889,0.8616860962265678,1.138376207838842,5.663415903902944,3.1424311251567474,0.1849916714887173,2736
GSCX,0.0025,0.3443854033864571,0.2507309280087792,2.3245101163823043,1.2132787166882637,0.4179816650122141,2736
PID,0.4808333333333333,0.8899704983557091,1.2121475478531536,5.881561291697407,2.845966153809682,0.1781024862903203,2737
GSCX,0.0013888888888888,0.3313104638425707,0.2366325997000308,2.2302383388074487,1.2052953050169464,0.4280834173028815,2737
PID,0.2663888888888889,0.8524948743691488,0.8850167907449066,5.6208718862258,2.190818491216148,0.2060269716403223,2738
GSCX,0.0,0.3677376191873508,0.2673097425406532,2.483298304949956,1.124764160152694,0.4059020180697116,2738
PID,0.2411111111111111,0.8500145410843505,0.845823026804961,5.601623772752134,2.512859954883858,0.2076353972630636,2739
GSCX,0.1844444444444444,0.7824105823427027,0.7632730842332017,5.158760135898302,1.977015356035137,0.2262987431682058,2739
PID,0.3819444444444444,0.8646395740653198,1.110731105774106,5.716751467102252,4.23637429510999,0.1817499628610446,2740
GSCX,0.0013888888888888,0.5649683704798033,0.4206750698201926,3.8263285944597674,1.2040720403658585,0.3122978958982711,2740
PID,0.685,0.9350800570210608,1.8319954018383648,6.182742712368288,4.008723105942224,0.1477980815009204,2741
GSCX,0.0,0.4366715343063537,0.3015396066807947,2.9572955710590607,1.108062968498125,0.370890060991236,2741
PID,0.25,0.8359110029595128,0.8624734488096126,5.516120341856412,2.395106937564142,0.2086403956114847,2742
GSCX,0.0166666666666666,0.4917816499771764,0.3864185760389944,3.3570063962736216,1.4221131597733676,0.3323766800512822,2742
PID,0.5386111111111112,0.9048911993384334,1.4513331957956648,5.972802593283486,3.874714288354352,0.1639955807611941,2743
GSCX,0.0,0.3814208820500345,0.2732500244449573,2.567497258796635,0.8976447934644863,0.4034607508212322,2743
PID,0.3233333333333333,0.8654090805113605,0.9442854848844552,5.7058967206844935,2.497966040079759,0.1980864362966855,2744
GSCX,0.0088888888888888,0.5527863349956248,0.4060689345193899,3.746130694998484,1.3286206928115043,0.3149706698970587,2744
PID,0.5872222222222222,0.9130705019582068,1.4822356047290368,6.025700906380906,3.831345779358501,0.1613600737501711,2745
GSCX,0.0,0.3974648893484577,0.2729079393256402,2.6709198248787787,1.090606803532895,0.3929654950287194,2745
PID,0.3569444444444444,0.8662989489477154,1.0200703193542375,5.732568345067375,2.618987084846589,0.1926955404896873,2746
GSCX,0.21,0.7646243152208289,0.7507595296354008,5.014249254601479,1.9877603759646625,0.2286532258697909,2746
PID,0.4127777777777778,0.8888140160695366,1.187733048147002,5.90662291184538,3.44726563578096,0.178563765207382,2747
GSCX,0.0,0.3922399169517001,0.2815454779555944,2.630938158890444,1.0737517736005164,0.3943394065911065,2747
PID,0.4580555555555555,0.8990659366301252,1.183542704350545,5.94621535853461,3.1963636744226576,0.1776428886139544,2748
GSCX,0.1441666666666666,0.6734787799498182,0.6260226264284114,4.531324362038917,2.35715630104365,0.2497078861242146,2748
PID,0.5913888888888889,0.9192917804180222,1.5797419588514363,6.080434974977423,4.409725033560704,0.1562474221596455,2749
GSCX,0.0,0.3508928467755153,0.249473503336994,2.3575987087699537,1.1421564190119808,0.4176165785419822,2749
PID,0.0991666666666666,0.6101395876152803,0.5146660528866411,4.15646434745147,2.466496852152695,0.2709583372483639,2750
GSCX,0.0,0.3203775591623845,0.2301496714149901,2.1478999940662007,1.1295813340196064,0.4377039402915779,2750
PID,0.4797222222222222,0.894874420604242,1.3028308693458015,5.896521073837985,3.589552552304118,0.1721153110309455,2751
GSCX,0.0961111111111111,0.6751417518371062,0.5851674439681175,4.419805576572769,1.501306546482465,0.2652029004609964,2751
PID,0.4261111111111111,0.8895241323738835,1.1256548822588095,5.8613349335879885,3.4105377468205678,0.1809840396230395,2752
GSCX,0.0086111111111111,0.417361904125399,0.3137925181005361,2.82959532598144,1.3668804796250973,0.3709226660424104,2752
PID,0.6622222222222223,0.9311349247043222,1.6644570111543937,6.1519470860952685,3.774140505931699,0.1534162580901873,2753
GSCX,0.0033333333333333,0.4002558755637567,0.2914123510231571,2.685382635552415,1.227585732243562,0.3859221357026409,2753
PID,0.0,0.6222493407225326,0.3835557006649819,4.143897057772038,0.99562349957358,0.3056456793741623,2754
GSCX,0.1911111111111111,0.7906496502422986,0.774602779234723,5.218654917462508,1.9853283546854692,0.2240276292962122,2754
PID,0.7169444444444445,0.9387109011762196,1.998028635260458,6.204033703720541,4.926973600125179,0.1408481556502537,2755
GSCX,0.0,0.3169955583140694,0.2215194917461055,2.1154981592205675,0.810737107865744,0.4496337675073706,2755
PID,0.2991666666666667,0.8653444516595106,0.9296992357559098,5.708396813818888,2.36775337015586,0.200267953775791,2756
GSCX,0.0136111111111111,0.3618170313872266,0.2685177643992443,2.4338609285339308,1.3864814740358395,0.401602003573522,2756
PID,0.2505555555555555,0.8411767713065041,0.8575446046009073,5.549753951745725,2.369601690806867,0.2083702212129044,2757
GSCX,0.0,0.3723905855772173,0.2741257777292876,2.516032116534924,1.0358969451955975,0.4041983282920599,2757
PID,0.2822222222222222,0.858312508924552,0.8747907173722896,5.65956535865065,2.074535805099912,0.2057390999076543,2758
GSCX,0.2469444444444444,0.7927096982263637,0.8445470680207539,5.220791564262197,2.141606522668991,0.2165938897556892,2758
PID,0.1372222222222222,0.5842877169209376,0.5205804000989273,3.96472357353912,2.3117887635763457,0.2748870323533939,2759
GSCX,0.0425,0.5476504571611537,0.4273768967617397,3.708614544235076,1.4640314567704662,0.3093335690333053,2759
PID,0.5038888888888889,0.9023678061229008,1.4206910946982605,5.998343769733538,4.455254115246279,0.1637528104290272,2760
GSCX,0.0,0.3391748150783293,0.242684583252156,2.2933839020226383,1.1887154809336495,0.4228487270755312,2760
PID,0.7144444444444444,0.9403333275628126,2.134238590859756,6.210277856080212,5.950135203478885,0.1356323860830838,2761
GSCX,0.0955555555555555,0.6100196265098993,0.557582538680841,4.149044116504368,2.2374286237926357,0.2699738786693493,2761
PID,0.7141666666666666,0.939556378437351,2.1350137911305747,6.203698269656179,6.031690903717666,0.1354907156871132,2762
GSCX,0.0,0.3729560783343769,0.2728006889023405,2.526377680829353,1.1249909438939774,0.402067900411049,2762
PID,0.2777777777777778,0.8517730945700966,0.9078397222271144,5.622144168806472,2.581929088984816,0.2025406162403851,2763
GSCX,0.0,0.4098650969324015,0.2941962385336167,2.758023512107457,1.114933875703671,0.3835597911409381,2763
PID,0.7502777777777778,0.9456502998393328,2.30156658570794,6.267263003960359,5.804738821218015,0.1316195698970508,2764
GSCX,0.2805555555555555,0.8261746321069586,0.8782253880749842,5.455631849685344,2.4445988838096904,0.2074170219556161,2764
PID,0.1269444444444444,0.6775658667269852,0.595909121066457,4.644828494594742,2.1084414693598434,0.2521399071639645,2765
GSCX,0.0,0.4086070406777666,0.300946646929758,2.764677973229339,1.1535367253922637,0.3815372335485152,2765
PID,0.6980555555555555,0.93483679775017,1.7198087775027984,6.174678723081312,3.570378423693013,0.1515127471979829,2766
GSCX,0.0713888888888888,0.5874572634415567,0.4973915262464607,3.991656672117167,1.9307849045429253,0.2847664722348555,2766
PID,0.405,0.8840130339875004,1.0783427586962582,5.849882841843628,2.802797279865348,0.1861234691604054,2767
GSCX,0.0183333333333333,0.4762355665293557,0.3585730100387517,3.2216449744097377,1.429316701032093,0.3417444158743632,2767
PID,0.6458333333333334,0.9271554786757308,1.6651681776378793,6.130297882675363,4.395817042214378,0.152257044771004,2768
GSCX,0.0,0.3443099352269189,0.2464296729539267,2.327381324998907,1.0539189787278405,0.4224639542786748,2768
PID,0.3577777777777777,0.8674318317620209,1.0114151610025457,5.752485667707893,3.041572939784938,0.1908747545734651,2769
GSCX,0.0363888888888888,0.4817428985431897,0.3695561523293115,3.275535764680472,1.4665957848835858,0.3353325892911827,2769
PID,0.5341666666666667,0.9025807535545716,1.3818256721914912,5.959044563548689,3.641321317403936,0.1671413369065916,2770
GSCX,0.0063888888888888,0.4037893283722359,0.2891242773343823,2.7473573760966388,1.301643345978272,0.381111638450088,2770
PID,0.1775,0.8053602244221579,0.734204466647487,5.2931174591157415,1.9771375242935345,0.2253579718356446,2771
GSCX,0.2630555555555555,0.8326162010888394,0.8954064989648313,5.4927842113954215,2.550329592295561,0.2061348187442804,2771
PID,0.2777777777777778,0.839954263268569,0.9055436796186076,5.549016487673402,2.9678002882725107,0.2020142008064788,2772
GSCX,0.0694444444444444,0.6438922712289473,0.5410101253480148,4.375580144242744,1.5733577794286149,0.2721411977270824,2772
PID,0.4402777777777777,0.8802694305067774,1.1265357489055188,5.833172316099149,2.6947738940126,0.1838042190480196,2773
GSCX,0.1911111111111111,0.780253559139455,0.764924050899998,5.13105273792977,1.9407131778423825,0.2266342517993236,2773
PID,0.2569444444444444,0.8493793674730687,0.8688522102288729,5.607647504925596,2.2898116260197523,0.2069383698482381,2774
GSCX,0.0016666666666666,0.4350769602941691,0.3294060040553323,2.950464815695354,1.2022622418901754,0.3653993079655553,2774
PID,0.2169444444444444,0.8304697329226152,0.8221278666757007,5.478192641563617,2.393657693309712,0.2127839388057426,2775
GSCX,0.0194444444444444,0.5225578381270569,0.4116779469983913,3.552524777779529,1.4977930555471584,0.3194316618526367,2775
PID,0.5338888888888889,0.903240839423982,1.5986114196272088,5.966306341812267,5.141718561331692,0.1561515933826295,2776
GSCX,0.0,0.3286119923673221,0.2351873660039258,2.19837876669694,1.068569006060076,0.4339821289906778,2776
PID,0.2022222222222222,0.7915826412337207,0.7245583730217415,5.333832953140062,1.976873494387242,0.2242396327457627,2777
GSCX,0.0488888888888888,0.5140942934650337,0.4099514731810977,3.497540469756428,1.5780252864300923,0.3179973655208306,2777
PID,0.1863888888888888,0.7684056857377107,0.7108549461128776,5.0298712239733625,2.074449858608439,0.2312940476588299,2778
GSCX,0.1338888888888889,0.6701170776709872,0.6335890642853176,4.363563570583744,1.9774468255035669,0.2566122290975671,2778
PID,0.6688888888888889,0.93090750880858,1.7355345310913035,6.139702875492352,3.818768889668573,0.1514226110722695,2779
GSCX,0.2422222222222222,0.7803372967336522,0.8305882343858801,5.135402676908703,2.4737658465434667,0.2173315900328884,2779
PID,0.17,0.6440760693386243,0.6063087979395244,4.192212492127979,2.499256902560612,0.2568080382671263,2780
GSCX,0.0097222222222222,0.3951238122449415,0.2951456970231178,2.674457968125482,1.414913579390923,0.3819654080970878,2780
PID,0.3905555555555555,0.8874641636857529,1.1143413712037515,5.864086192602269,3.508373961919387,0.1821783988476216,2781
GSCX,0.17,0.7483520763001085,0.7293769960354577,4.903913375155884,2.1690307643504694,0.2333326681718598,2781
PID,0.2513888888888889,0.833228788815873,0.827225861674001,5.491669280537961,2.1844356044605284,0.2118416601727422,2782
GSCX,0.2486111111111111,0.8157141765615739,0.840462201654913,5.383026248181727,2.3982807995036706,0.2122221361824259,2782
PID,0.4394444444444444,0.8877643366809687,1.2163524244787964,5.854889964594845,3.735685799747339,0.1762294696302137,2783
GSCX,0.2761111111111111,0.815741876531337,0.8614478999534294,5.379068647173715,2.0426545037539148,0.2119281552869062,2783
PID,0.4638888888888889,0.8825488238546038,1.2678172927066838,5.812494511202657,3.756520905275004,0.174192039471393,2784
GSCX,0.2275,0.802481559374846,0.8166009470480551,5.289733911381172,2.001612820905807,0.2184131860036345,2784
PID,0.2969444444444444,0.8677951614940886,0.9396654077065804,5.726401803704919,2.539627888425908,0.1988039875173078,2785
GSCX,0.2722222222222222,0.809089394928233,0.8487824653359313,5.3201002987305,2.1291673188799294,0.2133329535605936,2785
PID,0.3880555555555555,0.8893617466637129,1.0552159159124817,5.883448411004754,3.142930059676232,0.1856884559170887,2786
GSCX,0.1588888888888888,0.7107118898479907,0.686237703332836,4.648378973902054,2.011640960567824,0.2437894474246742,2786
PID,0.2916666666666667,0.8571009976633795,0.9110844781866928,5.659904893683426,2.353440357075132,0.2023089685537366,2787
GSCX,0.0122222222222222,0.3948685423180588,0.2903035719170687,2.654084683184246,1.3765600288703823,0.3841184184175611,2787
PID,0.5188888888888888,0.8832133786327707,1.3032040921337629,5.819217195294006,3.6239887000912137,0.1717780935281641,2788
GSCX,0.2311111111111111,0.8040446112586779,0.8483833579048664,5.32999093684348,2.8539711855677146,0.2112322205163731,2788
PID,0.2602777777777778,0.8426497768055036,0.8641275031079723,5.541451435719492,2.357904862795958,0.2077936319375952,2789
GSCX,0.1030555555555555,0.6204014378722749,0.5639903669718429,4.223549621846989,2.63523076275989,0.2633591797806005,2789
PID,0.4091666666666667,0.8606641583118954,1.1356815301655148,5.6719443776676055,2.958378418000718,0.1856699500520774,2790
GSCX,0.0113888888888888,0.5169047285148384,0.3789847715128853,3.4840521726148137,1.361752158212708,0.3285466512254197,2790
PID,0.7533333333333333,0.9442940144669172,2.1973013212258574,6.248384884529399,5.563059903185737,0.1342318096349553,2791
GSCX,0.2772222222222222,0.8136383848925591,0.8652553082256703,5.3564753168660815,2.005319282675271,0.2122896603315534,2791
PID,0.2469444444444444,0.8419125066416132,0.8595947874909169,5.56957129226792,3.030011322763784,0.2047371823210521,2792
GSCX,0.1547222222222222,0.7223145028099976,0.7122303655215473,4.727097342028369,2.863116515646376,0.2346715367024276,2792
PID,0.1394444444444444,0.6979533906850849,0.6397277955493026,4.730832775608854,3.4899149448899847,0.2363057670890623,2793
GSCX,0.0,0.3703068222447784,0.2794549953265087,2.5038888164975064,1.139406430937243,0.4020701106590871,2793
PID,0.405,0.8797835072028354,1.1612031106505505,5.806009253671464,3.674443787425069,0.1801392027883782,2794
GSCX,0.0380555555555555,0.5228523018725053,0.4184960008094477,3.539789208580478,1.7339310142148503,0.3143979183487391,2794
PID,0.3013888888888889,0.8647992861836548,0.9345016205098784,5.708846760981321,2.523533269169659,0.1992261772820963,2795
GSCX,0.0219444444444444,0.4724309949382643,0.3541448434791917,3.215349886538825,1.5801273965876623,0.3402418918847347,2795
PID,0.1541666666666666,0.7456797154531727,0.6742682704575825,4.866326318632463,2.0886322496621337,0.2389333412994436,2796
GSCX,0.0072222222222222,0.4125845472127689,0.2974603343142701,2.792617519930193,1.2551872906600392,0.3776249308800165,2796
PID,0.3,0.8510318879950179,0.9441689196103424,5.595880153891789,2.83175839615183,0.199206392705288,2797
GSCX,0.0019444444444444,0.3722141545621245,0.2721623434705969,2.4906580954988016,1.208670457725875,0.4023189373611527,2797
PID,0.2061111111111111,0.7973689502381065,0.76325093723293,5.23358679310571,2.119213115379953,0.2226891706767269,2798
GSCX,0.2738888888888889,0.806539238054883,0.8493313747502753,5.3251427564768425,1.9987016411440024,0.2139156301635472,2798
PID,0.2772222222222222,0.8361922309894059,0.8762298042314892,5.508638933944464,2.1899534933641807,0.2079789217862347,2799
GSCX,0.0,0.4181200474109394,0.298005661483926,2.823598637381038,0.9387760102653524,0.3821354879585537,2799
PID,0.6488888888888888,0.9306816191599672,1.910792143530016,6.157437681516651,4.817490935600976,0.144869397912839,2800
GSCX,0.2472222222222222,0.8111416081760202,0.8589155530649151,5.340949739585675,2.234555929619632,0.2130142244067044,2800
PID,0.6433333333333333,0.9309526707703611,1.886613281902174,6.158949289232272,4.793757408073294,0.1455938965925056,2801
GSCX,0.0,0.3554045312897243,0.2484142796713525,2.3890176371878544,1.1571138548331696,0.4152483198819878,2801
PID,0.685,0.934484494403056,1.8374634705635344,6.1793134445029,4.16455796019119,0.1472920105893241,2802
GSCX,0.0,0.370122865608208,0.2650422149944622,2.4986535133085312,1.0736556593147948,0.4062614419432679,2802
PID,0.2747222222222222,0.8529447490007598,0.8988889760427596,5.629643707977001,2.487389689477192,0.203409662876875,2803
GSCX,0.0166666666666666,0.4018052423666265,0.2956097955071577,2.6968220651016965,1.4023055039088002,0.3795334054506651,2803
PID,0.3394444444444444,0.8587071155722402,0.9714697988703548,5.671246257084321,3.063186232860569,0.1942880116065688,2804
GSCX,0.2283333333333333,0.8124520041600947,0.8533542111840136,5.362945955649205,2.8110502523838554,0.2106600968245996,2804
PID,0.2952777777777777,0.8552633254053866,0.9004227640803182,5.656223870028842,2.375092717254907,0.2026218950943234,2805
GSCX,0.2475,0.8092978198455665,0.8125522350204384,5.329833094591536,1.8278203205610728,0.2178520377742129,2805
PID,0.3183333333333333,0.860878167824796,0.9725951623005052,5.682462303840989,3.151718498622061,0.1944522306631338,2806
GSCX,0.2627777777777778,0.7998275762176078,0.8694098398896691,5.267045336994438,2.286262616474654,0.2129078177953724,2806
PID,0.2875,0.863008044970055,0.938604500672256,5.686856911731739,2.442709522251992,0.2003267877701188,2807
GSCX,0.2363888888888889,0.7842825186360365,0.8152984098448182,5.14547186133282,2.202221568062396,0.2197161875904235,2807
PID,0.2769444444444444,0.8522395844656993,0.8989367945251383,5.6178037084739145,2.228008456217133,0.2047973767420851,2808
GSCX,0.0069444444444444,0.3591051110335607,0.2646419749949347,2.4342644725324263,1.315064050106273,0.4049487706750155,2808
PID,0.4733333333333333,0.8996128671630453,1.2334220353612364,5.935766952041423,3.3690577500199645,0.1749252147490403,2809
GSCX,0.0,0.3744978034378097,0.2572288888135325,2.5193746455728987,0.8558595804638295,0.4105157610875562,2809
PID,0.2786111111111111,0.8352473260395341,0.8787265955942568,5.511063247226774,2.6776658883891384,0.2052855399193292,2810
GSCX,0.1330555555555555,0.6657167023723026,0.6299054442356578,4.5633926563810085,2.3506644154108742,0.2497009070135037,2810
PID,0.6805555555555556,0.931550435704888,1.7424040010280333,6.1648465460589374,5.157815021996834,0.1472096756375673,2811
GSCX,0.2969444444444444,0.8307688665383451,0.90524932109928,5.475709209116214,2.440670283251732,0.2050885191418846,2811
PID,0.2677777777777778,0.8618252976275395,0.8885679050849808,5.690978465414029,2.195823394618051,0.2045673704616726,2812
GSCX,0.0,0.3876593839749831,0.2791839545012158,2.6375112845768385,1.056875823759522,0.3950222267664804,2812
PID,0.3136111111111111,0.8575387290345248,0.9840062356245706,5.688340866746628,2.8893470922822204,0.1953296160323305,2813
GSCX,0.1113888888888888,0.6328314913158821,0.5720075561165322,4.313534368355937,1.983132886003398,0.2650351563985688,2813
PID,0.5219444444444444,0.9008781741638884,1.3639422927623894,5.958299843230034,3.550015619027853,0.1683761627874145,2814
GSCX,0.225,0.7750340962648665,0.8134081096971421,5.103885248208365,2.7623466062121773,0.2180380386533204,2814
PID,0.2966666666666667,0.8546168208507231,0.9125024189319432,5.638909039039942,2.4707988899337723,0.2018118291730563,2815
GSCX,0.0,0.4548988752680444,0.3206004307061384,3.058713788203528,1.1806939116484003,0.3610632219127817,2815
PID,0.4052777777777778,0.8566097057783433,1.0822535850404158,5.633135531602718,3.04508204499929,0.1880321885474112,2816
GSCX,0.1752777777777777,0.7693951864316881,0.7475552795188873,5.066838124851182,2.524042386702914,0.2262394889944032,2816
PID,0.665,0.9317316749939494,1.9632599112499285,6.167016944784496,4.822806145948366,0.1432447667913073,2817
GSCX,0.2513888888888889,0.7919563131089412,0.820868495782342,5.222893681110559,1.9387721110508984,0.2187518449117497,2817
PID,0.4144444444444444,0.8661161009431919,1.1590778457716406,5.726023645827346,3.317989266097456,0.1824335032171256,2818
GSCX,0.0119444444444444,0.3906983371421696,0.2869515150428928,2.6467799540448547,1.529340657583042,0.3826580554688322,2818
PID,0.375,0.8490409973873537,1.0571502734032945,5.604818435696511,3.075603902647419,0.1904510628933349,2819
GSCX,0.2561111111111111,0.7971125844869837,0.8261865968223198,5.240645352684611,2.194878598762404,0.2163926833534487,2819
PID,0.4472222222222222,0.8816156251187414,1.210806628644031,5.818737282208298,3.3730649143676006,0.1780258307881375,2820
GSCX,0.0,0.3394557034695226,0.2377987697840296,2.283391888396712,0.9956827275266488,0.4286321470890917,2820
PID,0.3027777777777777,0.8637329748684749,0.945211578151056,5.698055011524461,3.033588113523084,0.1964814039413092,2821
GSCX,0.0,0.3970918472139049,0.2787223660902976,2.668790571302684,1.0330564072036257,0.3931854044987116,2821
PID,0.3730555555555555,0.8841642229996698,1.049868540147307,5.842983430404758,2.868744540025836,0.1881439793709065,2822
GSCX,0.2191666666666666,0.7822358947376347,0.8342072825799414,5.1440779327356925,2.592542564614161,0.2173755581185193,2822
PID,0.5052777777777778,0.9037708208699105,1.3130496498658475,5.959445810745464,3.659256366838231,0.1700319948921619,2823
GSCX,0.0,0.351983071964158,0.2454163559489692,2.3560867912085297,0.8392985179307074,0.4248636002916834,2823
PID,0.6883333333333334,0.934252464630504,1.862255725937006,6.170617966204246,4.5439729625424095,0.1457254085117633,2824
GSCX,0.1075,0.6608293781730821,0.6135307746851596,4.534982663186391,2.047214882346092,0.2555801589013117,2824
PID,0.3191666666666666,0.8445309261188999,0.9329181710844888,5.562849618426925,2.768825916000928,0.1998132925419347,2825
GSCX,0.0019444444444444,0.3694936623948871,0.273523949611029,2.4887747440215966,1.2107303506804843,0.402341346675103,2825
PID,0.6747222222222222,0.9315937035846162,1.8546725967426512,6.161005926875244,4.637796247725854,0.1460500713785,2826
GSCX,0.0716666666666666,0.5850326414753283,0.4933094228444945,3.973105839641001,1.8388985609685504,0.2866293218451529,2826
PID,0.4263888888888889,0.8842944758074357,1.109573659897468,5.836078480131946,2.657870924943386,0.1849651312119413,2827
GSCX,0.0,0.3712084142509785,0.2659392206398737,2.512154644324568,1.055442150427297,0.4055998555643957,2827
PID,0.1341666666666666,0.6948042076214829,0.6018216670281614,4.671769901744451,2.304223766926458,0.2487278372359177,2828
GSCX,0.0069444444444444,0.4374622657853658,0.3234486727595638,2.970534478229569,1.25310008898012,0.3636819783306174,2828
PID,0.1741666666666666,0.789157470218327,0.7271905556292642,5.285824046372953,2.768468176640892,0.2216581398453718,2829
GSCX,0.0,0.3786497347669457,0.264742486469515,2.546593976986188,1.001800590428772,0.4043454065088082,2829
PID,0.7022222222222222,0.937570103808325,2.091407143902672,6.189618486230289,6.324358082563626,0.1360550498929059,2830
GSCX,0.0080555555555555,0.4883144385583358,0.3561340542053625,3.300225637350058,1.3473734218405409,0.3405636939708465,2830
PID,0.3425,0.8713992947320303,1.019968290358551,5.792700756864297,3.411126304279372,0.1889153815455689,2831
GSCX,0.0,0.3740188143066991,0.2713313767845862,2.525491308481325,1.0353875372080583,0.4040499635630568,2831
PID,0.2205555555555555,0.8199665098339132,0.8493668616011141,5.420986469062385,2.5861113199323262,0.211348454366722,2832
GSCX,0.0,0.3283693226672308,0.2331646169300936,2.200107855290782,0.9704464231155518,0.4365404252765931,2832
PID,0.2333333333333333,0.7868380687999154,0.8121025780910973,5.187386015663043,2.535916268898982,0.2173620853104227,2833
GSCX,0.0,0.3875169173029641,0.2687312057903951,2.584353680269486,0.8886539788876783,0.4030390425932556,2833
PID,0.4558333333333333,0.8984982592947194,1.2296995625775928,5.925938970484082,3.5972093284182987,0.1748688667307833,2834
GSCX,0.1111111111111111,0.655870858399857,0.5949615785855825,4.293197293627284,2.0010866100517823,0.2629184880935718,2834
PID,0.3033333333333333,0.8633398417662511,0.9538419472719748,5.697896471165007,2.517236802106282,0.1985153203841907,2835
GSCX,0.0025,0.4390463634197258,0.3165937196726171,2.949232364230797,1.2120613710712127,0.3668375014351206,2835
PID,0.5611111111111111,0.9082788797930984,1.410935197728027,5.993737007920058,3.793967491249252,0.1646104252178656,2836
GSCX,0.0058333333333333,0.344322249414931,0.2516463214015692,2.3168084958236514,1.2888184713229,0.4161238869426668,2836
PID,0.2077777777777777,0.7965583488229934,0.7970317770322211,5.243647228331382,2.5894410952825684,0.2179136599315861,2837
GSCX,0.0830555555555555,0.5699955022739717,0.4956922903500043,3.8792097877792746,2.199280133141546,0.2851885534361821,2837
PID,0.2827777777777778,0.8462437427812745,0.9190648501215386,5.575113573741469,2.6004473266722603,0.2025151479300277,2838
GSCX,0.0111111111111111,0.3478771400916609,0.2560119855359694,2.3313209306414966,1.3460408809358009,0.4120727016786739,2838
PID,0.2997222222222222,0.8504930228486499,0.911741390936776,5.620602743189357,2.203909633206039,0.2033743990670359,2839
GSCX,0.0686111111111111,0.67047788565305,0.564467397258215,4.45656107887481,1.8118073318091248,0.2653608398389374,2839
PID,0.5380555555555555,0.908400683050279,1.3722283041617105,5.991686785892553,3.545406391611574,0.1672569124201501,2840
GSCX,0.2588888888888889,0.8155432633629324,0.861981934921573,5.383492287683523,2.210556844765096,0.2117050624846228,2840
PID,0.3063888888888889,0.8485861957025328,0.9161043339871142,5.59049493948808,2.307000480666781,0.202861123635887,2841
GSCX,0.2180555555555555,0.7860882491426515,0.7999811092973007,5.173467866116307,2.1902478857056247,0.2209789461871045,2841
PID,0.2844444444444444,0.8591179017612469,0.9554563451396606,5.7120218375290746,3.3311963550396406,0.1952743343319562,2842
GSCX,0.0027777777777777,0.4541300106459577,0.3228913500826688,3.0544092717796816,1.218956862856548,0.3600185261656077,2842
PID,0.3847222222222222,0.8603453389106482,1.0535738009705269,5.672991376455896,2.8845134237069323,0.1900238469102673,2843
GSCX,0.1719444444444444,0.7108603823163789,0.6823714376287754,4.863632575496296,2.243644356677877,0.2373071004146914,2843
PID,0.2294444444444444,0.8205605194372573,0.792717896308717,5.41268161681977,2.172179985184881,0.2161794527039051,2844
GSCX,0.0088888888888888,0.4239732250965926,0.2995934038354654,2.8514488322184,1.3733257830154113,0.37146608944719,2844
PID,0.6669444444444445,0.930483014340989,1.6778350564778233,6.148737842952675,3.44820673520674,0.1539142688122574,2845
GSCX,0.0138888888888888,0.4307661841465522,0.3219118624979256,2.891084988008301,1.3436324151139276,0.3656370824020456,2845
PID,0.3013888888888889,0.8550636879211814,0.9269330950398303,5.644091830459844,3.0207499528236457,0.1982665127364702,2846
GSCX,0.0188888888888888,0.4015023891347776,0.2999829692890723,2.706728962053276,1.4293484742696032,0.3775831619729535,2846
PID,0.5552777777777778,0.9096039693129494,1.393096496675185,6.014761149263244,3.2616271586500223,0.1668455425628216,2847
GSCX,0.1088888888888888,0.6707050936860818,0.5955147798434706,4.429811172828322,2.113200354070982,0.258411929003973,2847
PID,0.2175,0.8269640551824771,0.8380776646068266,5.455450904690064,2.878082772015639,0.2098064805681576,2848
GSCX,0.1272222222222222,0.665084031005362,0.6134544912988332,4.515607307036885,2.1799642843606186,0.253590315958728,2848
PID,0.6025,0.919866392472145,1.549615686910828,6.070509773150169,4.229725211611299,0.1573994444098199,2849
GSCX,0.1463888888888889,0.691053879498078,0.6452965632265276,4.512627438451688,1.9160236850324168,0.2514754188641568,2849
PID,0.2766666666666666,0.8439561018926037,0.8428945159222685,5.570802066312346,2.0316783757609658,0.209327069623142,2850
GSCX,0.2538888888888889,0.8236996529179524,0.8706467591639789,5.434399063235481,2.5641071200736536,0.208681235632596,2850
PID,0.3608333333333333,0.8611871129898749,1.034446103114656,5.7030343719794,2.906302409702995,0.1911652385888801,2851
GSCX,0.0,0.351193213353221,0.2424624316207327,2.3533438870698067,0.8103467296915332,0.4263196831295173,2851
PID,0.3116666666666666,0.8471672217274516,0.939803057778546,5.590900543791486,2.6860676236670957,0.1997675271259437,2852
GSCX,0.0619444444444444,0.4958055971118747,0.4102355094828676,3.3737856871860337,1.674815075717353,0.3207061875150327,2852
PID,0.2797222222222222,0.8520939417018819,0.8860078266244722,5.626017871330779,2.2799495612678915,0.204898159865812,2853
GSCX,0.0044444444444444,0.3946554993498595,0.2901811613726503,2.675130896556461,1.2482094225222062,0.3865003705347979,2853
PID,0.3425,0.8582106725260769,1.003355142573239,5.6766301814890685,3.032924229399919,0.192932611033322,2854
GSCX,0.0,0.3516308134274564,0.2446332823251451,2.387291113762553,1.0016523372571011,0.4196249091720723,2854
PID,0.3091666666666666,0.8747643002066633,1.013858179171229,5.7763680699900295,2.8502500572691734,0.1929826331007359,2855
GSCX,0.1766666666666666,0.7535857339179207,0.7349540401328002,4.933732882166831,1.946022550836731,0.2333962543063381,2855
PID,0.3088888888888889,0.8324917218060904,0.9130638069885376,5.479265779311178,2.4459256416347763,0.2041176885370981,2856
GSCX,0.0,0.3751464580832807,0.2729462504607761,2.533758608703188,1.1968303846130874,0.4000813059882581,2856
PID,0.4416666666666666,0.8922651477261155,1.1843642726041403,5.877621636263126,3.353452462384488,0.1783940363709204,2857
GSCX,0.1966666666666666,0.7620564928453718,0.7797227470234155,4.988600290134983,2.7200912720632626,0.2237282532161624,2857
PID,0.5788888888888889,0.9128823045874914,1.5665617317312437,6.029288366932956,4.370348652721198,0.1575399420272563,2858
GSCX,0.0,0.4074563129227825,0.2869405979640806,2.7397199161278607,1.1352222807454522,0.3854873803606193,2858
PID,0.2875,0.8595211215542178,0.8878708275695689,5.661753653485014,2.1585131674236133,0.2044330165511587,2859
GSCX,0.0,0.360572188296449,0.2582061049667395,2.4304200775093863,1.1100865911007762,0.4114986519662843,2859
PID,0.3311111111111111,0.8520103917565459,0.962188444340734,5.628050743386456,2.4863241481292904,0.1983694139650195,2860
GSCX,0.0,0.3762248912028511,0.2632594824227154,2.524741691912863,0.938601130852083,0.4073023844067575,2860
PID,0.2636111111111111,0.8432519866921989,0.8512009854388181,5.561517073150505,2.0500346559168228,0.2095587840562214,2861
GSCX,0.2527777777777777,0.8152476241550949,0.866318547645386,5.374834873016476,2.255551012710434,0.2116649422522817,2861
PID,0.2419444444444444,0.8471001705969338,0.8636075958901214,5.580379175131715,2.3446751384146927,0.2080039242527054,2862
GSCX,0.0047222222222222,0.4358681309157811,0.3131717236622945,2.952642132693751,1.230202977515175,0.3667839190497732,2862
PID,0.3302777777777778,0.833106745070178,0.978659401535356,5.490131359623384,3.013174069045994,0.1974400702783978,2863
GSCX,0.0022222222222222,0.5129942471263074,0.3707892030407691,3.483299783424634,1.2061865017900495,0.3327969687643549,2863
PID,0.7088888888888889,0.9367453998029645,1.811104466653148,6.194707842059048,3.894155106975902,0.1479708989669476,2864
GSCX,0.0147222222222222,0.4836231116656789,0.3755860032121049,3.290238003062297,1.4486183793553316,0.336596668031938,2864
PID,0.7405555555555555,0.9426746991020584,2.0086024462489647,6.241326142135868,4.922339213072936,0.1398725285295902,2865
GSCX,0.0763888888888889,0.5835765296312185,0.4955233534961296,3.972203739243716,1.9532689842050013,0.2850027882310283,2865
PID,0.4647222222222222,0.900131008239046,1.178477354551075,5.955093256684677,2.828619661740017,0.1788965326020927,2866
GSCX,0.2430555555555555,0.7833337047871489,0.8141024225800128,5.162913203507645,2.1882426012971403,0.2192656865381949,2866
PID,0.6605555555555556,0.9302365428476408,1.6636678350643823,6.142010190367869,3.9293780828636464,0.15312937749323,2867
GSCX,0.0072222222222222,0.345968579631386,0.2459858486158602,2.324026999964422,1.2452761850294485,0.4173039056011306,2867
PID,0.6069444444444444,0.9233776454430064,1.4872645957237616,6.103426020333637,3.662997165864583,0.1604051395672938,2868
GSCX,0.16,0.7514464065776097,0.705661510059559,5.1200484931506285,2.170663481674779,0.2311136718605436,2868
PID,0.3291666666666666,0.8687035757031623,1.0022961823357657,5.726584893483101,3.042439926493115,0.1926037620625177,2869
GSCX,0.0,0.4331847636889725,0.3111018989608883,2.939611889953356,1.1275652968527818,0.3701897685447159,2869
PID,0.2619444444444444,0.8570009491189745,0.8774961773068884,5.648847616109667,2.0912495214079736,0.2065737009013045,2870
GSCX,0.2577777777777778,0.815491943853646,0.8592564872739854,5.368253202685059,2.173164305302239,0.2123322743743206,2870
PID,0.255,0.8371298078889268,0.8402574752974497,5.528944520436411,2.1941731418214405,0.2103304651134911,2871
GSCX,0.0191666666666666,0.5762425760993767,0.4441580305128692,3.91963463578925,1.4760899204233136,0.3015633733636474,2871
PID,0.0,0.6093024125675308,0.3765769362595928,4.080039897734012,1.1669801820530394,0.3070807632880675,2872
GSCX,0.0,0.3421804636164656,0.2448845366265078,2.291287810863929,1.0562583826602567,0.4251599562631974,2872
PID,0.3655555555555556,0.8628134659535734,1.0591287240029164,5.692767299423475,3.0360059692856147,0.1895500136276354,2873
GSCX,0.0163888888888888,0.3770309031926168,0.283394433810724,2.543873169029825,1.3302183534065433,0.3925003414737329,2873
PID,0.3847222222222222,0.8890333109985513,1.085490902995473,5.861366038626028,2.9901787023381754,0.1855588194392207,2874
GSCX,0.1675,0.7390618211077198,0.7025572759756417,4.847369963983135,1.8998560315326412,0.2382397115203821,2874
PID,0.255,0.8304714448919913,0.8647585882071291,5.466925341369245,2.3514596308388325,0.209400156352297,2875
GSCX,0.0,0.3171069909744637,0.2250840338957301,2.125311060730636,1.0198299881100072,0.443158486546918,2875
PID,0.1783333333333333,0.7735169817096441,0.7121173172209151,5.063211245456607,2.1696405855136005,0.230296635665768,2876
GSCX,0.0388888888888888,0.5914576137411904,0.4798268070224585,3.986511270348757,1.6223830420252128,0.2921568268517009,2876
PID,0.305,0.8503907693575231,0.9440325992403896,5.600960275806089,2.8324818598542367,0.1989516986273906,2877
GSCX,0.0263888888888888,0.5297976353959974,0.4170629636952583,3.6044816176315537,1.5642789868803886,0.3151741413447994,2877
PID,0.1855555555555555,0.7893113232103067,0.761094628373483,5.182170027028398,2.708819568944616,0.221397266490383,2878
GSCX,0.0036111111111111,0.4964954440414132,0.3636372979707967,3.3578395648987547,1.2304711488979256,0.3389904656284368,2878
PID,0.3386111111111111,0.8397647268955305,0.97071154716325,5.539584566815724,2.60937260984134,0.1985597566670758,2879
GSCX,0.2197222222222222,0.8146943668759198,0.8444323613170854,5.377579718881856,2.711038060071524,0.2117438315165863,2879
PID,0.1925,0.7944206763578073,0.7287059569956885,5.304153196775191,2.438950467952618,0.2221879790018554,2880
GSCX,0.0036111111111111,0.4053274945014984,0.2856424800342568,2.7243429104156784,1.23083695733928,0.3844031253115238,2880
PID,0.2919444444444444,0.8495510531136635,0.9394822692030148,5.607016689358672,2.873984884020236,0.1994015186020298,2881
GSCX,0.0761111111111111,0.5972950819111533,0.509503734995723,4.036169902488512,2.011635001349257,0.2809459370192276,2881
PID,0.2269444444444444,0.8351250766937051,0.8125149661751602,5.516141371298815,2.2137264796765144,0.2130917679925894,2882
GSCX,0.0161111111111111,0.437753877260413,0.3234544170088236,2.9466631987088467,1.4256236269575235,0.3608405488399786,2882
PID,0.5677777777777778,0.9149208607903496,1.42428684641672,6.045321557618229,3.5421281319721727,0.1642811505606533,2883
GSCX,0.0969444444444444,0.6892238068782853,0.6191302025445634,4.5042315021475945,1.9745398332784867,0.2563074583180852,2883
PID,0.2663888888888889,0.8608528750122889,0.8871623576562533,5.686827655812253,2.390069437542139,0.2037967627055576,2884
GSCX,0.2508333333333333,0.7978613968349901,0.8367190933907778,5.253141970783508,2.34446558235376,0.2150446287013312,2884
PID,0.7372222222222222,0.9398611180047444,1.9925773882499729,6.21342977837848,4.206175215360657,0.1422184539884108,2885
GSCX,0.0,0.3792201115956248,0.270099128948607,2.5753415133358497,1.0311481924600994,0.4011448023085297,2885
PID,0.4641666666666666,0.8992858554175094,1.265154700932673,5.92996696672243,3.650524942342429,0.1731881560458001,2886
GSCX,0.0,0.5055902086389092,0.3651891278906076,3.4332347860117487,1.0831279275068737,0.3377430004052224,2886
PID,0.2597222222222222,0.846572233553923,0.8760802672136173,5.604719854576078,3.2626098523849016,0.201713224946688,2887
GSCX,0.0,0.3686811677127337,0.2602363282721097,2.454752425940479,1.0631129317074983,0.4100203415781316,2887
PID,0.3302777777777778,0.8472219475429997,1.0231797896210848,5.605935475875957,2.9083482216760643,0.1942462464664161,2888
GSCX,0.0063888888888888,0.3792873980730816,0.2696345420035706,2.568044194994571,1.3159111639447785,0.3951958378161825,2888
PID,0.3058333333333333,0.8402513832399782,0.9113590965119064,5.5364387459347055,2.400976500187286,0.2035701231241549,2889
GSCX,0.0,0.3884343130338235,0.2723582227935038,2.6124041730925542,0.9256260515189136,0.4000310307746475,2889
PID,0.6541666666666667,0.9296529491555788,1.661078302537122,6.141922082791057,3.9337906901539386,0.1533407371530713,2890
GSCX,0.0,0.3706108931034476,0.2638635905921129,2.49725314752975,1.1318453048487704,0.4053695428387843,2890
PID,0.2663888888888889,0.8376256985036128,0.8502034118574228,5.529527615636774,2.192608855200489,0.2093367570516726,2891
GSCX,0.1597222222222222,0.7985297821954415,0.7509196874868513,5.273678196281703,1.7768110245106472,0.2270623348180136,2891
PID,0.2852777777777778,0.8491993963318077,0.8979911930135831,5.608299257553115,2.643268290522113,0.2026217325893207,2892
GSCX,0.1566666666666666,0.5931975328257095,0.5751649015107089,4.027149824232708,2.427488076654519,0.2661635851408729,2892
PID,0.3005555555555556,0.8685707608417224,0.9150336488475288,5.745638169022766,2.3795417381441077,0.200221533938849,2893
GSCX,0.0041666666666666,0.3463967272344868,0.2516624084899436,2.350957314037272,1.245492932183386,0.4150810475465084,2893
PID,0.4958333333333333,0.9011226608944904,1.1928096321573047,5.945530019258074,3.133139232568117,0.176356226178516,2894
GSCX,0.2611111111111111,0.804033884923213,0.8641635180867805,5.328621914781662,3.001852086191461,0.208387768136991,2894
PID,0.3258333333333333,0.8503361117630968,0.8972847987128694,5.626531817201349,2.131322117349421,0.2032296172719632,2895
GSCX,0.0866666666666666,0.7270311262669942,0.6233996117906037,4.81118769752506,1.755680116947551,0.2503650601343259,2895
PID,0.445,0.8856819698105471,1.1607517043708564,5.833391928632151,3.1690064030522755,0.1804288239535907,2896
GSCX,0.0191666666666666,0.4618470767554467,0.3460482225844976,3.122724067833099,1.4960978326505312,0.3472058191934734,2896
PID,0.6261111111111111,0.9229128233814494,1.5563652075130274,6.099650754024262,3.827570264841985,0.1575396142213854,2897
GSCX,0.005,0.3965705486424586,0.2848189894567667,2.6559722638061096,1.2540000459135083,0.3880740297564394,2897
PID,0.2569444444444444,0.8554232866062927,0.8595558291874404,5.647153091488083,2.3554868164632503,0.2063319846314678,2898
GSCX,0.0,0.4201376169254545,0.2950161174938422,2.8441362143908053,1.1121937493835692,0.3784308662740107,2898
PID,0.3427777777777778,0.8687447060090377,1.0136044431904538,5.720595381018894,3.541834253660376,0.1895408954476266,2899
GSCX,0.0136111111111111,0.3972521566162829,0.2847667137330708,2.667326602667015,1.3396109942207357,0.384624911932037,2899
PID,0.2344444444444444,0.8523505452523591,0.8574588736375404,5.6432581616731134,2.192388393267061,0.2083579059106734,2900
GSCX,0.0,0.3453828157473966,0.246924986238849,2.3043757572623456,1.0510492319698657,0.4237831916178826,2900
PID,0.4358333333333333,0.8696936148144511,1.221329049185061,5.725833721834927,3.516718400557061,0.1786765470211443,2901
GSCX,0.1427777777777777,0.5624959879546586,0.5425711138853195,3.804025118747221,2.793362885129085,0.273273207850067,2901
PID,0.2452777777777778,0.8433135014939273,0.8724452432166718,5.552528945840198,2.236991666807247,0.2084947972620519,2902
GSCX,0.0,0.4866123342767749,0.3452558120878267,3.284715354656605,0.9927724623818108,0.3487309663854904,2902
PID,0.2444444444444444,0.836531832335861,0.8440043158894212,5.514427176163885,2.5834086125155498,0.2087967288925182,2903
GSCX,0.2269444444444444,0.7988711001314532,0.8300825456912325,5.259165301466395,2.307255188317573,0.2165859005845289,2903
PID,0.5205555555555555,0.9112411978625192,1.3767523659509622,6.029872459420126,3.605694954162847,0.1669956354760723,2904
GSCX,0.0,0.3373464846151609,0.2441372398556357,2.2611186780651646,0.9196666698976784,0.4306431136234208,2904
PID,0.2852777777777778,0.8658246809640383,0.9298491885317908,5.710129651488124,2.4507087833405574,0.2003862073986883,2905
GSCX,0.2113888888888888,0.7230939875863764,0.736706987106825,4.741444215711463,2.4741036457102843,0.2323659360458079,2905
PID,0.3458333333333333,0.8685507496195156,0.970212768470084,5.752442275959929,2.2078609183948665,0.1967646646234158,2906
GSCX,0.0,0.3562054234489105,0.2481060357655072,2.392611125421147,0.9145654605477256,0.4201026108171869,2906
PID,0.665,0.9283397786231702,1.678979968398082,6.132798327641064,3.871343904666176,0.1528894995767553,2907
GSCX,0.0158333333333333,0.467718431727146,0.3662659815070622,3.173984406441836,1.2953543655292656,0.3453591685903664,2907
PID,0.0397222222222222,0.7095507260979659,0.5329318070667997,4.747277983522359,1.6694139222213538,0.2626656039836509,2908
GSCX,0.0897222222222222,0.611948930309109,0.5598438031193388,4.159259606528471,3.1844252110717908,0.2618624123247903,2908
PID,0.6591666666666667,0.929403317207706,1.6668071778521414,6.135878424267224,3.5884798040067127,0.1541054996505961,2909
GSCX,0.1,0.6140516583961676,0.5365664280661071,4.129789663459779,2.234518568978764,0.2717306441952496,2909
PID,0.6566666666666666,0.9280469367405144,1.6268956075960028,6.127545777729567,3.82089838908904,0.1546306836710584,2910
GSCX,0.2777777777777778,0.8181943634065529,0.8629054485636872,5.385778074844379,2.109899773816637,0.2112659006085888,2910
PID,0.2725,0.8180415717449225,0.8313897949864498,5.397437896563126,2.033355362918655,0.2132990512674072,2911
GSCX,0.0119444444444444,0.487918068006773,0.3665788343260696,3.3070541262116846,1.5418865936496262,0.3358815966716355,2911
PID,0.2583333333333333,0.8475910220821992,0.8775006474671632,5.583639379110776,2.3007821787740554,0.2068095070449039,2912
GSCX,0.0083333333333333,0.3741357460504783,0.2720068662459296,2.5304620248101166,1.3560019251264022,0.3961519523991033,2912
PID,0.125,0.6568819365243842,0.5485211254547134,4.386975064409207,1.95659601917439,0.2635599690443235,2913
GSCX,0.0,0.3147108071002285,0.2258121778550549,2.123602275747478,1.123731583345985,0.4408934211584285,2913
PID,0.2961111111111111,0.8395967264636816,0.9068713141795682,5.536915737130516,3.2528371867288444,0.2000100383429989,2914
GSCX,0.0516666666666666,0.6174810543841602,0.5158580471546266,4.15182612297272,1.5376611241208022,0.2829146055428356,2914
PID,0.4194444444444444,0.8890781688807922,1.1794880823847156,5.897293835678047,3.0813449183901507,0.1801548369793752,2915
GSCX,0.0836111111111111,0.7010263451380505,0.6012105848215928,4.614555200783033,1.871137700121983,0.2564079254639458,2915
PID,0.6366666666666667,0.927721879629676,1.6101058224216651,6.128970648117123,4.111903827906869,0.1547071322790016,2916
GSCX,0.0994444444444444,0.6074654620693338,0.5367273135592778,4.112506878741118,2.2024548450847807,0.2727117081086274,2916
PID,0.2727777777777778,0.8133553919849886,0.8624482574703571,5.348360965567288,2.6117622150936324,0.2095198007011259,2917
GSCX,0.0,0.3481162534411167,0.248268958880073,2.328451800212948,1.019227637381457,0.4224732775103933,2917
PID,0.64,0.926046784512874,1.7038705364787894,6.116380355742741,4.3233340712738135,0.1517332829097601,2918
GSCX,0.0694444444444444,0.5490955163520098,0.4573570242576411,3.736558299549739,1.7755424730680007,0.2993572212136648,2918
PID,0.6958333333333333,0.9336893282179324,1.8177125300284644,6.167903259824654,4.259883918294929,0.1473746055848994,2919
GSCX,0.0136111111111111,0.4886506855968676,0.3536602043334191,3.2985931421134045,1.427171741701286,0.3391786991078682,2919
PID,0.5283333333333333,0.9096087701869968,1.3387213283654535,6.010926223889458,3.86726896902705,0.1672759079449523,2920
GSCX,0.0,0.3459479513792689,0.2482074943358111,2.341730210147713,1.128668094325178,0.4195069794399141,2920
PID,0.3022222222222222,0.8650399095433062,0.9202864956575956,5.710003489751646,2.20011680775696,0.2013563133702165,2921
GSCX,0.0,0.3852418956556984,0.2718479889769444,2.595589847148571,1.0190986764774237,0.3994982416183579,2921
PID,0.0,0.5847335457654164,0.356085943214096,3.920165536720287,1.12442961069276,0.3162741264027993,2922
GSCX,0.0025,0.3851138811701742,0.2770967839057389,2.5863084009292674,1.2129066814914335,0.3950438664151075,2922
PID,0.5988888888888889,0.921447196080035,1.5916067277444217,6.082484612615616,3.930703686885866,0.1571126075133381,2923
GSCX,0.0,0.3777636199275525,0.2718194759325372,2.5542646191257528,1.1846866801336218,0.399177682668474,2923
PID,0.5125,0.9027776828546878,1.2662120923531632,5.959875248231049,2.983354236967722,0.1737455798076764,2924
GSCX,0.0,0.3732912969846896,0.2650303363052714,2.5057134725634818,0.9611710866223558,0.4078545112223077,2924
PID,0.2347222222222222,0.8450936017990873,0.8437207735182761,5.56398550406044,2.424557130348595,0.2091416231830015,2925
GSCX,0.1272222222222222,0.6274995998455577,0.5752010155372724,4.285072403077498,2.1079483181199428,0.2635013272157388,2925
PID,0.2511111111111111,0.8496304560954689,0.8327308561571964,5.617503197323452,1.8797029148143884,0.2109197709934211,2926
GSCX,0.0030555555555555,0.362025876121529,0.263435569992083,2.445120283332278,1.2231497228379282,0.4067824641962693,2926
PID,0.2411111111111111,0.8377249803697078,0.8575189671700777,5.5277497322963365,2.983349085191414,0.2060125796195756,2927
GSCX,0.2222222222222222,0.7782231943721952,0.8165309695361349,5.128729712581339,2.3518174117926693,0.2198826602121554,2927
PID,0.2661111111111111,0.8478984129401675,0.8557291772754577,5.584069431836577,2.0244075134227937,0.2089287500332478,2928
GSCX,0.0016666666666666,0.3739608830524975,0.2696214132409444,2.526371848549659,1.205933284116831,0.4007253514050896,2928
PID,0.2527777777777777,0.8418046685189837,0.8716078949962376,5.557598872248126,2.874518855655255,0.2048987004654833,2929
GSCX,0.0172222222222222,0.4625483373184821,0.3691693038019687,3.15331309942283,1.34934477232384,0.3451803646252226,2929
PID,0.6841666666666667,0.934669786833218,1.799555385458225,6.177604734129108,4.090626184975732,0.1484270636248334,2930
GSCX,0.0038888888888888,0.344941836577806,0.2512538797128583,2.3390021624617727,1.240685380060128,0.4161421566705624,2930
PID,0.2736111111111111,0.8577398852480933,0.8733527747085454,5.660217524700569,2.059950537303922,0.2062471302999406,2931
GSCX,0.0183333333333333,0.4072186947092263,0.3042723263545231,2.746526007084158,1.451974108095849,0.3742791896888299,2931
PID,0.2597222222222222,0.8602706164490437,0.889587305382065,5.685185404897385,2.423241131762928,0.2038322973714839,2932
GSCX,0.0430555555555555,0.5664571536041587,0.4638622636653633,3.8503837796603,1.798116038249044,0.2965935038866791,2932
PID,0.2491666666666666,0.8577271781652157,0.8602175517940067,5.660865619674959,2.177693111018108,0.2072964475574754,2933
GSCX,0.0,0.4676621801871423,0.3444694088519983,3.1611729261687573,1.1765352049619122,0.3524901036462918,2933
PID,0.6583333333333333,0.9286625836657944,1.6540135001117051,6.132462377270993,3.6087829307479113,0.1544386725482503,2934
GSCX,0.1908333333333333,0.7252584314193674,0.7303435307636195,4.740652874300248,2.319849351967019,0.2348416777736064,2934
PID,0.5333333333333333,0.9046555817949916,1.313402083435167,5.970777935682499,3.4190742061100607,0.1699168411255234,2935
GSCX,0.0,0.3552685920060222,0.2515786592181277,2.3886905480777587,1.0275207102482615,0.4173707069481634,2935
PID,0.2677777777777778,0.8431926897333076,0.8838596086788704,5.55092305792708,2.210149383593342,0.2071465109612561,2936
GSCX,0.0,0.3277557601193185,0.2228540155014266,2.2059663957448223,0.8876655518864506,0.440288587114524,2936
PID,0.1333333333333333,0.779681454593913,0.6891176530654887,5.2510497931332925,2.35035116940158,0.2292458581383361,2937
GSCX,0.0,0.3803241038534687,0.2653590754970644,2.5592501783306925,0.9967596134140392,0.4034878220383569,2937
PID,0.6955555555555556,0.9352660990779884,1.8129532261339412,6.184827176636023,4.362909549501373,0.1470823457459984,2938
GSCX,0.1269444444444444,0.6274186280435581,0.5940340971892217,4.277689577703881,2.439936091522267,0.2595579612522177,2938
PID,0.3219444444444444,0.8719381665808357,0.94183070490771,5.760100650863932,2.474598972846654,0.1974989717963992,2939
GSCX,0.275,0.8254836585256182,0.8787402769556003,5.447071044598789,2.341390889266412,0.2083106047668172,2939
PID,0.2322222222222222,0.8303879265423971,0.8035042861393075,5.474861772581726,1.8905699766578123,0.2158511816944454,2940
GSCX,0.0808333333333333,0.6026730739905624,0.5182164502905574,4.0733556514115365,1.7017644372259186,0.2815346605602318,2940
PID,0.6502777777777777,0.9277285447479658,1.7308297972295268,6.135946260215626,4.475549480285507,0.1502332627873255,2941
GSCX,0.0616666666666666,0.618273283372281,0.5098479382765486,4.194802078576357,1.786209016637626,0.2790763988848481,2941
PID,0.6311111111111111,0.9261650082387216,1.625097353424119,6.131221452970582,3.9040501420580007,0.1550410197031144,2942
GSCX,0.0133333333333333,0.3522130146349371,0.2628797721575298,2.361005107684078,1.3298061596267414,0.4086761177808682,2942
PID,0.2755555555555555,0.8611910614067297,0.8977092492494533,5.685187808361454,2.177633948931564,0.204010707116607,2943
GSCX,0.0,0.3888525622634917,0.2802283957525501,2.607752751672328,1.015673219033785,0.3971675381067485,2943
PID,0.1958333333333333,0.8516873172896823,0.8326598057719162,5.614429646898794,2.423518549835288,0.210486832232663,2944
GSCX,0.0,0.4260509416854164,0.2943393180185906,2.863862338962508,0.9866927168821932,0.3793265342138562,2944
PID,0.25,0.8077035699836453,0.8437067712136341,5.312970747562222,2.4461390725062597,0.213009762748158,2945
GSCX,0.0091666666666666,0.4753623713615625,0.3495058199153079,3.210414160268075,1.3909183124451656,0.3450546929633462,2945
PID,0.7347222222222223,0.9418970167771544,1.931175357180316,6.224275565661574,3.9973276819652903,0.1440705348998667,2946
GSCX,0.0430555555555555,0.5338980210754047,0.4208725886113671,3.6342571703783935,1.5550764265625594,0.3120252639618603,2946
PID,0.6247222222222222,0.9223510952671397,1.7922325364172504,6.090416137200283,5.2788439481221,0.1475722245436391,2947
GSCX,0.0216666666666666,0.4078255889718808,0.3058525233314955,2.7530516844392707,1.5354262591077146,0.3718238991216286,2947
PID,0.2938888888888888,0.8626876352575599,0.9201185758416048,5.694116131972704,2.440947261688003,0.2007998631317347,2948
GSCX,0.0197222222222222,0.4385144504795144,0.334726404437031,2.976829096537944,1.3549483779708282,0.358456760046254,2948
PID,0.4083333333333333,0.8834074184278267,1.181822988932876,5.821945760975734,3.965026776647846,0.1779563292248805,2949
GSCX,0.0,0.4395301751064848,0.3038335781153602,2.9536409927799823,1.1076731049250086,0.3705486955867028,2949
PID,0.2594444444444444,0.8517816045081533,0.8755136504882436,5.614360787723228,2.256346679544632,0.2065433316060494,2950
GSCX,0.0,0.3639825963319544,0.2532714405976964,2.441079234901086,0.9660140273251075,0.4144751004730952,2950
PID,0.3091666666666666,0.8321500334259619,0.9090111702764144,5.485310008291999,2.6144151813265086,0.203370467144111,2951
GSCX,0.0075,0.4043146992635161,0.2909413695002387,2.7457835111539284,1.256003460807197,0.3815014865322081,2951
PID,0.2894444444444444,0.8605891060820634,0.8982952153992536,5.6826415639496695,2.2702801735488305,0.2029965354971556,2952
GSCX,0.0,0.3452917332833977,0.2503641812111373,2.328392268311928,0.9919456568155256,0.4228772083789296,2952
PID,0.3155555555555555,0.8431546741857124,0.9319331578359802,5.561056578160203,2.399459970338973,0.2018405178273417,2953
GSCX,0.0786111111111111,0.5869471556383516,0.4967221602571123,3.965225657809949,1.7410701631796892,0.2868708582614592,2953
PID,0.2494444444444444,0.85077522623327,0.8710094343274064,5.607479157137779,2.1841729307493845,0.2076790521313526,2954
GSCX,0.0608333333333333,0.5074811387787174,0.421299626360421,3.446560700389995,1.7935193541555856,0.3150451709369077,2954
PID,0.2519444444444444,0.8581560314488865,0.8903180138490924,5.6720279384116274,2.5627327080632143,0.2036576018467873,2955
GSCX,0.0086111111111111,0.4048670385581634,0.3021155239111815,2.7480002824114957,1.3761465472775545,0.3773490868442543,2955
PID,0.4627777777777778,0.8903213316194125,1.1852860553183286,5.892146881474128,2.8750138246865915,0.1793886043573671,2956
GSCX,0.02,0.4066471565995754,0.3104615599685927,2.7391802743130667,1.3562074147420928,0.3750998343850102,2956
PID,0.6358333333333334,0.9248131803406902,1.7023780547878704,6.115480520489083,4.425656595247462,0.1516044580639426,2957
GSCX,0.1177777777777777,0.5935204666273229,0.5547174738151094,4.0206033559183405,2.016772481770718,0.2744029958441379,2957
PID,0.2075,0.842029889623869,0.8143199666692024,5.565336818337446,1.929917149168291,0.2145175453282904,2958
GSCX,0.0,0.3351793257875552,0.2358015297484136,2.2418657483578155,1.0640944776650731,0.4305599892126374,2958
PID,0.2925,0.8567212567524001,0.8970288573786203,5.656821595207642,2.224036629451469,0.2036026154288213,2959
GSCX,0.2230555555555555,0.7948064795691893,0.8041846562019268,5.2378777970286645,2.6840280657280022,0.2164191968323153,2959
PID,0.3466666666666667,0.8451993810205929,1.0323701635101388,5.584016129699563,2.865502028257404,0.1937654247451297,2960
GSCX,0.0,0.4318719809305289,0.3162810729318437,2.9385790349755183,1.166157365600136,0.3689093366745199,2960
PID,0.2694444444444444,0.8623033554156241,0.8889686176081604,5.694165790047858,2.2814018272285725,0.2039953434747795,2961
GSCX,0.1011111111111111,0.6185701679031649,0.5526791249166063,4.196683603256359,2.561833642167428,0.2656978245409715,2961
PID,0.2202777777777777,0.8419827481538684,0.8408275779797211,5.573437717616768,2.64685547986755,0.2086634472109879,2962
GSCX,0.0011111111111111,0.3424357713559243,0.2472728373260933,2.2984066348005503,1.202271978277384,0.4208891867766294,2962
PID,0.48,0.8874674118380916,1.2672230696400877,5.847194748655511,3.3221892760976086,0.1748714427794889,2963
GSCX,0.0063888888888888,0.3734049053987317,0.2758906551463098,2.5208229362593078,1.2997082893468477,0.3974319790564882,2963
PID,0.5819444444444445,0.918471130604719,1.4670020723415642,6.064805736927873,3.6044018610487374,0.1622278697798916,2964
GSCX,0.1311111111111111,0.7432387298999062,0.675872749184675,4.884993378745991,1.832362408803738,0.2416241160088297,2964
PID,0.2730555555555555,0.8625718465290768,0.8688057141317235,5.698457546463724,2.0011270726718924,0.2061220490337582,2965
GSCX,0.27,0.8036383673126072,0.8703453911700878,5.302791439325909,2.8480428970162928,0.208909604079034,2965
PID,0.5527777777777778,0.9129990051672626,1.3092544705843323,6.0316895566147855,3.139414083297736,0.1697323646436911,2966
GSCX,0.2391666666666666,0.8090229102737148,0.8689832009287712,5.33714236881588,2.8750026214655957,0.2095509711187388,2966
PID,0.7397222222222222,0.9435893413699544,2.1043299127316213,6.2357279820095535,5.228527362505598,0.1371924959207369,2967
GSCX,0.2511111111111111,0.8155901610278089,0.8520471206480362,5.391475545450335,2.7270791599653688,0.209659233333481,2967
PID,0.3155555555555555,0.859078995412647,0.9393456173456805,5.66677519539471,2.2322358870745336,0.2005349909624532,2968
GSCX,0.0,0.3695859392714639,0.2619627756300198,2.50026102609754,1.124358737955938,0.4057639361897994,2968
PID,0.13,0.6545997730852012,0.5996371786203619,4.473249868232705,3.209680387374085,0.2478333236895591,2969
GSCX,0.0,0.4326164375939926,0.3118600482066819,2.946509862132329,1.1154908210348835,0.3699783577165349,2969
PID,0.6133333333333333,0.9192704705182716,1.6677609174164734,6.065210505629399,4.46633210733946,0.1533665745836765,2970
GSCX,0.1486111111111111,0.6871563603682846,0.6470314173728172,4.486053695609018,1.9685033028091925,0.2515150498104396,2970
PID,0.2930555555555555,0.8583950592135453,0.9038218409470358,5.662210723616794,2.3126643034793206,0.2027233519830665,2971
GSCX,0.0052777777777777,0.3999017076081751,0.2995686414269893,2.705333210291015,1.275561419758226,0.3824540710917212,2971
PID,0.2908333333333333,0.8475656815690614,0.9046888965379192,5.58816479347104,2.4571490277143746,0.2033300898974264,2972
GSCX,0.0808333333333333,0.6125003346477667,0.5596537904045016,4.1586343872296885,2.6300584177912434,0.2671506225551926,2972
PID,0.1077777777777777,0.7337484481277299,0.6194425646154301,4.927901345250082,2.3766026422670645,0.2421712577987392,2973
GSCX,0.1919444444444444,0.7776717023743779,0.766160934161181,5.14312814132187,2.2198569981029634,0.2246609706111297,2973
PID,0.6827777777777778,0.9332197667220536,1.7987548614324904,6.16554059969698,5.032006455505219,0.1461318104955563,2974
GSCX,0.0,0.3774070908874453,0.2728683842004447,2.52541760961519,1.1793510146643484,0.4007362810010274,2974
PID,0.3722222222222222,0.8726126493346207,1.0389109134595405,5.753458714601525,3.090971006082188,0.1889527993785244,2975
GSCX,0.2327777777777777,0.7966888467328258,0.8274955024573692,5.266217316944567,2.0159892977301954,0.2180251133925679,2975
PID,0.6216666666666667,0.9233269699593528,1.5407618669361214,6.09158753648399,3.856144231567557,0.1580579157760637,2976
GSCX,0.0,0.4176781376756718,0.3105361086961434,2.82780584911332,1.1481910004864273,0.3763558432692923,2976
PID,0.3841666666666666,0.873320042667772,1.0409818685869194,5.76410360367158,2.8694852134100466,0.1892500223432018,2977
GSCX,0.0,0.3713675207644329,0.2706678282936683,2.5116404881834056,1.1970566152009456,0.401998582560055,2977
PID,0.0861111111111111,0.5846702521422537,0.4534533312816416,3.9228209978328135,1.7726631270319435,0.2912294803208132,2978
GSCX,0.0,0.3459706130960812,0.242328401809289,2.3199661623397976,0.9997684246959812,0.4247712335444529,2978
PID,0.2622222222222222,0.8255702454035324,0.8647807443765411,5.439222133019713,2.497352488722594,0.2088381256834813,2979
GSCX,0.2808333333333333,0.8019829009835225,0.8561962897922702,5.274838179330028,2.069628946688113,0.2137624363352699,2979
PID,0.2569444444444444,0.8375112342627787,0.853037838633414,5.525903933541326,2.423921137131842,0.208459145569376,2980
GSCX,0.0041666666666666,0.5063257730654677,0.3588871952096789,3.420978112025097,1.2265230579372268,0.336551405854592,2980
PID,0.3786111111111111,0.8717018266819585,1.05978412413949,5.757038762002277,2.995856216792351,0.1882847077375487,2981
GSCX,0.0075,0.5596196117524086,0.4241752255896894,3.80948550880108,1.249200861434202,0.3116094198020544,2981
PID,0.0061111111111111,0.5842065265381204,0.3579496068611401,3.846885781639315,1.2927650757571154,0.3160266152395283,2982
GSCX,0.0,0.4639135405944599,0.3270510577179752,3.145828497583727,0.9624901411058372,0.3590592012588146,2982
PID,0.3569444444444444,0.8580600568215143,1.0258316507692633,5.686792342314491,3.166769672545899,0.1907713968080353,2983
GSCX,0.0083333333333333,0.4185362278642162,0.3124765216450925,2.803823681622505,1.3688433849954176,0.3723010540786914,2983
PID,0.6130555555555556,0.9241189819521856,1.630477880980273,6.1063742580921225,4.079849159122059,0.155056845906527,2984
GSCX,0.0,0.4265520645146247,0.3000370195869776,2.8883348034549425,1.1284683084460545,0.3747672888890668,2984
PID,0.2541666666666666,0.8629515248970431,0.9051863322990652,5.696927727502078,2.6100607956593262,0.202210900441151,2985
GSCX,0.0066666666666666,0.3689249257867933,0.2703977962706437,2.48624615036373,1.3064634957230448,0.4004673884874025,2985
PID,0.7238888888888889,0.940088819069882,1.87755676117322,6.209563941503412,4.122113895405094,0.1453437176091866,2986
GSCX,0.2041666666666666,0.7800792179522162,0.7750237372142033,5.122629276787854,2.1251199751685275,0.2244334870892716,2986
PID,0.7255555555555555,0.9388572348483728,1.9659631797211905,6.213829010155752,4.511367473070162,0.1423121876254564,2987
GSCX,0.0,0.4064403699482753,0.278635616929853,2.7277312350697964,0.9333288066882496,0.3912205822674566,2987
PID,0.7030555555555555,0.93721017516514,1.8002573639385129,6.190312567514543,3.840836429326764,0.1485311824549487,2988
GSCX,0.0,0.464680317325131,0.3334664428578057,3.140364026353316,1.0362736919170172,0.3572194702330958,2988
PID,0.3625,0.8647244997169676,1.0182970989509152,5.708084154832923,3.074196922339102,0.1908948531198873,2989
GSCX,0.1958333333333333,0.7254911636414502,0.7290428022744987,4.7416420928522784,2.1829666683881634,0.2355278625815203,2989
PID,0.6125,0.9186369154944548,1.6065817790054977,6.058354639879906,3.94844300499496,0.1565591099780665,2990
GSCX,0.2583333333333333,0.8155176320652546,0.8637679061924004,5.37083535478282,2.3774578743271912,0.2109460636537039,2990
PID,0.5425,0.9080548590515056,1.428235306511473,5.983701071760611,4.047364468554205,0.1638763270994223,2991
GSCX,0.0,0.352010506533613,0.2431932935955733,2.3754149303360808,1.0156894224713977,0.4203101767096605,2991
PID,0.2933333333333333,0.8588314664020711,0.9050173222041568,5.663752530796903,2.3885476211568037,0.2022545047540665,2992
GSCX,0.0127777777777777,0.3877222518681306,0.2854537959534723,2.616527181388096,1.4592613689628895,0.3857804647020127,2992
PID,0.1241666666666666,0.7991972060626843,0.7161593019680832,5.320609232287192,2.9829588639048383,0.2226304306252656,2993
GSCX,0.0,0.4679588031855672,0.3284749395941305,3.1514623890471816,1.1499893174279046,0.3555031687040594,2993
PID,0.2858333333333333,0.8316706012495904,0.8993996754422766,5.477011190363395,2.6901981622748026,0.2045323366463057,2994
GSCX,0.0052777777777777,0.396719301318369,0.2911063656154206,2.6605682501174472,1.2695970616405412,0.3864631241957943,2994
PID,0.3177777777777777,0.859538158000858,0.9451239282319404,5.668316269188178,2.682371705862469,0.1980197404626146,2995
GSCX,0.1636111111111111,0.7027274061473809,0.6844462368247514,4.587845305211636,1.936849566911946,0.2456461003965639,2995
PID,0.2430555555555555,0.8483916568132135,0.8346023552759196,5.607198777877325,2.2432504393777486,0.2094414524134123,2996
GSCX,0.0155555555555555,0.4195053522757895,0.3241727197530172,2.8428918481587777,1.2780829234036866,0.3690983408156614,2996
PID,0.5255555555555556,0.9094162543416244,1.4189952575664444,6.031161939116419,3.604048003269929,0.1655881334072553,2997
GSCX,0.2797222222222222,0.8278997415345574,0.9021540186260502,5.479074665042732,2.2725207708407598,0.2068241567792397,2997
PID,0.2816666666666667,0.865257550319206,0.9013364805290256,5.713215375841767,2.3488249889425967,0.2022659010252952,2998
GSCX,0.0,0.3834621919169446,0.2712074110522638,2.613410593263732,1.0739228119664377,0.397701194258077,2998
PID,0.2858333333333333,0.864889617796086,0.9074442337676076,5.706432120600325,2.1968943999035893,0.2026711699984344,2999
GSCX,0.0,0.3828102467840508,0.2664852182996744,2.561895193159764,0.9632623745648344,0.4036077440831684,2999
