controller,survival_rate,mean_peak_A,mean_min_temp,mean_max_density,mean_unsafe_time,mean_control_energy,mean_fusion_yield,mean_yield_per_energy
GSCX_V7,1.0,0.03145763104211457,0.9666543651865889,1.1393583119726463,0.0,0.29029672008723034,59.62407020213174,205.54679656730445
GSCX_V91,1.0,0.027041332357703195,0.9803445460643118,1.1331825975717376,0.0,0.1823351735191444,61.445366195626235,337.5483843328386
PID,0.0,1.5506820841506193,0.7887111676526714,1.1288784724065717,4.42008500000004,5.592484509939934,3.176829374362541,0.5752330795939663
