controller,survival_rate,mean_peak,median_peak,mean_unsafe_time,mean_energy,mean_productivity,mean_prod_per_energy
GSCX_V7,1.0,0.03161923511414708,0.0314559466299914,0.0,0.29255986858845373,59.11276066748386,202.20532349206704
GSCX_V9,1.0,0.07949430697313689,0.07915860887641468,0.0,1.0042875681610544,58.15701586854479,57.973045541835994
PID,0.0,1.500718616702064,1.5006010719738987,4.599672000000063,5.53898292910906,3.8361482896153825,0.6998419734290278
